XREF ID,DISPATCH UNIT,DISPATCH CREATED DATE,INCIDENT NUMBER,1ST UNIT ON SCENE,ALARM DATE TIME,CALL COMPLETE,SHIFT,DISPATCH CREATED DATE_dt,ALARM DATE TIME_dt,CaseID,units_count,cluster_best
2025107105,"BAT111, E171, LDR175",3/24/25 15:54,25-1368,BC-111,3/24/25 15:46,9/5/25 16:20,C,2025-03-24 15:54:00,2025-03-24 15:46:00,1,3,2
2025107223,BAT111,3/24/25 17:28,25-1369,BC-111,3/24/25 17:23,9/5/25 17:55,C,2025-03-24 17:28:00,2025-03-24 17:23:00,2,1,0
2025107415,E171,3/24/25 21:03,25-1370,E-171,3/24/25 21:02,9/4/25 21:09,C,2025-03-24 21:03:00,2025-03-24 21:02:00,3,1,0
2025107411,E171,3/24/25 21:03,25-1371,nan,3/24/25 20:58,9/4/25 21:02,C,2025-03-24 21:03:00,2025-03-24 20:58:00,4,1,0
2025107384,"BAT111, E171, LDR175",3/24/25 21:43,25-1374,BC-111,3/24/25 20:30,9/4/25 21:36,C,2025-03-24 21:43:00,2025-03-24 20:30:00,5,3,2
2025107616,"E171, LDR175",3/25/25 1:43,25-1375,L-175,3/25/25 1:38,9/5/25 2:48,C,2025-03-25 01:43:00,2025-03-25 01:38:00,6,2,0
2025107681,LDR175,3/25/25 4:48,25-1376,L-175,3/25/25 4:39,9/5/25 5:02,C,2025-03-25 04:48:00,2025-03-25 04:39:00,7,1,0
2025107683,LDR175,3/25/25 5:13,25-1377,L-175,3/25/25 5:06,9/5/25 5:20,C,2025-03-25 05:13:00,2025-03-25 05:06:00,8,1,0
2025107887,"E171, LDR175",3/25/25 9:58,25-1378,L-175,3/25/25 9:52,9/5/25 11:13,C,2025-03-25 09:58:00,2025-03-25 09:52:00,9,2,0
2025108058,E171,3/25/25 11:53,25-1379,E-171,3/25/25 11:51,9/5/25 12:10,C,2025-03-25 11:53:00,2025-03-25 11:51:00,10,1,0
2025108141,"E171, E172",3/25/25 12:48,25-1380,E-172,3/25/25 12:43,9/5/25 12:53,C,2025-03-25 12:48:00,2025-03-25 12:43:00,11,2,0
2025108639,LDR175,3/25/25 18:28,25-1381,nan,3/25/25 18:20,9/5/25 18:38,C,2025-03-25 18:28:00,2025-03-25 18:20:00,12,1,0
2025108668,E171,3/25/25 18:53,25-1382,E-171,3/25/25 18:45,9/5/25 19:03,C,2025-03-25 18:53:00,2025-03-25 18:45:00,13,1,0
2025108680,LDR175,3/25/25 18:58,25-1383,L-175,3/25/25 18:51,9/5/25 18:59,C,2025-03-25 18:58:00,2025-03-25 18:51:00,14,1,0
2025108712,E172,3/25/25 19:23,25-1384,E-172,3/25/25 19:17,9/5/25 19:34,C,2025-03-25 19:23:00,2025-03-25 19:17:00,15,1,0
2025108754,LDR175,3/25/25 19:53,25-1385,L-175,3/25/25 19:45,9/5/25 19:56,C,2025-03-25 19:53:00,2025-03-25 19:45:00,16,1,0
2025108846,LDR175,3/25/25 21:13,25-1386,L-175,3/25/25 21:09,9/4/25 21:35,C,2025-03-25 21:13:00,2025-03-25 21:09:00,17,1,0
2025109065,"BAT111, E172, LDR175",3/26/25 5:23,25-1387,E-171,3/26/25 4:33,9/5/25 5:02,C,2025-03-26 05:23:00,2025-03-26 04:33:00,18,3,2
2025109120,LDR175,3/26/25 6:47,25-1388,L-175,3/26/25 6:46,9/5/25 7:06,C,2025-03-26 06:47:00,2025-03-26 06:46:00,19,1,0
2025109319,LDR175,3/26/25 9:53,25-1390,nan,3/26/25 9:50,9/5/25 9:51,A,2025-03-26 09:53:00,2025-03-26 09:50:00,20,1,0
2025109314,LDR175,3/26/25 9:53,25-1389,L-175,3/26/25 9:50,9/5/25 10:13,A,2025-03-26 09:53:00,2025-03-26 09:50:00,21,1,0
2025109337,LDR175,3/26/25 10:03,25-1391,nan,3/26/25 10:00,9/5/25 10:00,A,2025-03-26 10:03:00,2025-03-26 10:00:00,22,1,0
2025109582,"BAT111, E171, LDR175",3/26/25 12:57,25-1392,nan,3/26/25 12:56,9/5/25 13:01,A,2025-03-26 12:57:00,2025-03-26 12:56:00,23,3,2
2025109597,E171,3/26/25 13:12,25-1393,E-171,3/26/25 13:09,9/5/25 13:19,A,2025-03-26 13:12:00,2025-03-26 13:09:00,24,1,0
2025109656,LDR175,3/26/25 14:02,25-1394,nan,3/26/25 13:57,9/5/25 14:07,A,2025-03-26 14:02:00,2025-03-26 13:57:00,25,1,0
2025109768,E171,3/26/25 15:08,25-1396,E-171,3/26/25 15:04,9/5/25 15:18,A,2025-03-26 15:08:00,2025-03-26 15:04:00,26,1,0
2025109780,LDR175,3/26/25 15:12,25-1397,L-175,3/26/25 15:10,9/5/25 15:25,A,2025-03-26 15:12:00,2025-03-26 15:10:00,27,1,0
2025109800,"BAT111, LDR175",3/26/25 15:22,25-1399,BC-111,3/26/25 15:19,9/5/25 15:31,A,2025-03-26 15:22:00,2025-03-26 15:19:00,28,2,0
2025109789,E171,3/26/25 15:23,25-1398,E-171,3/26/25 15:20,9/5/25 15:26,A,2025-03-26 15:23:00,2025-03-26 15:20:00,29,1,0
2025109877,"E171, LDR175",3/26/25 15:57,25-1400,nan,3/26/25 15:52,9/5/25 15:55,A,2025-03-26 15:57:00,2025-03-26 15:52:00,30,2,0
2025110087,LDR175,3/26/25 18:02,25-1401,nan,3/26/25 17:50,9/5/25 18:02,A,2025-03-26 18:02:00,2025-03-26 17:50:00,31,1,0
2025110135,LDR175,3/26/25 18:43,25-1402,L-175,3/26/25 18:40,9/5/25 18:52,A,2025-03-26 18:43:00,2025-03-26 18:40:00,32,1,0
2025110173,E171,3/26/25 19:17,25-1403,E-171,3/26/25 19:17,9/5/25 19:40,A,2025-03-26 19:17:00,2025-03-26 19:17:00,33,1,0
2025110480,LDR175,3/27/25 4:02,25-1404,L-175,3/27/25 4:01,9/5/25 4:27,A,2025-03-27 04:02:00,2025-03-27 04:01:00,34,1,0
2025110520,LDR175,3/27/25 6:12,25-1405,L-175,3/27/25 6:10,9/5/25 6:35,A,2025-03-27 06:12:00,2025-03-27 06:10:00,35,1,0
2025110528,LDR175,3/27/25 6:43,25-1406,L-175,3/27/25 6:41,9/5/25 6:41,A,2025-03-27 06:43:00,2025-03-27 06:41:00,36,1,0
2025110674,LDR175,3/27/25 9:08,25-1408,nan,3/27/25 9:07,9/5/25 9:08,A,2025-03-27 09:08:00,2025-03-27 09:07:00,37,1,0
2025110893,C102,3/27/25 11:18,25-1411,C-102,3/27/25 11:17,9/5/25 11:45,nan,2025-03-27 11:18:00,2025-03-27 11:17:00,38,1,0
2025111109,E172,3/27/25 13:57,25-1413,E-172,3/27/25 13:55,9/5/25 14:08,A,2025-03-27 13:57:00,2025-03-27 13:55:00,39,1,0
2025111193,"E171, E172",3/27/25 14:57,25-1415,E-171,3/27/25 14:53,9/5/25 15:03,A,2025-03-27 14:57:00,2025-03-27 14:53:00,40,2,0
2025111221,E172,3/27/25 15:08,25-1416,E-172,3/27/25 15:02,9/5/25 15:28,A,2025-03-27 15:08:00,2025-03-27 15:02:00,41,1,0
2025111240,E171,3/27/25 15:22,25-1417,E-171,3/27/25 15:13,9/5/25 15:26,A,2025-03-27 15:22:00,2025-03-27 15:13:00,42,1,0
2025111271,"BAT111, E171, E172, LDR175",3/27/25 15:38,25-1418,BC-111,3/27/25 15:33,9/5/25 17:27,A,2025-03-27 15:38:00,2025-03-27 15:33:00,43,4,2
2025111279,E172,3/27/25 15:38,25-1419,nan,3/27/25 15:37,9/5/25 15:38,A,2025-03-27 15:38:00,2025-03-27 15:37:00,44,1,0
2025111425,"BAT111, LDR175",3/27/25 17:08,25-1420,BC-111,3/27/25 17:02,9/5/25 17:11,A,2025-03-27 17:08:00,2025-03-27 17:02:00,45,2,0
2025111522,LDR175,3/27/25 18:42,25-1421,nan,3/27/25 18:39,9/5/25 18:43,A,2025-03-27 18:42:00,2025-03-27 18:39:00,46,1,0
2025111598,E171,3/27/25 19:52,25-1422,E-171,3/27/25 19:47,9/4/25 20:27,A,2025-03-27 19:52:00,2025-03-27 19:47:00,47,1,0
2025111611,LDR175,3/27/25 20:02,25-1423,L-175,3/27/25 20:02,9/4/25 20:31,A,2025-03-27 20:02:00,2025-03-27 20:02:00,48,1,0
2025111648,LDR175,3/27/25 20:47,25-1424,L-175,3/27/25 20:44,9/4/25 21:00,A,2025-03-27 20:47:00,2025-03-27 20:44:00,49,1,0
2025111925,E172,3/28/25 7:12,25-1425,E-172,3/28/25 7:07,9/5/25 7:23,B,2025-03-28 07:12:00,2025-03-28 07:07:00,50,1,0
2025111949,LDR175,3/28/25 7:47,25-1427,L-175,3/28/25 7:45,9/5/25 7:45,nan,2025-03-28 07:47:00,2025-03-28 07:45:00,51,1,0
2025111947,E171,3/28/25 7:48,25-1426,L-175,3/28/25 7:43,9/5/25 7:54,B,2025-03-28 07:48:00,2025-03-28 07:43:00,52,1,0
2025112391,LDR175,3/28/25 13:42,25-1432,L-175,3/28/25 13:22,9/5/25 14:03,B,2025-03-28 13:42:00,2025-03-28 13:22:00,53,1,0
2025112462,LDR175,3/28/25 14:43,25-1434,L-175,3/28/25 14:36,9/5/25 14:54,B,2025-03-28 14:43:00,2025-03-28 14:36:00,54,1,0
2025112514,LDR175,3/28/25 15:12,25-1435,L-175,3/28/25 15:10,9/5/25 15:25,B,2025-03-28 15:12:00,2025-03-28 15:10:00,55,1,0
2025112563,E171,3/28/25 15:47,25-1436,E-171,3/28/25 15:44,9/5/25 16:02,B,2025-03-28 15:47:00,2025-03-28 15:44:00,56,1,0
2025112715,LDR175,3/28/25 17:18,25-1437,L-175,3/28/25 17:17,9/5/25 19:45,B,2025-03-28 17:18:00,2025-03-28 17:17:00,57,1,0
2025112798,"BAT111, LDR175",3/28/25 18:07,25-1438,nan,3/28/25 18:07,9/5/25 18:14,B,2025-03-28 18:07:00,2025-03-28 18:07:00,58,2,0
2025112909,LDR175,3/28/25 19:48,25-1439,L-175,3/28/25 19:43,9/4/25 20:00,B,2025-03-28 19:48:00,2025-03-28 19:43:00,59,1,0
2025113186,E171,3/28/25 23:33,25-1441,E-171,3/28/25 23:26,9/4/25 23:39,B,2025-03-28 23:33:00,2025-03-28 23:26:00,60,1,0
2025113314,E171,3/29/25 2:08,25-1442,E-171,3/29/25 2:02,9/5/25 2:19,B,2025-03-29 02:08:00,2025-03-29 02:02:00,61,1,0
2025113339,E171,3/29/25 2:58,25-1443,E-171,3/29/25 2:49,9/5/25 3:30,B,2025-03-29 02:58:00,2025-03-29 02:49:00,62,1,0
2025113411,"BAT111, LDR175",3/29/25 6:52,25-1444,L-175,3/29/25 6:48,9/5/25 6:59,B,2025-03-29 06:52:00,2025-03-29 06:48:00,63,2,0
2025113679,E172,3/29/25 11:53,25-1449,E-172,3/29/25 11:49,9/5/25 11:59,B,2025-03-29 11:53:00,2025-03-29 11:49:00,64,1,0
2025113815,LDR175,3/29/25 14:28,25-1452,L-175,3/29/25 14:20,9/5/25 14:29,B,2025-03-29 14:28:00,2025-03-29 14:20:00,65,1,0
2025114069,E171,3/29/25 18:38,25-1453,E-171,3/29/25 18:28,9/5/25 19:02,B,2025-03-29 18:38:00,2025-03-29 18:28:00,66,1,0
2025114155,LDR175,3/29/25 20:08,25-1454,L-175,3/29/25 20:03,9/4/25 20:06,B,2025-03-29 20:08:00,2025-03-29 20:03:00,67,1,0
2025114172,LDR175,3/29/25 20:22,25-1455,L-175,3/29/25 20:19,9/4/25 20:35,B,2025-03-29 20:22:00,2025-03-29 20:19:00,68,1,0
2025114213,LDR175,3/29/25 21:02,25-1456,L-175,3/29/25 21:00,9/4/25 21:15,B,2025-03-29 21:02:00,2025-03-29 21:00:00,69,1,0
2025114280,"BAT111, LDR175",3/29/25 22:02,25-1457,nan,3/29/25 21:56,9/5/25 10:47,nan,2025-03-29 22:02:00,2025-03-29 21:56:00,70,2,0
2025114301,E171,3/29/25 22:18,25-1458,E-171,3/29/25 22:14,9/4/25 22:31,B,2025-03-29 22:18:00,2025-03-29 22:14:00,71,1,0
2025114451,LDR175,3/30/25 1:17,25-1459,L-175,3/30/25 1:17,9/5/25 1:28,B,2025-03-30 01:17:00,2025-03-30 01:17:00,72,1,0
2025114571,"BAT111, E171, LDR175",3/30/25 6:02,25-1460,L-175,3/30/25 6:00,9/5/25 6:13,B,2025-03-30 06:02:00,2025-03-30 06:00:00,73,3,2
2025114591,"BAT111, C108, E171, E172",3/30/25 7:42,25-1461,BC-111,3/30/25 7:39,9/5/25 8:05,C,2025-03-30 07:42:00,2025-03-30 07:39:00,74,4,2
2025114826,E171,3/30/25 12:42,25-1463,E-171,3/30/25 12:42,9/5/25 12:45,C,2025-03-30 12:42:00,2025-03-30 12:42:00,75,1,0
2025115055,BAT111,3/30/25 16:43,25-1464,nan,3/30/25 16:40,9/5/25 16:50,C,2025-03-30 16:43:00,2025-03-30 16:40:00,76,1,0
2025115174,E171,3/30/25 18:47,25-1465,E-171,3/30/25 18:41,9/5/25 19:01,C,2025-03-30 18:47:00,2025-03-30 18:41:00,77,1,0
2025115208,LDR175,3/30/25 19:13,25-1466,nan,3/30/25 19:06,9/5/25 19:10,C,2025-03-30 19:13:00,2025-03-30 19:06:00,78,1,0
2025115284,LDR175,3/30/25 20:33,25-1467,L-175,3/30/25 20:27,9/4/25 20:57,C,2025-03-30 20:33:00,2025-03-30 20:27:00,79,1,0
2025115331,LDR175,3/30/25 21:42,25-1468,L-175,3/30/25 21:38,9/4/25 21:58,C,2025-03-30 21:42:00,2025-03-30 21:38:00,80,1,0
2025115424,"E171, LDR175",3/31/25 1:07,25-1469,L-175,3/31/25 1:04,9/5/25 1:12,C,2025-03-31 01:07:00,2025-03-31 01:04:00,81,2,0
2025115548,LDR175,3/31/25 3:52,25-1470,nan,3/31/25 3:45,9/5/25 3:58,C,2025-03-31 03:52:00,2025-03-31 03:45:00,82,1,0
2025115710,"E171, E172",3/31/25 8:33,25-1472,E-171,3/31/25 8:30,9/5/25 8:40,C,2025-03-31 08:33:00,2025-03-31 08:30:00,83,2,0
2025116125,LDR175,3/31/25 12:57,25-1473,L-175,3/31/25 12:52,9/5/25 13:09,C,2025-03-31 12:57:00,2025-03-31 12:52:00,84,1,0
2025116212,LDR175,3/31/25 14:02,25-1474,L-175,3/31/25 13:58,9/5/25 14:45,C,2025-03-31 14:02:00,2025-03-31 13:58:00,85,1,0
2025116309,"E171, E172",3/31/25 15:08,25-1475,E-171,3/31/25 15:04,9/5/25 15:26,C,2025-03-31 15:08:00,2025-03-31 15:04:00,86,2,0
2025116401,LDR175,3/31/25 15:47,25-1476,L-175,3/31/25 15:46,9/5/25 15:55,C,2025-03-31 15:47:00,2025-03-31 15:46:00,87,1,0
2025116404,"E171, E172",3/31/25 15:48,25-1477,E-171,3/31/25 15:47,9/5/25 16:17,C,2025-03-31 15:48:00,2025-03-31 15:47:00,88,2,0
2025116430,E172,3/31/25 16:03,25-1478,nan,3/31/25 15:43,9/5/25 15:48,C,2025-03-31 16:03:00,2025-03-31 15:43:00,89,1,0
2025116448,LDR175,3/31/25 16:12,25-1479,L-175,3/31/25 16:12,9/5/25 16:47,C,2025-03-31 16:12:00,2025-03-31 16:12:00,90,1,0
2025116510,E171,3/31/25 16:43,25-1480,E-171,3/31/25 16:41,9/5/25 17:32,C,2025-03-31 16:43:00,2025-03-31 16:41:00,91,1,0
2025116539,"E172, LDR175",3/31/25 17:08,25-1481,nan,3/31/25 17:02,9/5/25 17:14,C,2025-03-31 17:08:00,2025-03-31 17:02:00,92,2,0
2025116674,LDR175,3/31/25 19:23,25-1482,L-175,3/31/25 19:18,9/5/25 19:39,C,2025-03-31 19:23:00,2025-03-31 19:18:00,93,1,0
2025116718,BAT111,3/31/25 20:07,25-1483,nan,3/31/25 20:06,9/4/25 20:17,C,2025-03-31 20:07:00,2025-03-31 20:06:00,94,1,0
2025116886,E171,4/1/25 0:02,25-1484,E-171,3/31/25 23:55,9/5/25 0:05,C,2025-04-01 00:02:00,2025-03-31 23:55:00,95,1,0
2025116945,E171,4/1/25 3:23,25-1485,E-171,4/1/25 3:17,9/5/25 3:29,C,2025-04-01 03:23:00,2025-04-01 03:17:00,96,1,0
2025116994,E171,4/1/25 6:27,25-1486,E-171,4/1/25 6:24,9/5/25 6:43,C,2025-04-01 06:27:00,2025-04-01 06:24:00,97,1,0
2025117035,E172,4/1/25 7:37,25-1487,E-172,4/1/25 7:33,9/5/25 8:06,C,2025-04-01 07:37:00,2025-04-01 07:33:00,98,1,0
2025117165,"E171, LDR175",4/1/25 9:38,25-1489,L-175,4/1/25 9:31,9/5/25 9:49,A,2025-04-01 09:38:00,2025-04-01 09:31:00,99,2,0
2025117242,"E171, E172",4/1/25 10:38,25-1490,E-172,4/1/25 10:35,9/5/25 10:46,A,2025-04-01 10:38:00,2025-04-01 10:35:00,100,2,0
2025117278,LDR175,4/1/25 11:02,25-1491,L-175,4/1/25 11:01,9/5/25 11:25,A,2025-04-01 11:02:00,2025-04-01 11:01:00,101,1,0
2025117327,E172,4/1/25 11:23,25-1492,E-172,4/1/25 11:19,9/5/25 11:32,A,2025-04-01 11:23:00,2025-04-01 11:19:00,102,1,0
2025117375,E172,4/1/25 11:53,25-1493,nan,4/1/25 11:50,9/5/25 11:52,A,2025-04-01 11:53:00,2025-04-01 11:50:00,103,1,0
2025117427,E172,4/1/25 12:28,25-1494,E-172,4/1/25 12:24,9/5/25 12:46,A,2025-04-01 12:28:00,2025-04-01 12:24:00,104,1,0
2025117564,E171,4/1/25 13:52,25-1495,E-171,4/1/25 13:48,9/5/25 14:10,A,2025-04-01 13:52:00,2025-04-01 13:48:00,105,1,0
2025117633,LDR175,4/1/25 14:28,25-1496,nan,4/1/25 14:24,9/5/25 14:31,A,2025-04-01 14:28:00,2025-04-01 14:24:00,106,1,0
2025117664,LDR175,4/1/25 14:48,25-1497,L-175,4/1/25 14:44,9/5/25 14:58,A,2025-04-01 14:48:00,2025-04-01 14:44:00,107,1,0
2025117683,E172,4/1/25 14:58,25-1499,E-172,4/1/25 14:53,9/5/25 15:14,A,2025-04-01 14:58:00,2025-04-01 14:53:00,108,1,0
2025117684,E171,4/1/25 14:58,25-1498,E-171,4/1/25 14:51,9/5/25 14:59,A,2025-04-01 14:58:00,2025-04-01 14:51:00,109,1,0
2025117967,E172,4/1/25 18:07,25-1500,E-172,4/1/25 18:02,9/5/25 18:09,A,2025-04-01 18:07:00,2025-04-01 18:02:00,110,1,0
2025118019,E172,4/1/25 18:33,25-1501,E-172,4/1/25 18:28,9/5/25 18:48,A,2025-04-01 18:33:00,2025-04-01 18:28:00,111,1,0
2025118105,E171,4/1/25 19:53,25-1502,E-171,4/1/25 19:51,9/5/25 19:58,A,2025-04-01 19:53:00,2025-04-01 19:51:00,112,1,0
2025118136,E171,4/1/25 20:22,25-1504,E-171,4/1/25 20:16,9/4/25 20:32,A,2025-04-01 20:22:00,2025-04-01 20:16:00,113,1,0
2025118128,LDR175,4/1/25 20:22,25-1503,L-175,4/1/25 20:14,9/4/25 20:45,A,2025-04-01 20:22:00,2025-04-01 20:14:00,114,1,0
2025118367,E171,4/2/25 1:23,25-1505,E-171,4/2/25 1:20,9/5/25 1:39,A,2025-04-02 01:23:00,2025-04-02 01:20:00,115,1,0
2025118433,E171,4/2/25 5:03,25-1506,E-171,4/2/25 5:00,9/5/25 5:31,A,2025-04-02 05:03:00,2025-04-02 05:00:00,116,1,0
2025118554,LDR175,4/2/25 8:08,25-1507,L-175,4/2/25 8:02,9/5/25 8:27,A,2025-04-02 08:08:00,2025-04-02 08:02:00,117,1,0
2025118614,"E171, LDR175",4/2/25 9:02,25-1508,L-175,4/2/25 8:58,9/5/25 9:13,A,2025-04-02 09:02:00,2025-04-02 08:58:00,118,2,0
2025118695,E171,4/2/25 10:13,25-1509,nan,4/2/25 10:10,9/5/25 10:23,A,2025-04-02 10:13:00,2025-04-02 10:10:00,119,1,0
2025118726,E172,4/2/25 10:38,25-1510,E-172,4/2/25 10:33,9/5/25 10:55,A,2025-04-02 10:38:00,2025-04-02 10:33:00,120,1,0
2025118766,"BAT111, E172, LDR175",4/2/25 11:02,25-1511,BC-111,4/2/25 10:57,9/5/25 11:09,A,2025-04-02 11:02:00,2025-04-02 10:57:00,121,3,2
2025118827,LDR175,4/2/25 11:33,25-1512,L-175,4/2/25 11:28,9/5/25 11:44,A,2025-04-02 11:33:00,2025-04-02 11:28:00,122,1,0
2025118874,E172,4/2/25 12:08,25-1513,E-172,4/2/25 12:04,9/5/25 12:26,A,2025-04-02 12:08:00,2025-04-02 12:04:00,123,1,0
2025119059,E171,4/2/25 13:52,25-1514,E-171,4/2/25 13:50,9/5/25 14:13,A,2025-04-02 13:52:00,2025-04-02 13:50:00,124,1,0
2025119344,"BAT111, E171, E172",4/2/25 17:03,25-1515,BC-111,4/2/25 16:59,9/5/25 17:04,A,2025-04-02 17:03:00,2025-04-02 16:59:00,125,3,2
2025119551,"BAT111, E171, LDR175",4/2/25 20:17,25-1516,E-171,4/2/25 20:14,9/4/25 20:25,A,2025-04-02 20:17:00,2025-04-02 20:14:00,126,3,2
2025119921,E171,4/3/25 7:03,25-1517,E-171,4/3/25 6:57,9/5/25 7:15,B,2025-04-03 07:03:00,2025-04-03 06:57:00,127,1,0
2025120146,"E171, LDR175",4/3/25 10:08,25-1518,E-171,4/3/25 10:00,9/5/25 10:18,B,2025-04-03 10:08:00,2025-04-03 10:00:00,128,2,0
2025120263,E172,4/3/25 11:13,25-1519,nan,4/3/25 11:08,9/5/25 11:11,B,2025-04-03 11:13:00,2025-04-03 11:08:00,129,1,0
2025120272,LDR175,4/3/25 11:18,25-1520,L-175,4/3/25 11:14,9/5/25 11:39,B,2025-04-03 11:18:00,2025-04-03 11:14:00,130,1,0
2025120330,BAT111,4/3/25 11:58,25-1521,nan,4/3/25 11:52,9/5/25 11:54,B,2025-04-03 11:58:00,2025-04-03 11:52:00,131,1,0
2025120367,E171,4/3/25 13:16,25-1522,E-171,4/3/25 12:17,9/5/25 12:26,B,2025-04-03 13:16:00,2025-04-03 12:17:00,132,1,0
2025120498,E172,4/3/25 13:43,25-1523,E-172,4/3/25 13:42,9/5/25 14:08,B,2025-04-03 13:43:00,2025-04-03 13:42:00,133,1,0
2025120662,E171,4/3/25 15:18,25-1524,E-171,4/3/25 15:12,9/5/25 15:26,B,2025-04-03 15:18:00,2025-04-03 15:12:00,134,1,0
2025120795,LDR175,4/3/25 16:57,25-1526,L-175,4/3/25 16:54,9/5/25 17:10,B,2025-04-03 16:57:00,2025-04-03 16:54:00,135,1,0
2025121033,E171,4/3/25 19:53,25-1527,E-171,4/3/25 19:52,9/4/25 20:09,B,2025-04-03 19:53:00,2025-04-03 19:52:00,136,1,0
2025121038,LDR175,4/3/25 20:03,25-1528,L-175,4/3/25 19:56,9/4/25 20:14,B,2025-04-03 20:03:00,2025-04-03 19:56:00,137,1,0
2025121149,E172,4/3/25 21:22,25-1530,E-172,4/3/25 21:18,9/4/25 21:58,B,2025-04-03 21:22:00,2025-04-03 21:18:00,138,1,0
2025121148,LDR175,4/3/25 21:28,25-1529,L-175,4/3/25 21:21,9/4/25 21:38,B,2025-04-03 21:28:00,2025-04-03 21:21:00,139,1,0
2025121160,"BAT111, E171",4/3/25 21:33,25-1531,E-171,4/3/25 21:28,9/4/25 21:53,B,2025-04-03 21:33:00,2025-04-03 21:28:00,140,2,0
2025121368,LDR175,4/4/25 1:44,25-1532,nan,4/4/25 1:36,9/5/25 1:43,B,2025-04-04 01:44:00,2025-04-04 01:36:00,141,1,0
2025121456,LDR175,4/4/25 5:38,25-1533,nan,4/4/25 5:24,9/5/25 5:33,B,2025-04-04 05:38:00,2025-04-04 05:24:00,142,1,0
2025121573,"BAT111, LDR175",4/4/25 8:49,25-1534,L-175,4/4/25 8:45,9/5/25 9:02,B,2025-04-04 08:49:00,2025-04-04 08:45:00,143,2,0
2025121657,LDR175,4/4/25 9:39,25-1536,nan,4/4/25 9:34,9/5/25 9:38,B,2025-04-04 09:39:00,2025-04-04 09:34:00,144,1,0
2025121655,"BAT111, LDR175",4/4/25 9:44,25-1535,L-175,4/4/25 9:36,9/5/25 9:50,B,2025-04-04 09:44:00,2025-04-04 09:36:00,145,2,0
2025121689,E172,4/4/25 10:04,25-1537,E-172,4/4/25 9:58,9/5/25 10:14,B,2025-04-04 10:04:00,2025-04-04 09:58:00,146,1,0
2025121704,LDR175,4/4/25 10:14,25-1538,L-175,4/4/25 10:09,9/5/25 10:23,B,2025-04-04 10:14:00,2025-04-04 10:09:00,147,1,0
2025121779,"BAT111, LDR175",4/4/25 11:04,25-1539,L-175,4/4/25 11:01,9/5/25 12:28,B,2025-04-04 11:04:00,2025-04-04 11:01:00,148,2,0
2025121859,E172,4/4/25 12:04,25-1540,E-172,4/4/25 12:00,9/5/25 12:19,B,2025-04-04 12:04:00,2025-04-04 12:00:00,149,1,0
2025121914,E172,4/4/25 12:38,25-1541,nan,4/4/25 12:33,9/5/25 12:48,B,2025-04-04 12:38:00,2025-04-04 12:33:00,150,1,0
2025121934,E172,4/4/25 12:53,25-1542,nan,4/4/25 12:50,9/5/25 12:52,B,2025-04-04 12:53:00,2025-04-04 12:50:00,151,1,0
2025122112,LDR175,4/4/25 14:49,25-1543,nan,4/4/25 14:43,9/5/25 14:48,B,2025-04-04 14:49:00,2025-04-04 14:43:00,152,1,0
2025122206,E171,4/4/25 15:39,25-1544,nan,4/4/25 15:29,9/5/25 15:32,B,2025-04-04 15:39:00,2025-04-04 15:29:00,153,1,0
2025122248,"BAT111, E171, E172, LDR175",4/4/25 15:59,25-1545,L-175,4/4/25 15:54,9/5/25 16:20,B,2025-04-04 15:59:00,2025-04-04 15:54:00,154,4,2
2025122288,"E171, LDR175",4/4/25 16:28,25-1546,L-175,4/4/25 16:24,9/5/25 16:31,B,2025-04-04 16:28:00,2025-04-04 16:24:00,155,2,0
2025122541,E172,4/4/25 19:44,25-1547,E-172,4/4/25 19:41,9/4/25 20:09,B,2025-04-04 19:44:00,2025-04-04 19:41:00,156,1,0
2025122682,"BAT111, E171, LDR175",4/4/25 22:04,25-1548,L-175,4/4/25 22:00,9/4/25 22:15,B,2025-04-04 22:04:00,2025-04-04 22:00:00,157,3,2
2025122697,"BAT111, E171, E172, LDR175",4/4/25 22:18,25-1549,L-175,4/4/25 22:11,9/4/25 22:24,B,2025-04-04 22:18:00,2025-04-04 22:11:00,158,4,2
2025122737,"BAT111, E171, LDR175",4/4/25 22:53,25-1550,L-175,4/4/25 22:48,9/4/25 23:00,B,2025-04-04 22:53:00,2025-04-04 22:48:00,159,3,2
2025122890,"E171, LDR175",4/5/25 2:44,25-1551,L-175,4/5/25 2:40,9/5/25 3:03,B,2025-04-05 02:44:00,2025-04-05 02:40:00,160,2,0
2025123208,E171,4/5/25 12:44,25-1552,nan,4/5/25 12:38,9/5/25 12:46,C,2025-04-05 12:44:00,2025-04-05 12:38:00,161,1,0
2025123225,E172,4/5/25 12:53,25-1553,nan,4/5/25 12:51,9/5/25 12:56,C,2025-04-05 12:53:00,2025-04-05 12:51:00,162,1,0
2025123229,E172,4/5/25 12:58,25-1555,E-172,4/5/25 12:54,9/5/25 13:30,C,2025-04-05 12:58:00,2025-04-05 12:54:00,163,1,0
2025123227,E171,4/5/25 12:59,25-1554,E-171,4/5/25 12:54,9/5/25 13:11,C,2025-04-05 12:59:00,2025-04-05 12:54:00,164,1,0
2025123331,"BAT111, E171, LDR175",4/5/25 14:39,25-1556,nan,4/5/25 14:34,9/5/25 14:42,C,2025-04-05 14:39:00,2025-04-05 14:34:00,165,3,2
2025123474,E171,4/5/25 17:13,25-1557,E-171,4/5/25 17:06,9/5/25 17:27,C,2025-04-05 17:13:00,2025-04-05 17:06:00,166,1,0
2025123557,E171,4/5/25 18:59,25-1558,E-171,4/5/25 18:50,9/5/25 19:08,C,2025-04-05 18:59:00,2025-04-05 18:50:00,167,1,0
2025123590,LDR175,4/5/25 19:39,25-1559,L-175,4/5/25 19:33,9/5/25 19:46,C,2025-04-05 19:39:00,2025-04-05 19:33:00,168,1,0
2025123610,"BAT111, E171, LDR175",4/5/25 19:49,25-1560,nan,4/5/25 19:43,9/5/25 19:53,C,2025-04-05 19:49:00,2025-04-05 19:43:00,169,3,2
2025123621,BAT111,4/5/25 19:58,25-1561,nan,4/5/25 19:56,9/4/25 20:10,C,2025-04-05 19:58:00,2025-04-05 19:56:00,170,1,0
2025123624,LDR175,4/5/25 20:04,25-1562,L-175,4/5/25 19:57,9/4/25 20:03,C,2025-04-05 20:04:00,2025-04-05 19:57:00,171,1,0
2025123740,"E171, E172",4/5/25 21:54,25-1563,nan,4/5/25 21:47,9/4/25 21:49,C,2025-04-05 21:54:00,2025-04-05 21:47:00,172,2,0
2025123750,E171,4/5/25 22:08,25-1564,E-171,4/5/25 22:01,9/4/25 22:11,C,2025-04-05 22:08:00,2025-04-05 22:01:00,173,1,0
2025123940,LDR175,4/6/25 1:38,25-1565,nan,4/6/25 1:28,9/5/25 1:40,C,2025-04-06 01:38:00,2025-04-06 01:28:00,174,1,0
2025123944,E171,4/6/25 1:44,25-1566,nan,4/6/25 1:40,9/5/25 1:45,C,2025-04-06 01:44:00,2025-04-06 01:40:00,175,1,0
2025123945,"BAT111, E171, E172, LDR175",4/6/25 1:49,25-1567,E-172,4/6/25 1:41,9/5/25 2:18,C,2025-04-06 01:49:00,2025-04-06 01:41:00,176,4,2
2025123959,LDR175,4/6/25 1:59,25-1568,L-175,4/6/25 1:56,9/5/25 2:20,C,2025-04-06 01:59:00,2025-04-06 01:56:00,177,1,0
2025123989,LDR175,4/6/25 2:43,25-1569,L-175,4/6/25 2:39,9/5/25 2:47,C,2025-04-06 02:43:00,2025-04-06 02:39:00,178,1,0
2025123995,LDR175,4/6/25 2:53,25-1570,nan,4/6/25 2:48,9/5/25 2:50,C,2025-04-06 02:53:00,2025-04-06 02:48:00,179,1,0
2025123999,"E171, LDR175",4/6/25 2:58,25-1571,L-175,4/6/25 2:56,9/5/25 3:58,C,2025-04-06 02:58:00,2025-04-06 02:56:00,180,2,0
2025124098,"E171, LDR175",4/6/25 7:29,25-1572,L-175,4/6/25 7:23,9/5/25 7:33,C,2025-04-06 07:29:00,2025-04-06 07:23:00,181,2,0
2025124102,E172,4/6/25 7:33,25-1573,E-172,4/6/25 7:29,9/5/25 8:11,C,2025-04-06 07:33:00,2025-04-06 07:29:00,182,1,0
2025124148,"E171, E172",4/6/25 8:44,25-1574,E-172,4/6/25 8:39,9/5/25 8:52,C,2025-04-06 08:44:00,2025-04-06 08:39:00,183,2,0
2025124166,E172,4/6/25 8:59,25-1575,nan,4/6/25 8:55,9/5/25 9:01,C,2025-04-06 08:59:00,2025-04-06 08:55:00,184,1,0
2025124214,LDR175,4/6/25 10:03,25-1576,L-175,4/6/25 9:59,9/5/25 10:10,C,2025-04-06 10:03:00,2025-04-06 09:59:00,185,1,0
2025124226,E172,4/6/25 10:34,25-1577,E-172,4/6/25 10:30,9/5/25 10:42,C,2025-04-06 10:34:00,2025-04-06 10:30:00,186,1,0
2025124284,E172,4/6/25 11:24,25-1578,E-172,4/6/25 11:21,9/5/25 11:26,C,2025-04-06 11:24:00,2025-04-06 11:21:00,187,1,0
2025124292,"BAT111, E171, LDR175",4/6/25 11:38,25-1579,E-171,4/6/25 11:27,9/5/25 11:41,C,2025-04-06 11:38:00,2025-04-06 11:27:00,188,3,2
2025124323,E171,4/6/25 12:18,25-1580,E-171,4/6/25 12:14,9/5/25 12:33,C,2025-04-06 12:18:00,2025-04-06 12:14:00,189,1,0
2025124360,E172,4/6/25 12:59,25-1581,E-172,4/6/25 12:51,9/5/25 13:06,C,2025-04-06 12:59:00,2025-04-06 12:51:00,190,1,0
2025124425,E171,4/6/25 14:13,25-1582,E-171,4/6/25 14:07,9/5/25 14:23,C,2025-04-06 14:13:00,2025-04-06 14:07:00,191,1,0
2025124462,LDR175,4/6/25 15:03,25-1583,L-175,4/6/25 14:58,9/5/25 15:19,C,2025-04-06 15:03:00,2025-04-06 14:58:00,192,1,0
2025124563,"E172, LDR175",4/6/25 17:18,25-1584,nan,4/6/25 17:02,9/5/25 17:13,C,2025-04-06 17:18:00,2025-04-06 17:02:00,193,2,0
2025124570,LDR175,4/6/25 17:29,25-1585,nan,4/6/25 17:18,9/5/25 17:23,C,2025-04-06 17:29:00,2025-04-06 17:18:00,194,1,0
2025124690,"E171, E172",4/6/25 18:58,25-1586,E-171,4/6/25 18:56,9/4/25 20:12,C,2025-04-06 18:58:00,2025-04-06 18:56:00,195,2,0
2025124771,LDR175,4/6/25 20:04,25-1587,L-175,4/6/25 19:57,9/4/25 20:07,C,2025-04-06 20:04:00,2025-04-06 19:57:00,196,1,0
2025124878,LDR175,4/6/25 21:59,25-1588,L-175,4/6/25 21:56,9/4/25 22:04,C,2025-04-06 21:59:00,2025-04-06 21:56:00,197,1,0
2025124883,E172,4/6/25 22:09,25-1589,E-172,4/6/25 22:05,9/4/25 22:29,C,2025-04-06 22:09:00,2025-04-06 22:05:00,198,1,0
2025124917,"E171, E172",4/6/25 22:39,25-1590,E-171,4/6/25 22:33,9/4/25 22:53,C,2025-04-06 22:39:00,2025-04-06 22:33:00,199,2,0
2025124956,E171,4/6/25 23:44,25-1591,E-171,4/6/25 23:36,9/4/25 23:51,C,2025-04-06 23:44:00,2025-04-06 23:36:00,200,1,0
2025125006,LDR175,4/7/25 1:39,25-1592,L-175,4/7/25 1:33,9/5/25 1:47,C,2025-04-07 01:39:00,2025-04-07 01:33:00,201,1,0
2025125010,"BAT111, E171, E172",4/7/25 1:44,25-1593,nan,4/7/25 1:38,9/5/25 1:44,C,2025-04-07 01:44:00,2025-04-07 01:38:00,202,3,2
2025125034,"BAT111, E172",4/7/25 2:59,25-1594,BC-111,4/7/25 2:56,9/5/25 3:48,C,2025-04-07 02:59:00,2025-04-07 02:56:00,203,2,0
2025125071,"E171, LDR175",4/7/25 4:19,25-1595,nan,4/7/25 4:09,9/5/25 4:24,C,2025-04-07 04:19:00,2025-04-07 04:09:00,204,2,0
2025125094,LDR175,4/7/25 5:23,25-1596,L-175,4/7/25 5:18,9/5/25 5:33,C,2025-04-07 05:23:00,2025-04-07 05:18:00,205,1,0
2025125100,E171,4/7/25 5:29,25-1597,E-171,4/7/25 5:24,9/5/25 5:34,C,2025-04-07 05:29:00,2025-04-07 05:24:00,206,1,0
2025125151,"BAT111, C103",4/7/25 7:24,25-1598,C-103,4/7/25 7:22,9/5/25 7:41,A,2025-04-07 07:24:00,2025-04-07 07:22:00,207,2,0
2025125346,E172,4/7/25 9:44,25-1599,E-172,4/7/25 9:37,9/5/25 9:56,A,2025-04-07 09:44:00,2025-04-07 09:37:00,208,1,0
2025125724,"E171, LDR175",4/7/25 13:44,25-1600,L-175,4/7/25 13:38,9/5/25 13:47,A,2025-04-07 13:44:00,2025-04-07 13:38:00,209,2,0
2025125833,LDR175,4/7/25 14:59,25-1601,nan,4/7/25 14:55,9/5/25 15:02,A,2025-04-07 14:59:00,2025-04-07 14:55:00,210,1,0
2025125857,E172,4/7/25 15:14,25-1602,E-172,4/7/25 15:10,9/5/25 15:22,A,2025-04-07 15:14:00,2025-04-07 15:10:00,211,1,0
2025125865,E171,4/7/25 15:19,25-1603,nan,4/7/25 15:13,9/5/25 15:20,A,2025-04-07 15:19:00,2025-04-07 15:13:00,212,1,0
2025125926,"E171, LDR175",4/7/25 15:59,25-1604,E-171,4/7/25 15:53,9/5/25 16:27,A,2025-04-07 15:59:00,2025-04-07 15:53:00,213,2,0
2025125940,LDR175,4/7/25 16:04,25-1605,L-175,4/7/25 16:01,9/5/25 16:27,A,2025-04-07 16:04:00,2025-04-07 16:01:00,214,1,0
2025126001,LDR175,4/7/25 16:49,25-1606,L-175,4/7/25 16:38,9/5/25 16:50,A,2025-04-07 16:49:00,2025-04-07 16:38:00,215,1,0
2025126034,E172,4/7/25 17:14,25-1607,E-172,4/7/25 17:09,9/5/25 17:26,A,2025-04-07 17:14:00,2025-04-07 17:09:00,216,1,0
2025126061,"BAT111, LDR175",4/7/25 17:24,25-1608,nan,4/7/25 17:21,9/5/25 17:33,A,2025-04-07 17:24:00,2025-04-07 17:21:00,217,2,0
2025126150,"E171, LDR175",4/7/25 18:33,25-1609,L-175,4/7/25 18:30,9/5/25 18:43,A,2025-04-07 18:33:00,2025-04-07 18:30:00,218,2,0
2025126162,"E171, LDR175",4/7/25 18:43,25-1610,L-175,4/7/25 18:42,9/5/25 19:10,A,2025-04-07 18:43:00,2025-04-07 18:42:00,219,2,0
2025126178,E171,4/7/25 18:58,25-1611,E-171,4/7/25 18:51,9/5/25 19:07,A,2025-04-07 18:58:00,2025-04-07 18:51:00,220,1,0
2025126188,"E171, LDR175",4/7/25 19:13,25-1612,L-175,4/7/25 19:06,9/5/25 19:21,A,2025-04-07 19:13:00,2025-04-07 19:06:00,221,2,0
2025126204,LDR175,4/7/25 19:33,25-1613,L-175,4/7/25 19:27,9/5/25 19:37,A,2025-04-07 19:33:00,2025-04-07 19:27:00,222,1,0
2025126217,"E171, E172, LDR175",4/7/25 19:43,25-1614,L-175,4/7/25 19:38,9/5/25 19:49,A,2025-04-07 19:43:00,2025-04-07 19:38:00,223,3,2
2025126245,"E171, E172, LDR175",4/7/25 20:28,25-1615,E-172,4/7/25 20:25,9/4/25 21:08,A,2025-04-07 20:28:00,2025-04-07 20:25:00,224,3,2
2025126282,E171,4/7/25 21:18,25-1616,E-171,4/7/25 21:11,9/4/25 21:33,A,2025-04-07 21:18:00,2025-04-07 21:11:00,225,1,0
2025126293,"BAT111, E172",4/7/25 21:38,25-1617,nan,4/7/25 21:33,9/4/25 21:43,A,2025-04-07 21:38:00,2025-04-07 21:33:00,226,2,0
2025126349,E171,4/7/25 23:23,25-1618,E-171,4/7/25 23:15,9/4/25 23:35,A,2025-04-07 23:23:00,2025-04-07 23:15:00,227,1,0
2025126456,"E171, LDR175",4/8/25 3:23,25-1619,E-171,4/8/25 3:19,9/5/25 3:32,A,2025-04-08 03:23:00,2025-04-08 03:19:00,228,2,0
2025126460,LDR175,4/8/25 3:38,25-1620,nan,4/8/25 1:13,9/5/25 13:14,nan,2025-04-08 03:38:00,2025-04-08 01:13:00,229,1,0
2025126464,E171,4/8/25 3:53,25-1621,E-171,4/8/25 3:48,9/5/25 4:44,A,2025-04-08 03:53:00,2025-04-08 03:48:00,230,1,0
2025126606,LDR175,4/8/25 7:58,25-1622,L-175,4/8/25 7:52,9/5/25 8:14,nan,2025-04-08 07:58:00,2025-04-08 07:52:00,231,1,0
2025126647,LDR175,4/8/25 8:23,25-1623,L-175,4/8/25 8:20,9/5/25 8:26,A,2025-04-08 08:23:00,2025-04-08 08:20:00,232,1,0
2025126667,"BAT111, E171, E172, LDR175",4/8/25 8:38,25-1624,L-175,4/8/25 8:33,9/5/25 9:06,A,2025-04-08 08:38:00,2025-04-08 08:33:00,233,4,2
2025126710,E172,4/8/25 9:08,25-1626,nan,4/8/25 9:07,9/5/25 9:14,A,2025-04-08 09:08:00,2025-04-08 09:07:00,234,1,0
2025126731,E172,4/8/25 9:18,25-1627,E-172,4/8/25 9:17,9/5/25 9:42,A,2025-04-08 09:18:00,2025-04-08 09:17:00,235,1,0
2025126802,LDR175,4/8/25 10:18,25-1628,nan,4/8/25 10:11,9/5/25 10:12,A,2025-04-08 10:18:00,2025-04-08 10:11:00,236,1,0
2025126860,E171,4/8/25 11:03,25-1629,E-171,4/8/25 10:59,9/5/25 11:09,A,2025-04-08 11:03:00,2025-04-08 10:59:00,237,1,0
2025126903,E171,4/8/25 11:28,25-1630,nan,4/8/25 11:23,9/5/25 11:23,A,2025-04-08 11:28:00,2025-04-08 11:23:00,238,1,0
2025127093,E172,4/8/25 13:28,25-1631,E-172,4/8/25 13:23,9/5/25 13:40,A,2025-04-08 13:28:00,2025-04-08 13:23:00,239,1,0
2025127349,"E171, LDR175",4/8/25 16:08,25-1632,E-171,4/8/25 16:01,9/5/25 16:41,A,2025-04-08 16:08:00,2025-04-08 16:01:00,240,2,0
2025127452,LDR175,4/8/25 17:18,25-1633,nan,4/8/25 17:13,9/5/25 17:20,A,2025-04-08 17:18:00,2025-04-08 17:13:00,241,1,0
2025127555,LDR175,4/8/25 18:48,25-1634,L-175,4/8/25 18:42,9/5/25 19:11,A,2025-04-08 18:48:00,2025-04-08 18:42:00,242,1,0
2025127640,LDR175,4/8/25 19:38,25-1635,nan,4/8/25 19:33,9/5/25 19:43,A,2025-04-08 19:38:00,2025-04-08 19:33:00,243,1,0
2025127686,E171,4/8/25 20:18,25-1636,E-171,4/8/25 20:14,9/4/25 20:24,A,2025-04-08 20:18:00,2025-04-08 20:14:00,244,1,0
2025127730,LDR175,4/8/25 21:33,25-1637,L-175,4/8/25 21:30,9/4/25 21:40,A,2025-04-08 21:33:00,2025-04-08 21:30:00,245,1,0
2025127943,E171,4/9/25 3:28,25-1638,E-171,4/9/25 3:22,9/5/25 3:33,A,2025-04-09 03:28:00,2025-04-09 03:22:00,246,1,0
2025128168,"BAT111, E172",4/9/25 8:48,25-1639,E-172,4/9/25 8:43,9/5/25 9:02,B,2025-04-09 08:48:00,2025-04-09 08:43:00,247,2,0
2025128195,E172,4/9/25 9:13,25-1640,E-172,4/9/25 9:09,9/5/25 9:35,B,2025-04-09 09:13:00,2025-04-09 09:09:00,248,1,0
2025128238,LDR175,4/9/25 9:48,25-1641,L-175,4/9/25 9:45,9/5/25 9:53,B,2025-04-09 09:48:00,2025-04-09 09:45:00,249,1,0
2025128299,LDR175,4/9/25 10:23,25-1643,nan,4/9/25 10:19,9/5/25 10:26,B,2025-04-09 10:23:00,2025-04-09 10:19:00,250,1,0
2025128297,E172,4/9/25 10:28,25-1644,E-172,4/9/25 10:22,9/5/25 10:39,B,2025-04-09 10:28:00,2025-04-09 10:22:00,251,1,0
2025128528,"E171, LDR175",4/9/25 13:13,25-1645,L-175,4/9/25 13:12,9/5/25 13:20,B,2025-04-09 13:13:00,2025-04-09 13:12:00,252,2,0
2025128550,E171,4/9/25 13:28,25-1646,E-171,4/9/25 13:24,9/5/25 13:33,nan,2025-04-09 13:28:00,2025-04-09 13:24:00,253,1,0
2025128854,E172,4/9/25 16:33,25-1648,E-172,4/9/25 16:28,9/5/25 16:38,B,2025-04-09 16:33:00,2025-04-09 16:28:00,254,1,0
2025128860,LDR175,4/9/25 16:33,25-1649,L-175,4/9/25 16:31,9/5/25 16:46,B,2025-04-09 16:33:00,2025-04-09 16:31:00,255,1,0
2025128978,LDR175,4/9/25 18:08,25-1650,L-175,4/9/25 18:03,9/5/25 18:11,B,2025-04-09 18:08:00,2025-04-09 18:03:00,256,1,0
2025129026,E172,4/9/25 18:38,25-1651,E-172,4/9/25 18:35,9/5/25 18:45,B,2025-04-09 18:38:00,2025-04-09 18:35:00,257,1,0
2025129055,E171,4/9/25 18:53,25-1652,E-171,4/9/25 18:48,9/5/25 19:18,B,2025-04-09 18:53:00,2025-04-09 18:48:00,258,1,0
2025129084,"BAT111, C108, E171, E172, LDR175",4/9/25 19:23,25-1653,E-172,4/9/25 19:16,9/5/25 19:33,B,2025-04-09 19:23:00,2025-04-09 19:16:00,259,5,2
2025129100,"BAT111, C108, E171, E172, LDR175",4/9/25 19:38,25-1654,L-175,4/9/25 19:31,9/5/25 19:47,B,2025-04-09 19:38:00,2025-04-09 19:31:00,260,5,2
2025129131,LDR175,4/9/25 19:58,25-1655,L-175,4/9/25 19:55,9/4/25 20:18,B,2025-04-09 19:58:00,2025-04-09 19:55:00,261,1,0
2025129206,E171,4/9/25 21:43,25-1656,E-171,4/9/25 21:40,9/4/25 22:00,B,2025-04-09 21:43:00,2025-04-09 21:40:00,262,1,0
2025129238,LDR175,4/9/25 22:13,25-1657,L-175,4/9/25 22:10,9/4/25 22:20,B,2025-04-09 22:13:00,2025-04-09 22:10:00,263,1,0
2025129253,LDR175,4/9/25 22:28,25-1658,L-175,4/9/25 22:22,9/4/25 22:31,B,2025-04-09 22:28:00,2025-04-09 22:22:00,264,1,0
2025129438,"E171, LDR175",4/10/25 6:23,25-1659,L-175,4/10/25 6:19,9/5/25 6:31,B,2025-04-10 06:23:00,2025-04-10 06:19:00,265,2,0
2025129652,E172,4/10/25 10:08,25-1660,E-172,4/10/25 9:58,9/5/25 10:20,B,2025-04-10 10:08:00,2025-04-10 09:58:00,266,1,0
2025129688,BAT111,4/10/25 10:28,25-1661,nan,4/10/25 10:25,9/5/25 10:32,B,2025-04-10 10:28:00,2025-04-10 10:25:00,267,1,0
2025129755,E171,4/10/25 11:23,25-1662,E-171,4/10/25 11:15,9/5/25 11:47,B,2025-04-10 11:23:00,2025-04-10 11:15:00,268,1,0
2025130012,"BAT111, E173, LDR175",4/10/25 14:18,25-1663,nan,4/10/25 14:11,9/5/25 14:20,B,2025-04-10 14:18:00,2025-04-10 14:11:00,269,3,2
2025130189,"E171, LDR175",4/10/25 15:58,25-1664,E-171,4/10/25 15:55,9/5/25 16:54,B,2025-04-10 15:58:00,2025-04-10 15:55:00,270,2,0
2025130246,E172,4/10/25 16:23,25-1665,nan,4/10/25 16:19,9/5/25 16:22,B,2025-04-10 16:23:00,2025-04-10 16:19:00,271,1,0
2025130324,"BAT111, E171, LDR175",4/10/25 17:28,25-1666,E-171,4/10/25 17:25,9/5/25 17:54,B,2025-04-10 17:28:00,2025-04-10 17:25:00,272,3,2
2025130417,"BAT111, LDR175",4/10/25 18:28,25-1667,BC-111,4/10/25 18:23,9/5/25 18:46,B,2025-04-10 18:28:00,2025-04-10 18:23:00,273,2,0
2025130435,E172,4/10/25 18:43,25-1668,E-172,4/10/25 18:40,9/5/25 18:47,B,2025-04-10 18:43:00,2025-04-10 18:40:00,274,1,0
2025130474,LDR175,4/10/25 19:18,25-1669,L-175,4/10/25 19:13,9/5/25 19:51,B,2025-04-10 19:18:00,2025-04-10 19:13:00,275,1,0
2025130563,E171,4/10/25 20:28,25-1670,E-171,4/10/25 20:19,9/4/25 20:33,B,2025-04-10 20:28:00,2025-04-10 20:19:00,276,1,0
2025130644,BAT111,4/10/25 21:58,25-1671,nan,4/10/25 21:57,9/4/25 22:05,B,2025-04-10 21:58:00,2025-04-10 21:57:00,277,1,0
2025130658,E171,4/10/25 22:18,25-1672,E-171,4/10/25 22:13,9/4/25 22:26,B,2025-04-10 22:18:00,2025-04-10 22:13:00,278,1,0
2025130732,LDR175,4/10/25 23:33,25-1674,nan,4/10/25 23:31,9/4/25 23:41,B,2025-04-10 23:33:00,2025-04-10 23:31:00,279,1,0
2025130726,BAT111,4/10/25 23:33,25-1673,nan,4/10/25 23:28,9/4/25 23:37,B,2025-04-10 23:33:00,2025-04-10 23:28:00,280,1,0
2025130733,E171,4/10/25 23:43,25-1675,E-171,4/10/25 23:36,9/4/25 23:54,B,2025-04-10 23:43:00,2025-04-10 23:36:00,281,1,0
2025130847,LDR175,4/11/25 3:58,25-1676,L-175,4/11/25 3:51,9/5/25 4:15,B,2025-04-11 03:58:00,2025-04-11 03:51:00,282,1,0
2025130854,E172,4/11/25 4:13,25-1677,E-172,4/11/25 4:10,9/5/25 4:36,B,2025-04-11 04:13:00,2025-04-11 04:10:00,283,1,0
2025130920,E172,4/11/25 7:03,25-1678,E-172,4/11/25 6:59,9/5/25 7:20,B,2025-04-11 07:03:00,2025-04-11 06:59:00,284,1,0
2025130979,"E171, E172",4/11/25 8:18,25-1679,E-171,4/11/25 8:14,9/5/25 8:55,C,2025-04-11 08:18:00,2025-04-11 08:14:00,285,2,0
2025131046,LDR175,4/11/25 9:18,25-1680,nan,4/11/25 9:17,9/5/25 9:24,C,2025-04-11 09:18:00,2025-04-11 09:17:00,286,1,0
2025131056,"E171, LDR175",4/11/25 9:23,25-1681,nan,4/11/25 9:21,9/5/25 9:25,C,2025-04-11 09:23:00,2025-04-11 09:21:00,287,2,0
2025131197,LDR175,4/11/25 10:48,25-1682,L-175,4/11/25 10:45,9/5/25 10:58,C,2025-04-11 10:48:00,2025-04-11 10:45:00,288,1,0
2025131350,E171,4/11/25 12:43,25-1683,nan,4/11/25 12:37,9/5/25 12:43,C,2025-04-11 12:43:00,2025-04-11 12:37:00,289,1,0
2025131409,LDR175,4/11/25 13:38,25-1684,L-175,4/11/25 13:36,9/5/25 14:07,C,2025-04-11 13:38:00,2025-04-11 13:36:00,290,1,0
2025131452,E172,4/11/25 14:08,25-1685,nan,4/11/25 14:06,9/5/25 14:16,C,2025-04-11 14:08:00,2025-04-11 14:06:00,291,1,0
2025131515,"BAT111, E171, LDR175",4/11/25 14:53,25-1686,E-171,4/11/25 14:47,9/5/25 14:58,C,2025-04-11 14:53:00,2025-04-11 14:47:00,292,3,2
2025131578,"E171, LDR175",4/11/25 15:28,25-1687,L-175,4/11/25 15:25,9/5/25 15:33,C,2025-04-11 15:28:00,2025-04-11 15:25:00,293,2,0
2025131607,LDR175,4/11/25 15:48,25-1688,L-175,4/11/25 15:43,9/5/25 15:57,C,2025-04-11 15:48:00,2025-04-11 15:43:00,294,1,0
2025131723,LDR175,4/11/25 17:28,25-1689,L-175,4/11/25 17:24,9/5/25 17:49,C,2025-04-11 17:28:00,2025-04-11 17:24:00,295,1,0
2025131763,"E171, E172, LDR175",4/11/25 17:48,25-1690,L-175,4/11/25 17:47,9/5/25 17:56,C,2025-04-11 17:48:00,2025-04-11 17:47:00,296,3,2
2025131823,"BAT111, E172",4/11/25 18:43,25-1691,E-172,4/11/25 18:38,9/5/25 18:52,C,2025-04-11 18:43:00,2025-04-11 18:38:00,297,2,0
2025132250,"E171, LDR175",4/12/25 2:33,25-1692,L-175,4/12/25 2:29,9/5/25 2:38,C,2025-04-12 02:33:00,2025-04-12 02:29:00,298,2,0
2025132356,LDR175,4/12/25 6:14,25-1693,L-175,4/12/25 6:02,9/5/25 6:10,C,2025-04-12 06:14:00,2025-04-12 06:02:00,299,1,0
2025132480,LDR175,4/12/25 9:33,25-1694,nan,4/12/25 9:25,9/5/25 9:43,C,2025-04-12 09:33:00,2025-04-12 09:25:00,300,1,0
2025132510,LDR175,4/12/25 9:58,25-1695,nan,4/12/25 9:52,9/5/25 9:53,C,2025-04-12 09:58:00,2025-04-12 09:52:00,301,1,0
2025132540,"BAT111, E171, LDR175",4/12/25 10:38,25-1696,L-175,4/12/25 10:32,9/5/25 10:42,C,2025-04-12 10:38:00,2025-04-12 10:32:00,302,3,2
2025132601,"E171, E172",4/12/25 11:33,25-1697,E-172,4/12/25 11:24,9/5/25 11:40,C,2025-04-12 11:33:00,2025-04-12 11:24:00,303,2,0
2025132701,LDR175,4/12/25 13:23,25-1698,nan,4/12/25 13:11,9/5/25 13:28,C,2025-04-12 13:23:00,2025-04-12 13:11:00,304,1,0
2025132757,"E172, LDR175",4/12/25 14:28,25-1699,E-172,4/12/25 14:21,9/5/25 14:48,C,2025-04-12 14:28:00,2025-04-12 14:21:00,305,2,0
2025132812,E172,4/12/25 15:08,25-1700,nan,4/12/25 15:04,9/5/25 15:09,C,2025-04-12 15:08:00,2025-04-12 15:04:00,306,1,0
2025132814,LDR175,4/12/25 15:13,25-1701,L-175,4/12/25 15:05,9/5/25 15:18,C,2025-04-12 15:13:00,2025-04-12 15:05:00,307,1,0
2025132870,LDR175,4/12/25 16:03,25-1702,nan,4/12/25 15:49,9/5/25 15:54,C,2025-04-12 16:03:00,2025-04-12 15:49:00,308,1,0
2025132935,LDR175,4/12/25 17:13,25-1703,nan,4/12/25 17:12,9/5/25 17:20,C,2025-04-12 17:13:00,2025-04-12 17:12:00,309,1,0
2025133030,E171,4/12/25 19:08,25-1704,E-171,4/12/25 19:04,9/5/25 19:15,C,2025-04-12 19:08:00,2025-04-12 19:04:00,310,1,0
2025133043,LDR175,4/12/25 19:18,25-1705,nan,4/12/25 19:09,9/5/25 19:18,C,2025-04-12 19:18:00,2025-04-12 19:09:00,311,1,0
2025133095,LDR175,4/12/25 20:18,25-1706,L-175,4/12/25 20:16,9/4/25 20:46,C,2025-04-12 20:18:00,2025-04-12 20:16:00,312,1,0
2025133244,E171,4/12/25 23:13,25-1708,E-171,4/12/25 23:08,9/4/25 23:44,C,2025-04-12 23:13:00,2025-04-12 23:08:00,313,1,0
2025133241,LDR175,4/12/25 23:13,25-1707,L-175,4/12/25 23:07,9/4/25 23:25,C,2025-04-12 23:13:00,2025-04-12 23:07:00,314,1,0
2025133330,E171,4/13/25 1:58,25-1709,nan,4/13/25 1:44,9/5/25 1:49,C,2025-04-13 01:58:00,2025-04-13 01:44:00,315,1,0
2025133502,"BAT111, E171, E172, LDR175",4/13/25 8:53,25-1710,BC-111,4/13/25 8:47,9/5/25 9:06,A,2025-04-13 08:53:00,2025-04-13 08:47:00,316,4,2
2025133571,E172,4/13/25 10:43,25-1711,E-172,4/13/25 10:42,9/5/25 11:01,A,2025-04-13 10:43:00,2025-04-13 10:42:00,317,1,0
2025133647,"BAT111, E172",4/13/25 12:28,25-1712,E-172,4/13/25 12:26,9/5/25 12:37,A,2025-04-13 12:28:00,2025-04-13 12:26:00,318,2,0
2025133679,E171,4/13/25 13:18,25-1713,E-171,4/13/25 13:16,9/5/25 13:26,A,2025-04-13 13:18:00,2025-04-13 13:16:00,319,1,0
2025133786,LDR175,4/13/25 15:28,25-1714,nan,4/13/25 15:14,9/5/25 15:28,nan,2025-04-13 15:28:00,2025-04-13 15:14:00,320,1,0
2025133799,LDR175,4/13/25 15:43,25-1716,L-175,4/13/25 15:41,9/5/25 15:48,A,2025-04-13 15:43:00,2025-04-13 15:41:00,321,1,0
2025133794,E171,4/13/25 15:43,25-1715,E-171,4/13/25 15:29,9/5/25 15:48,A,2025-04-13 15:43:00,2025-04-13 15:29:00,322,1,0
2025133938,E172,4/13/25 18:08,25-1717,E-172,4/13/25 18:01,9/5/25 18:15,A,2025-04-13 18:08:00,2025-04-13 18:01:00,323,1,0
2025134045,LDR175,4/13/25 20:28,25-1718,nan,4/13/25 20:18,9/4/25 20:38,A,2025-04-13 20:28:00,2025-04-13 20:18:00,324,1,0
2025134080,E171,4/13/25 21:03,25-1719,E-171,4/13/25 20:56,9/4/25 21:21,A,2025-04-13 21:03:00,2025-04-13 20:56:00,325,1,0
2025134105,"BAT111, E172",4/13/25 21:33,25-1720,BC-111,4/13/25 21:28,9/4/25 23:03,A,2025-04-13 21:33:00,2025-04-13 21:28:00,326,2,0
2025134156,"C108, E171, LDR175",4/13/25 22:18,25-1721,C-108,4/13/25 22:14,9/5/25 0:36,A,2025-04-13 22:18:00,2025-04-13 22:14:00,327,3,2
2025134314,LDR175,4/14/25 3:38,25-1722,nan,4/14/25 3:27,9/5/25 3:35,A,2025-04-14 03:38:00,2025-04-14 03:27:00,328,1,0
2025134315,E171,4/14/25 3:43,25-1723,E-171,4/14/25 3:37,9/5/25 4:13,A,2025-04-14 03:43:00,2025-04-14 03:37:00,329,1,0
2025134321,E172,4/14/25 4:13,25-1724,E-172,4/14/25 4:07,9/5/25 4:32,A,2025-04-14 04:13:00,2025-04-14 04:07:00,330,1,0
2025134394,LDR175,4/14/25 7:03,25-1725,L-175,4/14/25 6:09,9/5/25 7:31,A,2025-04-14 07:03:00,2025-04-14 06:09:00,331,1,0
2025134403,E172,4/14/25 7:08,25-1726,E-172,4/14/25 7:05,9/5/25 7:27,A,2025-04-14 07:08:00,2025-04-14 07:05:00,332,1,0
2025134636,"BAT111, E171, LDR175",4/14/25 10:38,25-1727,BC-111,4/14/25 10:35,9/5/25 11:07,B,2025-04-14 10:38:00,2025-04-14 10:35:00,333,3,2
2025134665,E172,4/14/25 10:53,25-1728,nan,4/14/25 10:52,9/5/25 10:54,A,2025-04-14 10:53:00,2025-04-14 10:52:00,334,1,0
2025134673,E171,4/14/25 11:03,25-1729,E-171,4/14/25 10:53,9/5/25 11:02,A,2025-04-14 11:03:00,2025-04-14 10:53:00,335,1,0
2025134693,"BAT111, E172",4/14/25 11:13,25-1730,E-172,4/14/25 11:08,9/5/25 12:06,A,2025-04-14 11:13:00,2025-04-14 11:08:00,336,2,0
2025134811,"E171, LDR175",4/14/25 12:23,25-1731,L-175,4/14/25 12:22,9/5/25 12:37,A,2025-04-14 12:23:00,2025-04-14 12:22:00,337,2,0
2025134866,E171,4/14/25 13:03,25-1732,E-171,4/14/25 12:57,9/5/25 13:14,A,2025-04-14 13:03:00,2025-04-14 12:57:00,338,1,0
2025134919,LDR175,4/14/25 13:38,25-1734,L-175,4/14/25 13:32,9/5/25 13:49,A,2025-04-14 13:38:00,2025-04-14 13:32:00,339,1,0
2025134951,"E171, E172",4/14/25 13:53,25-1735,E-171,4/14/25 13:50,9/5/25 13:58,A,2025-04-14 13:53:00,2025-04-14 13:50:00,340,2,0
2025135013,E172,4/14/25 14:33,25-1736,nan,4/14/25 14:25,9/5/25 14:29,A,2025-04-14 14:33:00,2025-04-14 14:25:00,341,1,0
2025135093,"C102, E171, LDR175",4/14/25 15:23,25-1737,L-175,4/14/25 15:19,9/5/25 15:46,A,2025-04-14 15:23:00,2025-04-14 15:19:00,342,3,2
2025135142,"C102, LDR175",4/14/25 15:48,25-1738,C-102,4/14/25 15:46,9/5/25 15:57,A,2025-04-14 15:48:00,2025-04-14 15:46:00,343,2,0
2025135259,E172,4/14/25 17:18,25-1739,E-172,4/14/25 17:15,9/5/25 17:36,A,2025-04-14 17:18:00,2025-04-14 17:15:00,344,1,0
2025135299,"BAT111, E171, E172",4/14/25 17:53,25-1740,E-171,4/14/25 17:50,9/5/25 17:56,A,2025-04-14 17:53:00,2025-04-14 17:50:00,345,3,2
2025135391,LDR175,4/14/25 19:38,25-1741,nan,4/14/25 19:32,9/5/25 19:41,A,2025-04-14 19:38:00,2025-04-14 19:32:00,346,1,0
2025135501,"BAT111, E171, E172, LDR175",4/14/25 21:28,25-1742,E-171,4/14/25 21:22,9/4/25 21:44,nan,2025-04-14 21:28:00,2025-04-14 21:22:00,347,4,2
2025135590,LDR175,4/14/25 23:13,25-1743,L-175,4/14/25 23:08,9/4/25 23:26,A,2025-04-14 23:13:00,2025-04-14 23:08:00,348,1,0
2025135608,LDR175,4/14/25 23:38,25-1744,L-175,4/14/25 23:34,9/4/25 23:51,A,2025-04-14 23:38:00,2025-04-14 23:34:00,349,1,0
2025135683,"BAT111, E171, LDR175",4/15/25 2:53,25-1745,E-171,4/15/25 2:46,9/5/25 3:07,A,2025-04-15 02:53:00,2025-04-15 02:46:00,350,3,2
2025135716,LDR175,4/15/25 4:38,25-1746,L-175,4/15/25 4:35,9/5/25 4:57,A,2025-04-15 04:38:00,2025-04-15 04:35:00,351,1,0
2025135728,"BAT111, LDR175",4/15/25 5:38,25-1747,BC-111,4/15/25 5:33,9/5/25 5:52,B,2025-04-15 05:38:00,2025-04-15 05:33:00,352,2,0
2025135776,"E171, E172",4/15/25 7:33,25- 1748,E-171,4/15/25 7:28,9/5/25 7:42,A,2025-04-15 07:33:00,2025-04-15 07:28:00,353,2,0
2025135782,"E172, LDR175",4/15/25 7:43,25-1749,E-172,4/15/25 7:37,9/5/25 7:49,B,2025-04-15 07:43:00,2025-04-15 07:37:00,354,2,0
2025135864,LDR175,4/15/25 9:13,25-1750,L-175,4/15/25 9:06,9/5/25 9:39,B,2025-04-15 09:13:00,2025-04-15 09:06:00,355,1,0
2025135907,E172,4/15/25 9:43,25-1751,E-172,4/15/25 9:37,9/5/25 9:51,B,2025-04-15 09:43:00,2025-04-15 09:37:00,356,1,0
2025135979,BAT111,4/15/25 10:33,25-1752,nan,4/15/25 10:31,9/5/25 10:35,B,2025-04-15 10:33:00,2025-04-15 10:31:00,357,1,0
2025136205,"E171, LDR175",4/15/25 12:43,25-1753,L-175,4/15/25 12:39,9/5/25 13:13,B,2025-04-15 12:43:00,2025-04-15 12:39:00,358,2,0
2025136667,E171,4/15/25 17:28,25001754,nan,4/15/25 17:24,9/5/25 17:57,nan,2025-04-15 17:28:00,2025-04-15 17:24:00,359,1,0
2025136854,LDR175,4/15/25 20:18,25-1755,L-175,4/15/25 20:13,9/4/25 20:21,B,2025-04-15 20:18:00,2025-04-15 20:13:00,360,1,0
2025136929,E171,4/15/25 21:53,25-1756,nan,4/15/25 21:46,9/4/25 21:50,B,2025-04-15 21:53:00,2025-04-15 21:46:00,361,1,0
2025136941,LDR175,4/15/25 22:08,25-1757,L-175,4/15/25 22:01,9/4/25 22:17,B,2025-04-15 22:08:00,2025-04-15 22:01:00,362,1,0
2025137029,E171,4/16/25 0:58,25001758,E-171,nan,nan,nan,2025-04-16 00:58:00,,363,1,0
2025137110,LDR175,4/16/25 5:23,25-1759,L-175,4/16/25 5:18,9/5/25 5:32,B,2025-04-16 05:23:00,2025-04-16 05:18:00,364,1,0
2025137124,"E171, LDR175",4/16/25 6:08,25-1760,E-171,4/16/25 6:00,9/5/25 6:22,B,2025-04-16 06:08:00,2025-04-16 06:00:00,365,2,0
2025137151,E172,4/16/25 7:13,25-1761,E-172,4/16/25 7:09,9/5/25 7:42,B,2025-04-16 07:13:00,2025-04-16 07:09:00,366,1,0
2025137186,LDR175,4/16/25 8:03,25-1762,L-175,4/16/25 7:56,9/5/25 8:10,B,2025-04-16 08:03:00,2025-04-16 07:56:00,367,1,0
2025137308,LDR175,4/16/25 9:23,25-1763,L-175,4/16/25 9:22,9/5/25 9:36,B,2025-04-16 09:23:00,2025-04-16 09:22:00,368,1,0
2025137440,E171,4/16/25 10:48,25-1764,E-171,4/16/25 10:47,9/5/25 11:05,B,2025-04-16 10:48:00,2025-04-16 10:47:00,369,1,0
2025137438,E172,4/16/25 10:58,25-1765,E-172,4/16/25 10:46,9/5/25 11:11,nan,2025-04-16 10:58:00,2025-04-16 10:46:00,370,1,0
2025137850,"BAT111, E171, E172",4/16/25 15:43,25-1766,E-171,4/16/25 15:39,9/5/25 15:58,B,2025-04-16 15:43:00,2025-04-16 15:39:00,371,3,2
2025137969,"BAT111, E172, LDR175",4/16/25 17:03,25-1767,BC-111,4/16/25 17:01,9/5/25 18:05,B,2025-04-16 17:03:00,2025-04-16 17:01:00,372,3,2
2025138026,"BAT111, LDR175",4/16/25 17:33,25-1768,BC-111,4/16/25 17:28,9/5/25 18:00,B,2025-04-16 17:33:00,2025-04-16 17:28:00,373,2,0
2025138120,LDR175,4/16/25 19:08,25-1769,L-175,4/16/25 19:04,9/5/25 19:21,B,2025-04-16 19:08:00,2025-04-16 19:04:00,374,1,0
2025138145,"BAT111, E171, LDR175",4/16/25 19:28,25-1770,nan,4/16/25 19:27,9/5/25 19:31,B,2025-04-16 19:28:00,2025-04-16 19:27:00,375,3,2
2025138212,LDR175,4/16/25 20:23,25-1771,L-175,4/16/25 20:19,9/4/25 20:39,B,2025-04-16 20:23:00,2025-04-16 20:19:00,376,1,0
2025138218,E172,4/16/25 20:28,25-1772,nan,4/16/25 20:23,9/4/25 20:26,B,2025-04-16 20:28:00,2025-04-16 20:23:00,377,1,0
2025138344,E172,4/16/25 22:33,25-1773,E-172,4/16/25 22:31,9/4/25 22:51,B,2025-04-16 22:33:00,2025-04-16 22:31:00,378,1,0
2025138420,LDR175,4/17/25 0:03,25-1774,nan,4/17/25 0:02,9/5/25 0:10,B,2025-04-17 00:03:00,2025-04-17 00:02:00,379,1,0
2025138480,"E171, LDR175",4/17/25 1:53,25-1775,E-171,4/17/25 1:44,9/5/25 2:00,B,2025-04-17 01:53:00,2025-04-17 01:44:00,380,2,0
2025138686,BAT111,4/17/25 8:53,25-1776,nan,4/17/25 8:51,9/5/25 8:55,C,2025-04-17 08:53:00,2025-04-17 08:51:00,381,1,0
2025138765,E171,4/17/25 9:53,25-1777,E-171,4/17/25 9:47,9/5/25 10:21,C,2025-04-17 09:53:00,2025-04-17 09:47:00,382,1,0
2025138935,"E171, E172",4/17/25 11:53,25-1778,nan,4/17/25 11:48,9/5/25 11:50,C,2025-04-17 11:53:00,2025-04-17 11:48:00,383,2,0
2025138937,E171,4/17/25 11:58,25-1779,E-171,4/17/25 11:49,9/5/25 12:10,C,2025-04-17 11:58:00,2025-04-17 11:49:00,384,1,0
2025139013,LDR175,4/17/25 12:48,25-1780,L-175,4/17/25 12:44,9/5/25 13:23,C,2025-04-17 12:48:00,2025-04-17 12:44:00,385,1,0
2025139125,BAT111,4/17/25 13:58,25-1781,nan,4/17/25 13:54,9/5/25 13:59,C,2025-04-17 13:58:00,2025-04-17 13:54:00,386,1,0
2025139131,"E171, LDR175",4/17/25 14:03,25-1782,L-175,4/17/25 13:57,9/5/25 14:12,C,2025-04-17 14:03:00,2025-04-17 13:57:00,387,2,0
2025139356,LDR175,4/17/25 16:48,25-1783,nan,4/17/25 16:41,9/5/25 16:52,C,2025-04-17 16:48:00,2025-04-17 16:41:00,388,1,0
2025139384,LDR175,4/17/25 17:08,25-1784,L-175,4/17/25 17:05,9/5/25 17:15,C,2025-04-17 17:08:00,2025-04-17 17:05:00,389,1,0
2025139484,LDR175,4/17/25 18:23,25-1785,L-175,4/17/25 18:14,9/5/25 18:25,C,2025-04-17 18:23:00,2025-04-17 18:14:00,390,1,0
2025139656,"E171, LDR175",4/17/25 20:53,25-1786,L-175,4/17/25 20:46,9/4/25 20:59,C,2025-04-17 20:53:00,2025-04-17 20:46:00,391,2,0
2025139712,LDR175,4/17/25 21:38,25-1787,L-175,4/17/25 21:34,9/4/25 21:53,C,2025-04-17 21:38:00,2025-04-17 21:34:00,392,1,0
2025139903,LDR175,4/18/25 3:23,25-1788,L-175,4/18/25 3:18,9/5/25 3:30,C,2025-04-18 03:23:00,2025-04-18 03:18:00,393,1,0
2025139942,"BAT111, E171",4/18/25 6:33,25-1790,E-171,4/18/25 6:23,9/5/25 7:13,C,2025-04-18 06:33:00,2025-04-18 06:23:00,394,2,0
2025140116,"E172, LDR175",4/18/25 10:13,25-1791,E-172,4/18/25 10:07,9/5/25 10:19,C,2025-04-18 10:13:00,2025-04-18 10:07:00,395,2,0
2025140194,LDR175,4/18/25 10:58,25-1792,nan,4/18/25 10:49,9/5/25 10:56,C,2025-04-18 10:58:00,2025-04-18 10:49:00,396,1,0
2025140276,"E171, E172",4/18/25 11:48,25-1793,E-171,4/18/25 11:45,9/5/25 12:06,C,2025-04-18 11:48:00,2025-04-18 11:45:00,397,2,0
2025140286,"BAT111, LDR175",4/18/25 11:53,25-1794,L-175,4/18/25 11:51,9/5/25 12:38,C,2025-04-18 11:53:00,2025-04-18 11:51:00,398,2,0
2025140315,BAT111,4/18/25 12:03,25-1796,nan,4/18/25 12:00,9/5/25 12:05,C,2025-04-18 12:03:00,2025-04-18 12:00:00,399,1,0
2025140398,"BAT111, E171, LDR175",4/18/25 12:43,25-1797,L-175,4/18/25 12:39,9/5/25 12:46,C,2025-04-18 12:43:00,2025-04-18 12:39:00,400,3,2
2025140651,"E171, LDR175",4/18/25 15:23,25-1799,E-171,4/18/25 15:08,9/5/25 15:19,C,2025-04-18 15:23:00,2025-04-18 15:08:00,401,2,0
2025140689,E172,4/18/25 15:48,25-1800,E-172,4/18/25 15:47,9/5/25 16:02,C,2025-04-18 15:48:00,2025-04-18 15:47:00,402,1,0
2025140687,LDR175,4/18/25 15:48,25-1801,L-175,4/18/25 15:46,9/5/25 16:01,C,2025-04-18 15:48:00,2025-04-18 15:46:00,403,1,0
2025140772,LDR175,4/18/25 17:08,25-1802,L-175,4/18/25 17:01,9/5/25 17:15,C,2025-04-18 17:08:00,2025-04-18 17:01:00,404,1,0
2025140839,LDR175,4/18/25 18:03,25-1803,L-175,4/18/25 17:58,9/5/25 18:14,C,2025-04-18 18:03:00,2025-04-18 17:58:00,405,1,0
2025140894,"BAT111, C108, E171, E172, LDR175",4/18/25 18:53,25-1804,L-175,4/18/25 18:49,9/5/25 19:29,C,2025-04-18 18:53:00,2025-04-18 18:49:00,406,5,2
2025140970,LDR175,4/18/25 20:13,25-1805,L-175,4/18/25 20:08,9/4/25 20:17,C,2025-04-18 20:13:00,2025-04-18 20:08:00,407,1,0
2025141024,"E171, LDR175",4/18/25 20:58,25-1806,E-171,4/18/25 20:56,9/4/25 21:04,C,2025-04-18 20:58:00,2025-04-18 20:56:00,408,2,0
2025141417,E172,4/19/25 7:53,25-1807,E-172,4/19/25 7:46,9/5/25 7:56,A,2025-04-19 07:53:00,2025-04-19 07:46:00,409,1,0
2025141442,"E171, LDR175",4/19/25 8:28,25-1808,E-171,4/19/25 8:25,9/5/25 8:49,A,2025-04-19 08:28:00,2025-04-19 08:25:00,410,2,0
2025141454,"BAT111, E172, LDR175",4/19/25 8:48,25-1809,L-175,4/19/25 8:42,9/5/25 8:50,A,2025-04-19 08:48:00,2025-04-19 08:42:00,411,3,2
2025141510,"E171, E172",4/19/25 9:48,25-1810,E-171,4/19/25 9:45,9/5/25 9:54,A,2025-04-19 09:48:00,2025-04-19 09:45:00,412,2,0
2025141563,"E171, E172",4/19/25 10:48,25-1811,E-171,4/19/25 10:42,9/5/25 11:03,A,2025-04-19 10:48:00,2025-04-19 10:42:00,413,2,0
2025141789,"BAT111, E171, LDR175",4/19/25 14:48,25-1812,BC-111,4/19/25 14:43,9/5/25 17:33,A,2025-04-19 14:48:00,2025-04-19 14:43:00,414,3,2
2025141986,E172,4/19/25 17:03,25-1813,E-172,4/19/25 16:59,9/5/25 17:12,A,2025-04-19 17:03:00,2025-04-19 16:59:00,415,1,0
2025142012,E172,4/19/25 17:18,25-1815,E-172,4/19/25 17:14,9/5/25 17:23,A,2025-04-19 17:18:00,2025-04-19 17:14:00,416,1,0
2025142027,E172,4/19/25 17:28,25-1816,E-172,4/19/25 17:24,9/5/25 17:33,A,2025-04-19 17:28:00,2025-04-19 17:24:00,417,1,0
2025142328,"BAT111, E171, LDR175",4/19/25 21:58,25-1817,L-175,4/19/25 21:53,9/4/25 22:18,A,2025-04-19 21:58:00,2025-04-19 21:53:00,418,3,2
2025142347,LDR175,4/19/25 22:23,25-1818,nan,4/19/25 22:07,9/4/25 22:14,A,2025-04-19 22:23:00,2025-04-19 22:07:00,419,1,0
2025142415,"BAT111, E171, E172, LDR175",4/20/25 0:23,25-1819,L-175,4/20/25 0:20,9/5/25 0:43,A,2025-04-20 00:23:00,2025-04-20 00:20:00,420,4,2
2025142480,"BAT111, LDR175",4/20/25 2:03,25-1820,nan,4/20/25 2:02,9/5/25 2:11,A,2025-04-20 02:03:00,2025-04-20 02:02:00,421,2,0
2025142710,LDR175,4/20/25 10:48,25-1821,L-175,4/20/25 10:44,9/5/25 10:51,A,2025-04-20 10:48:00,2025-04-20 10:44:00,422,1,0
2025142718,"BAT111, E171",4/20/25 10:58,25-1822,E-171,4/20/25 10:51,9/5/25 10:58,A,2025-04-20 10:58:00,2025-04-20 10:51:00,423,2,0
2025142746,E171,4/20/25 11:33,25-1823,E-171,4/20/25 11:17,9/5/25 11:32,A,2025-04-20 11:33:00,2025-04-20 11:17:00,424,1,0
2025142828,"E172, LDR175",4/20/25 13:18,25-1824,E-172,4/20/25 13:17,9/5/25 13:36,A,2025-04-20 13:18:00,2025-04-20 13:17:00,425,2,0
2025142860,E172,4/20/25 14:13,25-1825,E-172,4/20/25 14:09,9/5/25 14:23,A,2025-04-20 14:13:00,2025-04-20 14:09:00,426,1,0
2025143000,E172,4/20/25 17:23,25-1826,E-172,4/20/25 17:19,9/5/25 17:41,A,2025-04-20 17:23:00,2025-04-20 17:19:00,427,1,0
2025143005,E171,4/20/25 17:28,25-1827,E-171,4/20/25 17:27,9/5/25 17:51,A,2025-04-20 17:28:00,2025-04-20 17:27:00,428,1,0
2025143053,E172,4/20/25 18:08,25-1828,nan,4/20/25 18:06,9/5/25 18:16,A,2025-04-20 18:08:00,2025-04-20 18:06:00,429,1,0
2025143129,"E171, LDR175",4/20/25 19:43,25-1829,E-171,4/20/25 19:42,9/5/25 19:52,A,2025-04-20 19:43:00,2025-04-20 19:42:00,430,2,0
2025143195,"BAT111, E171, LDR175",4/20/25 20:53,25-1830,L-175,4/20/25 20:48,9/4/25 21:05,A,2025-04-20 20:53:00,2025-04-20 20:48:00,431,3,2
2025143340,LDR175,4/20/25 23:58,25-1831,nan,4/20/25 13:40,9/5/25 13:47,A,2025-04-20 23:58:00,2025-04-20 13:40:00,432,1,0
2025143385,BAT111,4/21/25 1:43,25001832,nan,nan,nan,nan,2025-04-21 01:43:00,,433,1,0
2025143491,LDR175,4/21/25 7:38,25-1833,L-175,4/21/25 7:37,9/5/25 7:44,A,2025-04-21 07:38:00,2025-04-21 07:37:00,434,1,0
2025143806,LDR175,4/21/25 11:23,25-1834,nan,4/21/25 11:12,9/5/25 11:17,B,2025-04-21 11:23:00,2025-04-21 11:12:00,435,1,0
2025143849,"E171, LDR175",4/21/25 11:58,25-1835,E-171,4/21/25 11:53,9/5/25 12:07,B,2025-04-21 11:58:00,2025-04-21 11:53:00,436,2,0
2025143881,E171,4/21/25 12:13,25-1836,nan,4/21/25 12:02,9/5/25 12:08,B,2025-04-21 12:13:00,2025-04-21 12:02:00,437,1,0
2025144018,"BAT111, E171, E172",4/21/25 13:28,25-1837,E-171,4/21/25 13:26,9/5/25 13:52,B,2025-04-21 13:28:00,2025-04-21 13:26:00,438,3,2
2025144029,LDR175,4/21/25 13:33,25-1838,nan,4/21/25 13:29,9/5/25 13:32,nan,2025-04-21 13:33:00,2025-04-21 13:29:00,439,1,0
2025144101,C102,4/21/25 14:08,25-1839,C-102,4/21/25 14:03,9/5/25 15:16,nan,2025-04-21 14:08:00,2025-04-21 14:03:00,440,1,0
2025144106,"E171, E172, LDR175",4/21/25 14:13,25-1840,E-172,4/21/25 14:05,9/5/25 14:32,B,2025-04-21 14:13:00,2025-04-21 14:05:00,441,3,2
2025144154,"E171, LDR175",4/21/25 14:38,25-1841,nan,4/21/25 14:32,9/5/25 14:38,B,2025-04-21 14:38:00,2025-04-21 14:32:00,442,2,0
2025144178,"E171, LDR175",4/21/25 14:53,25-1842,nan,4/21/25 14:48,9/5/25 14:52,B,2025-04-21 14:53:00,2025-04-21 14:48:00,443,2,0
2025144252,"BAT111, E172",4/21/25 15:38,25-1843,nan,4/21/25 15:37,9/5/25 15:47,B,2025-04-21 15:38:00,2025-04-21 15:37:00,444,2,0
2025144399,E172,4/21/25 17:13,25-1844,E-172,4/21/25 17:10,9/5/25 17:20,A,2025-04-21 17:13:00,2025-04-21 17:10:00,445,1,0
2025144401,E171,4/21/25 17:18,25-1845,E-171,4/21/25 17:13,9/5/25 17:25,B,2025-04-21 17:18:00,2025-04-21 17:13:00,446,1,0
2025144422,"C102, E171",4/21/25 17:33,25-1846,E-171,4/21/25 17:30,9/5/25 17:41,B,2025-04-21 17:33:00,2025-04-21 17:30:00,447,2,0
2025144458,"BAT111, E172",4/21/25 17:53,25-1847,E-172,4/21/25 17:47,9/5/25 18:08,B,2025-04-21 17:53:00,2025-04-21 17:47:00,448,2,0
2025144500,"BAT111, E172",4/21/25 18:23,25-1848,nan,4/21/25 18:18,9/5/25 18:20,B,2025-04-21 18:23:00,2025-04-21 18:18:00,449,2,0
2025144530,"BAT111, E171, LDR175",4/21/25 18:33,25-1849,L-175,4/21/25 18:30,9/5/25 18:44,B,2025-04-21 18:33:00,2025-04-21 18:30:00,450,3,2
2025144583,"E171, LDR175",4/21/25 19:23,25-1850,E-171,4/21/25 19:21,9/5/25 19:28,B,2025-04-21 19:23:00,2025-04-21 19:21:00,451,2,0
2025144643,LDR175,4/21/25 20:28,25-1851,L-175,4/21/25 20:25,9/4/25 20:57,B,2025-04-21 20:28:00,2025-04-21 20:25:00,452,1,0
2025144863,"BAT111, LDR175",4/22/25 3:08,25-1852,nan,4/22/25 3:05,9/5/25 3:12,B,2025-04-22 03:08:00,2025-04-22 03:05:00,453,2,0
2025144929,LDR175,4/22/25 6:28,25-1853,L-175,4/22/25 6:19,9/5/25 6:39,B,2025-04-22 06:28:00,2025-04-22 06:19:00,454,1,0
2025144973,LDR175,4/22/25 7:48,25-1854,L-175,4/22/25 7:46,9/5/25 7:54,B,2025-04-22 07:48:00,2025-04-22 07:46:00,455,1,0
2025145136,LDR175,4/22/25 10:18,25-1855,nan,4/22/25 10:11,9/5/25 10:16,B,2025-04-22 10:18:00,2025-04-22 10:11:00,456,1,0
2025145295,"E171, LDR175",4/22/25 12:48,25-1857,L-175,4/22/25 12:47,9/5/25 12:57,B,2025-04-22 12:48:00,2025-04-22 12:47:00,457,2,0
2025145307,"E171, E172, LDR175",4/22/25 12:58,25-1858,L-175,4/22/25 12:56,9/5/25 13:13,B,2025-04-22 12:58:00,2025-04-22 12:56:00,458,3,2
2025145464,E171,4/22/25 14:53,25-1859,E-171,4/22/25 14:48,9/5/25 15:14,B,2025-04-22 14:53:00,2025-04-22 14:48:00,459,1,0
2025145498,LDR175,4/22/25 15:03,25-1860,L-175,4/22/25 15:02,9/5/25 15:17,B,2025-04-22 15:03:00,2025-04-22 15:02:00,460,1,0
2025145579,"E171, LDR175",4/22/25 15:48,25-1861,L-175,4/22/25 15:44,9/5/25 16:03,B,2025-04-22 15:48:00,2025-04-22 15:44:00,461,2,0
2025145793,LDR175,4/22/25 18:03,25-1862,L-175,4/22/25 18:01,9/5/25 18:28,B,2025-04-22 18:03:00,2025-04-22 18:01:00,462,1,0
2025145817,"E171, E172",4/22/25 18:18,25-1863,E-172,4/22/25 18:13,9/5/25 18:52,B,2025-04-22 18:18:00,2025-04-22 18:13:00,463,2,0
2025145842,LDR175,4/22/25 18:33,25-1864,nan,4/22/25 18:27,9/5/25 18:32,B,2025-04-22 18:33:00,2025-04-22 18:27:00,464,1,0
2025145910,LDR175,4/22/25 19:13,25-1865,nan,4/22/25 19:06,9/5/25 19:12,nan,2025-04-22 19:13:00,2025-04-22 19:06:00,465,1,0
2025146077,"BAT111, E171, E172, LDR175",4/22/25 21:48,25-1866,BC-111,4/22/25 21:47,9/4/25 22:00,B,2025-04-22 21:48:00,2025-04-22 21:47:00,466,4,2
2025146131,LDR175,4/22/25 23:08,25-1867,L-175,4/22/25 23:04,9/4/25 23:24,nan,2025-04-22 23:08:00,2025-04-22 23:04:00,467,1,0
2025146200,LDR175,4/23/25 1:58,25-1868,L-175,4/23/25 1:52,9/5/25 2:10,B,2025-04-23 01:58:00,2025-04-23 01:52:00,468,1,0
2025146263,LDR175,4/23/25 4:38,25-1869,L-175,4/23/25 4:32,9/5/25 4:59,B,2025-04-23 04:38:00,2025-04-23 04:32:00,469,1,0
2025146437,BAT111,4/23/25 8:58,25-1870,nan,4/23/25 8:57,9/5/25 9:12,C,2025-04-23 08:58:00,2025-04-23 08:57:00,470,1,0
2025146494,E172,4/23/25 9:53,25-1871,nan,4/23/25 9:52,9/5/25 9:54,C,2025-04-23 09:53:00,2025-04-23 09:52:00,471,1,0
2025146512,"E171, E172",4/23/25 10:13,25-1872,E-171,4/23/25 10:07,9/5/25 10:14,C,2025-04-23 10:13:00,2025-04-23 10:07:00,472,2,0
2025146739,LDR175,4/23/25 12:43,25-1873,nan,4/23/25 12:35,9/5/25 12:41,nan,2025-04-23 12:43:00,2025-04-23 12:35:00,473,1,0
2025146746,E172,4/23/25 12:48,25-1874,nan,4/23/25 12:46,9/5/25 12:48,C,2025-04-23 12:48:00,2025-04-23 12:46:00,474,1,0
2025147003,LDR175,4/23/25 15:53,25-1875,L-175,4/23/25 15:49,9/5/25 16:03,C,2025-04-23 15:53:00,2025-04-23 15:49:00,475,1,0
2025147079,LDR175,4/23/25 16:23,25-1876,L-175,4/23/25 16:22,9/5/25 16:37,C,2025-04-23 16:23:00,2025-04-23 16:22:00,476,1,0
2025147208,E172,4/23/25 17:38,25-1877,E-172,4/23/25 17:35,9/5/25 17:48,C,2025-04-23 17:38:00,2025-04-23 17:35:00,477,1,0
2025147294,LDR175,4/23/25 18:43,25-1878,L-175,4/23/25 18:41,9/5/25 18:55,C,2025-04-23 18:43:00,2025-04-23 18:41:00,478,1,0
2025147304,E172,4/23/25 18:58,25-1879,E-172,4/23/25 18:55,9/5/25 19:12,C,2025-04-23 18:58:00,2025-04-23 18:55:00,479,1,0
2025147364,E171,4/23/25 20:03,25-1880,E-171,4/23/25 19:55,9/4/25 21:50,C,2025-04-23 20:03:00,2025-04-23 19:55:00,480,1,0
2025147492,E171,4/23/25 22:08,25-1881,E-171,4/23/25 22:00,9/4/25 22:11,C,2025-04-23 22:08:00,2025-04-23 22:00:00,481,1,0
2025147610,LDR175,4/24/25 1:43,25-1882,L-175,4/24/25 1:36,9/5/25 1:44,C,2025-04-24 01:43:00,2025-04-24 01:36:00,482,1,0
2025147890,E172,4/24/25 10:03,25-1883,E-172,4/24/25 9:59,9/5/25 10:25,C,2025-04-24 10:03:00,2025-04-24 09:59:00,483,1,0
2025148200,"B117, BAT111, LDR175",4/24/25 14:03,25-1884,L-175,4/24/25 14:00,9/5/25 14:50,A,2025-04-24 14:03:00,2025-04-24 14:00:00,484,3,2
2025148299,"BAT111, C107, E172",4/24/25 14:58,25-1885,C-107,4/24/25 14:56,9/5/25 15:09,C,2025-04-24 14:58:00,2025-04-24 14:56:00,485,3,2
2025148385,LDR175,4/24/25 15:58,25-1886,L-175,4/24/25 15:56,9/5/25 16:11,A,2025-04-24 15:58:00,2025-04-24 15:56:00,486,1,0
2025148601,LDR175,4/24/25 18:03,25-1887,nan,4/24/25 17:56,9/5/25 18:02,A,2025-04-24 18:03:00,2025-04-24 17:56:00,487,1,0
2025148763,"E171, LDR175",4/24/25 20:58,25-1888,L-175,4/24/25 20:55,9/4/25 21:18,A,2025-04-24 20:58:00,2025-04-24 20:55:00,488,2,0
2025148989,"E171, LDR175",4/25/25 3:13,25-1889,L-175,4/25/25 3:09,9/5/25 3:28,A,2025-04-25 03:13:00,2025-04-25 03:09:00,489,2,0
2025149091,E171,4/25/25 7:13,25-1890,E-171,4/25/25 7:06,9/5/25 7:31,C,2025-04-25 07:13:00,2025-04-25 07:06:00,490,1,0
2025149420,LDR175,4/25/25 11:28,25-1891,L-175,4/25/25 11:26,9/5/25 11:47,A,2025-04-25 11:28:00,2025-04-25 11:26:00,491,1,0
2025149486,E171,4/25/25 12:18,25-1892,nan,4/25/25 12:14,9/5/25 12:24,A,2025-04-25 12:18:00,2025-04-25 12:14:00,492,1,0
2025149692,"E171, LDR175",4/25/25 14:28,25-1893,L-175,4/25/25 14:24,9/5/25 14:54,A,2025-04-25 14:28:00,2025-04-25 14:24:00,493,2,0
2025149695,"E171, E172",4/25/25 14:28,25-1894,E-171,4/25/25 14:24,9/5/25 14:38,A,2025-04-25 14:28:00,2025-04-25 14:24:00,494,2,0
2025149832,LDR175,4/25/25 15:53,25-1895,L-175,4/25/25 15:49,9/5/25 16:10,A,2025-04-25 15:53:00,2025-04-25 15:49:00,495,1,0
2025149873,LDR175,4/25/25 16:23,25-1896,nan,4/25/25 16:18,9/5/25 16:35,A,2025-04-25 16:23:00,2025-04-25 16:18:00,496,1,0
2025149878,E171,4/25/25 16:33,25-1897,E-171,4/25/25 16:25,9/5/25 16:32,A,2025-04-25 16:33:00,2025-04-25 16:25:00,497,1,0
2025149947,"E171, LDR175",4/25/25 17:38,25-1898,E-171,4/25/25 17:36,9/5/25 17:48,A,2025-04-25 17:38:00,2025-04-25 17:36:00,498,2,0
2025149993,LDR175,4/25/25 18:13,25-1899,nan,4/25/25 18:09,9/5/25 18:16,A,2025-04-25 18:13:00,2025-04-25 18:09:00,499,1,0
2025150145,LDR175,4/25/25 20:28,25-1900,nan,4/25/25 20:20,9/4/25 20:31,A,2025-04-25 20:28:00,2025-04-25 20:20:00,500,1,0
2025150151,E171,4/25/25 20:33,25-1901,E-171,4/25/25 20:28,9/4/25 20:44,A,2025-04-25 20:33:00,2025-04-25 20:28:00,501,1,0
2025150205,LDR175,4/25/25 21:23,25-1903,L-175,4/25/25 21:19,9/4/25 21:31,A,2025-04-25 21:23:00,2025-04-25 21:19:00,502,1,0
2025150202,E171,4/25/25 21:23,25-1902,E-171,4/25/25 21:17,9/4/25 21:31,A,2025-04-25 21:23:00,2025-04-25 21:17:00,503,1,0
2025150350,E172,4/26/25 0:28,25-1904,E-172,4/26/25 0:18,9/5/25 1:42,A,2025-04-26 00:28:00,2025-04-26 00:18:00,504,1,0
2025150516,E172,4/26/25 7:28,25-1905,E-172,4/26/25 7:21,9/5/25 7:36,A,2025-04-26 07:28:00,2025-04-26 07:21:00,505,1,0
2025150545,BAT111,4/26/25 8:08,25-1906,nan,4/26/25 8:03,9/5/25 8:11,A,2025-04-26 08:08:00,2025-04-26 08:03:00,506,1,0
2025150614,"BAT111, E171, LDR175",4/26/25 9:38,25-1907,E-171,4/26/25 9:36,9/5/25 9:41,A,2025-04-26 09:38:00,2025-04-26 09:36:00,507,3,2
2025150724,LDR175,4/26/25 11:28,25-1908,nan,4/26/25 11:15,9/5/25 11:20,A,2025-04-26 11:28:00,2025-04-26 11:15:00,508,1,0
2025150823,LDR175,4/26/25 12:53,25-1909,nan,4/26/25 12:48,9/5/25 12:55,A,2025-04-26 12:53:00,2025-04-26 12:48:00,509,1,0
2025150844,LDR175,4/26/25 13:08,25-1910,L-175,4/26/25 13:01,9/5/25 13:11,A,2025-04-26 13:08:00,2025-04-26 13:01:00,510,1,0
2025150908,LDR175,4/26/25 13:58,25-1911,L-175,4/26/25 13:52,9/5/25 14:09,A,2025-04-26 13:58:00,2025-04-26 13:52:00,511,1,0
2025150949,E172,4/26/25 14:43,25-1912,nan,4/26/25 14:38,9/5/25 14:46,A,2025-04-26 14:43:00,2025-04-26 14:38:00,512,1,0
2025151036,"E171, LDR175",4/26/25 15:53,25-1913,nan,4/26/25 15:46,9/5/25 15:56,A,2025-04-26 15:53:00,2025-04-26 15:46:00,513,2,0
2025151249,LDR175,4/26/25 19:28,25-1914,nan,4/26/25 19:21,9/5/25 19:28,A,2025-04-26 19:28:00,2025-04-26 19:21:00,514,1,0
2025151259,LDR175,4/26/25 19:38,25-1915,L-175,4/26/25 19:35,9/5/25 19:50,A,2025-04-26 19:38:00,2025-04-26 19:35:00,515,1,0
2025151313,E172,4/26/25 20:28,25-1916,E-172,4/26/25 20:23,9/4/25 20:47,A,2025-04-26 20:28:00,2025-04-26 20:23:00,516,1,0
2025151344,E172,4/26/25 21:03,25-1917,E-172,4/26/25 20:57,9/4/25 21:18,A,2025-04-26 21:03:00,2025-04-26 20:57:00,517,1,0
2025151371,E171,4/26/25 21:28,25-1918,E-171,4/26/25 21:22,9/4/25 21:34,A,2025-04-26 21:28:00,2025-04-26 21:22:00,518,1,0
2025151479,E172,4/26/25 23:13,25-1919,E-172,4/26/25 23:08,9/4/25 23:28,A,2025-04-26 23:13:00,2025-04-26 23:08:00,519,1,0
2025151513,E172,4/26/25 23:38,25-1920,nan,4/26/25 23:37,9/4/25 23:42,A,2025-04-26 23:38:00,2025-04-26 23:37:00,520,1,0
2025151668,LDR175,4/27/25 3:13,25-1921,nan,4/27/25 3:05,9/5/25 3:17,A,2025-04-27 03:13:00,2025-04-27 03:05:00,521,1,0
2025151684,LDR175,4/27/25 3:43,25-1922,nan,4/27/25 3:33,9/5/25 3:46,A,2025-04-27 03:43:00,2025-04-27 03:33:00,522,1,0
2025151694,LDR175,4/27/25 4:38,25-1923,L-175,4/27/25 4:32,9/5/25 4:44,A,2025-04-27 04:38:00,2025-04-27 04:32:00,523,1,0
2025151760,E172,4/27/25 7:58,25-1924,nan,4/27/25 7:57,9/5/25 8:07,B,2025-04-27 07:58:00,2025-04-27 07:57:00,524,1,0
2025151838,E172,4/27/25 9:53,25-1925,nan,4/27/25 9:44,9/5/25 9:48,B,2025-04-27 09:53:00,2025-04-27 09:44:00,525,1,0
2025151899,E171,4/27/25 11:33,25-1926,E-171,4/27/25 11:28,9/5/25 11:43,B,2025-04-27 11:33:00,2025-04-27 11:28:00,526,1,0
2025152032,E171,4/27/25 13:48,25-1928,E-171,4/27/25 13:37,9/5/25 14:02,B,2025-04-27 13:48:00,2025-04-27 13:37:00,527,1,0
2025152054,E171,4/27/25 14:23,25- 1929,E-171,4/27/25 14:19,9/5/25 14:32,B,2025-04-27 14:23:00,2025-04-27 14:19:00,528,1,0
2025152203,LDR175,4/27/25 17:18,25-1930,L-175,4/27/25 17:09,9/5/25 17:33,B,2025-04-27 17:18:00,2025-04-27 17:09:00,529,1,0
2025152281,E171,4/27/25 18:48,25-1932,E-171,4/27/25 18:42,9/5/25 19:09,B,2025-04-27 18:48:00,2025-04-27 18:42:00,530,1,0
2025152289,LDR175,4/27/25 18:53,25-1933,L-175,4/27/25 18:46,9/5/25 19:05,B,2025-04-27 18:53:00,2025-04-27 18:46:00,531,1,0
2025152464,LDR175,4/27/25 21:58,25-1934,nan,4/27/25 21:53,9/4/25 22:01,nan,2025-04-27 21:58:00,2025-04-27 21:53:00,532,1,0
2025152703,"C102, E171, E172",4/28/25 7:38,25-1935,E-171,4/28/25 7:34,9/5/25 7:41,B,2025-04-28 07:38:00,2025-04-28 07:34:00,533,3,2
2025152712,E172,4/28/25 7:48,25-1936,E-172,4/28/25 7:42,9/5/25 7:54,B,2025-04-28 07:48:00,2025-04-28 07:42:00,534,1,0
2025152724,LDR175,4/28/25 8:03,25-1937,L-175,4/28/25 7:59,9/5/25 8:10,B,2025-04-28 08:03:00,2025-04-28 07:59:00,535,1,0
2025152896,"E171, E172, SRT117",4/28/25 10:18,25-1938,E-172,4/28/25 10:13,9/5/25 10:41,B,2025-04-28 10:18:00,2025-04-28 10:13:00,536,3,2
2025152945,"E171, E172",4/28/25 10:48,25-1939,nan,4/28/25 10:42,9/5/25 10:46,B,2025-04-28 10:48:00,2025-04-28 10:42:00,537,2,0
2025153082,"E171, E172",4/28/25 12:18,25-1940,E-171,4/28/25 12:13,9/5/25 12:24,B,2025-04-28 12:18:00,2025-04-28 12:13:00,538,2,0
2025153096,"E172, SRT117",4/28/25 12:23,25-1941,SRT-117,4/28/25 12:19,9/5/25 12:41,B,2025-04-28 12:23:00,2025-04-28 12:19:00,539,2,0
2025153127,E171,4/28/25 12:38,25-1942,E-171,4/28/25 12:33,9/5/25 13:07,B,2025-04-28 12:38:00,2025-04-28 12:33:00,540,1,0
2025153186,E171,4/28/25 13:28,25-1943,E-171,4/28/25 13:25,9/5/25 13:33,B,2025-04-28 13:28:00,2025-04-28 13:25:00,541,1,0
2025153220,"E174, SRT117",4/28/25 13:43,25-1944,SRT-117,4/28/25 13:40,9/5/25 13:47,B,2025-04-28 13:43:00,2025-04-28 13:40:00,542,2,0
2025153269,E171,4/28/25 14:28,25-1945,E-171,4/28/25 14:23,9/5/25 14:31,B,2025-04-28 14:28:00,2025-04-28 14:23:00,543,1,0
2025153400,"E171, E172, SRT117",4/28/25 15:58,25-1946,SRT-117,4/28/25 15:48,9/5/25 15:57,B,2025-04-28 15:58:00,2025-04-28 15:48:00,544,3,2
2025153423,E172,4/28/25 16:03,25-1947,E-172,4/28/25 16:00,9/5/25 16:16,B,2025-04-28 16:03:00,2025-04-28 16:00:00,545,1,0
2025153493,"E171, LDR175",4/28/25 16:58,25-1948,L-175,4/28/25 16:54,9/5/25 17:00,B,2025-04-28 16:58:00,2025-04-28 16:54:00,546,2,0
2025153601,LDR175,4/28/25 18:28,25-1949,L-175,4/28/25 18:21,9/5/25 18:31,B,2025-04-28 18:28:00,2025-04-28 18:21:00,547,1,0
2025153633,LDR175,4/28/25 18:53,25-1950,L-175,4/28/25 18:49,9/5/25 19:10,B,2025-04-28 18:53:00,2025-04-28 18:49:00,548,1,0
2025153703,E172,4/28/25 19:48,25-1951,E-172,4/28/25 19:46,9/4/25 20:10,B,2025-04-28 19:48:00,2025-04-28 19:46:00,549,1,0
2025153741,E171,4/28/25 20:13,25-1952,E-171,4/28/25 20:06,9/4/25 20:49,B,2025-04-28 20:13:00,2025-04-28 20:06:00,550,1,0
2025153768,"E172, LDR175",4/28/25 20:38,25-1953,E-172,4/28/25 20:35,9/4/25 20:56,B,2025-04-28 20:38:00,2025-04-28 20:35:00,551,2,0
2025153824,LDR175,4/28/25 21:33,25-1954,L-175,4/28/25 21:29,9/4/25 21:37,B,2025-04-28 21:33:00,2025-04-28 21:29:00,552,1,0
2025153947,E171,4/29/25 2:03,25-1955,E-171,4/29/25 1:55,9/5/25 2:19,B,2025-04-29 02:03:00,2025-04-29 01:55:00,553,1,0
2025154233,BAT111,4/29/25 9:33,25-1956,nan,4/29/25 9:28,9/5/25 9:31,C,2025-04-29 09:33:00,2025-04-29 09:28:00,554,1,0
2025154326,E172,4/29/25 10:18,25-1957,nan,4/29/25 10:11,9/5/25 10:22,C,2025-04-29 10:18:00,2025-04-29 10:11:00,555,1,0
2025154327,E171,4/29/25 10:18,25-1958,E-171,4/29/25 10:14,9/5/25 10:26,C,2025-04-29 10:18:00,2025-04-29 10:14:00,556,1,0
2025154370,BAT111,4/29/25 10:43,25-1959,nan,4/29/25 10:41,9/5/25 10:42,C,2025-04-29 10:43:00,2025-04-29 10:41:00,557,1,0
2025154444,E172,4/29/25 11:13,25-1960,nan,4/29/25 11:11,9/5/25 11:12,C,2025-04-29 11:13:00,2025-04-29 11:11:00,558,1,0
2025154458,E171,4/29/25 11:18,25-1961,E-171,4/29/25 11:16,9/5/25 11:38,C,2025-04-29 11:18:00,2025-04-29 11:16:00,559,1,0
2025154697,E171,4/29/25 13:48,25-1962,nan,4/29/25 13:44,9/5/25 13:58,C,2025-04-29 13:48:00,2025-04-29 13:44:00,560,1,0
2025154801,"E171, E172",4/29/25 14:43,25-1963,E-171,4/29/25 14:40,9/5/25 14:48,C,2025-04-29 14:43:00,2025-04-29 14:40:00,561,2,0
2025154862,E172,4/29/25 15:18,25-1964,E-172,4/29/25 15:12,9/5/25 15:27,C,2025-04-29 15:18:00,2025-04-29 15:12:00,562,1,0
2025154947,E171,4/29/25 15:58,25-1965,E-171,4/29/25 15:54,9/5/25 16:06,C,2025-04-29 15:58:00,2025-04-29 15:54:00,563,1,0
2025154975,E172,4/29/25 16:23,25-1966,E-172,4/29/25 16:14,9/5/25 16:29,C,2025-04-29 16:23:00,2025-04-29 16:14:00,564,1,0
2025155172,LDR175,4/29/25 18:28,25-1967,nan,4/29/25 18:26,9/5/25 18:28,C,2025-04-29 18:28:00,2025-04-29 18:26:00,565,1,0
2025155318,LDR175,4/29/25 20:43,25-1968,L-175,4/29/25 20:38,9/4/25 20:49,C,2025-04-29 20:43:00,2025-04-29 20:38:00,566,1,0
2025155446,LDR175,4/29/25 23:13,25-1969,L-175,4/29/25 23:10,9/4/25 23:16,C,2025-04-29 23:13:00,2025-04-29 23:10:00,567,1,0
2025155539,LDR175,4/30/25 3:23,25-1971,L-175,4/30/25 3:20,9/5/25 3:39,C,2025-04-30 03:23:00,2025-04-30 03:20:00,568,1,0
2025155534,E172,4/30/25 3:23,25-1970,E-172,4/30/25 3:15,9/5/25 3:33,C,2025-04-30 03:23:00,2025-04-30 03:15:00,569,1,0
2025155546,E171,4/30/25 3:28,25-1972,E-171,4/30/25 3:24,9/5/25 3:44,C,2025-04-30 03:28:00,2025-04-30 03:24:00,570,1,0
2025155583,E171,4/30/25 4:53,25-1973,E-171,4/30/25 4:51,9/5/25 5:07,C,2025-04-30 04:53:00,2025-04-30 04:51:00,571,1,0
2025155613,E171,4/30/25 6:48,25-1974,E-171,4/30/25 6:44,9/5/25 7:02,C,2025-04-30 06:48:00,2025-04-30 06:44:00,572,1,0
2025155637,LDR175,4/30/25 7:38,25-1975,nan,4/30/25 7:29,9/5/25 7:42,C,2025-04-30 07:38:00,2025-04-30 07:29:00,573,1,0
2025155678,LDR175,4/30/25 8:08,25-1976,L-175,4/30/25 8:03,9/5/25 8:24,C,2025-04-30 08:08:00,2025-04-30 08:03:00,574,1,0
2025155693,E172,4/30/25 8:13,25-1977,E-172,4/30/25 8:07,9/5/25 8:22,C,2025-04-30 08:13:00,2025-04-30 08:07:00,575,1,0
2025155735,LDR175,4/30/25 8:28,25-1978,L-175,4/30/25 8:25,9/5/25 8:51,A,2025-04-30 08:28:00,2025-04-30 08:25:00,576,1,0
2025155974,E171,4/30/25 11:08,25-1979,E-171,4/30/25 11:07,9/5/25 11:30,C,2025-04-30 11:08:00,2025-04-30 11:07:00,577,1,0
2025156055,E171,4/30/25 11:53,25-1980,nan,4/30/25 11:44,9/5/25 11:50,C,2025-04-30 11:53:00,2025-04-30 11:44:00,578,1,0
2025156411,E171,4/30/25 15:18,25-1981,E-171,4/30/25 15:11,9/5/25 15:50,C,2025-04-30 15:18:00,2025-04-30 15:11:00,579,1,0
2025156622,E171,4/30/25 17:43,25-1982,E-171,4/30/25 17:38,9/5/25 17:50,C,2025-04-30 17:43:00,2025-04-30 17:38:00,580,1,0
2025156646,"E172, LDR175",4/30/25 18:03,25-1983,L-175,4/30/25 17:58,9/5/25 18:17,C,2025-04-30 18:03:00,2025-04-30 17:58:00,581,2,0
2025156689,"E171, E172, LDR175",4/30/25 18:48,25-1984,L-175,4/30/25 18:42,9/5/25 19:35,C,2025-04-30 18:48:00,2025-04-30 18:42:00,582,3,2
2025156819,E171,4/30/25 20:48,25-1985,E-171,4/30/25 20:41,9/4/25 21:02,C,2025-04-30 20:48:00,2025-04-30 20:41:00,583,1,0
2025156898,LDR175,4/30/25 22:08,25-1986,L-175,4/30/25 22:03,9/4/25 22:13,C,2025-04-30 22:08:00,2025-04-30 22:03:00,584,1,0
2025156902,"BAT111, E171, LDR175",4/30/25 22:13,25-1987,BC-111,4/30/25 22:11,9/4/25 22:48,C,2025-04-30 22:13:00,2025-04-30 22:11:00,585,3,2
2025156962,"E171, LDR175",4/30/25 23:33,25-1988,L-175,4/30/25 23:29,9/4/25 23:56,C,2025-04-30 23:33:00,2025-04-30 23:29:00,586,2,0
2025157097,LDR175,5/1/25 7:08,25-1989,L-175,5/1/25 7:03,9/5/25 7:34,C,2025-05-01 07:08:00,2025-05-01 07:03:00,587,1,0
2025157225,E171,5/1/25 9:03,25-1990,E-171,5/1/25 8:57,9/5/25 9:20,A,2025-05-01 09:03:00,2025-05-01 08:57:00,588,1,0
2025157242,E172,5/1/25 9:13,25-1991,E-172,5/1/25 9:08,9/5/25 9:34,A,2025-05-01 09:13:00,2025-05-01 09:08:00,589,1,0
2025157386,E171,5/1/25 10:38,25-1992,E-171,5/1/25 10:36,9/5/25 10:51,A,2025-05-01 10:38:00,2025-05-01 10:36:00,590,1,0
2025157521,E172,5/1/25 12:18,25-1993,nan,5/1/25 12:13,9/5/25 12:20,A,2025-05-01 12:18:00,2025-05-01 12:13:00,591,1,0
2025157547,E171,5/1/25 12:33,25-1994,nan,5/1/25 12:26,9/5/25 12:31,A,2025-05-01 12:33:00,2025-05-01 12:26:00,592,1,0
2025157561,E171,5/1/25 12:43,25-1995,E-171,5/1/25 12:40,9/5/25 13:05,A,2025-05-01 12:43:00,2025-05-01 12:40:00,593,1,0
2025157636,E172,5/1/25 13:28,25-1996,E-172,5/1/25 13:26,9/5/25 13:51,A,2025-05-01 13:28:00,2025-05-01 13:26:00,594,1,0
2025157688,E171,5/1/25 14:13,25-1997,E-171,5/1/25 14:06,9/5/25 14:38,A,2025-05-01 14:13:00,2025-05-01 14:06:00,595,1,0
2025157768,"BAT111, E171, E172",5/1/25 14:58,25-1999,E-172,5/1/25 14:54,9/5/25 15:27,A,2025-05-01 14:58:00,2025-05-01 14:54:00,596,3,2
2025157769,"E171, LDR175, SRT117",5/1/25 14:58,25-2000,E-171,5/1/25 14:54,9/5/25 15:15,A,2025-05-01 14:58:00,2025-05-01 14:54:00,597,3,2
2025157793,E171,5/1/25 15:13,25-2001,E-171,5/1/25 15:08,9/5/25 15:45,A,2025-05-01 15:13:00,2025-05-01 15:08:00,598,1,0
2025157820,E172,5/1/25 15:28,25-2002,E-172,5/1/25 15:26,9/5/25 15:43,A,2025-05-01 15:28:00,2025-05-01 15:26:00,599,1,0
2025157823,LDR175,5/1/25 15:33,25-2003,L-175,5/1/25 15:26,9/5/25 15:38,A,2025-05-01 15:33:00,2025-05-01 15:26:00,600,1,0
2025157859,"E171, E172",5/1/25 15:53,25-2004,E-172,5/1/25 15:48,9/5/25 16:26,A,2025-05-01 15:53:00,2025-05-01 15:48:00,601,2,0
2025157884,"BAT111, E171, E172, LDR175, M105",5/1/25 16:08,25-2005,M-105,5/1/25 16:03,9/5/25 16:46,A,2025-05-01 16:08:00,2025-05-01 16:03:00,602,5,2
2025157901,M105,5/1/25 16:13,25002006,M-105,nan,nan,nan,2025-05-01 16:13:00,,603,1,0
2025157923,LDR175,5/1/25 16:28,25-2007,nan,5/1/25 16:24,9/5/25 16:29,A,2025-05-01 16:28:00,2025-05-01 16:24:00,604,1,0
2025157940,"E172, LDR175",5/1/25 16:38,25-2008,L-175,5/1/25 16:32,9/5/25 16:53,A,2025-05-01 16:38:00,2025-05-01 16:32:00,605,2,0
2025157982,E172,5/1/25 17:03,25-2009,E-172,5/1/25 16:58,9/5/25 17:16,A,2025-05-01 17:03:00,2025-05-01 16:58:00,606,1,0
2025158070,BAT111,5/1/25 17:58,25-2010,nan,5/1/25 17:57,9/5/25 18:00,A,2025-05-01 17:58:00,2025-05-01 17:57:00,607,1,0
2025158088,E172,5/1/25 18:08,25-2011,E-172,5/1/25 18:06,9/5/25 18:26,A,2025-05-01 18:08:00,2025-05-01 18:06:00,608,1,0
2025158163,LDR175,5/1/25 19:03,25-2012,nan,5/1/25 19:01,9/5/25 19:07,A,2025-05-01 19:03:00,2025-05-01 19:01:00,609,1,0
2025158172,LDR175,5/1/25 19:13,25-2013,nan,5/1/25 18:52,9/5/25 18:55,A,2025-05-01 19:13:00,2025-05-01 18:52:00,610,1,0
2025158231,LDR175,5/1/25 20:03,25-2015,nan,5/1/25 20:01,9/4/25 20:10,A,2025-05-01 20:03:00,2025-05-01 20:01:00,611,1,0
2025158227,E171,5/1/25 20:03,25-2014,E-171,5/1/25 19:58,9/4/25 20:20,A,2025-05-01 20:03:00,2025-05-01 19:58:00,612,1,0
2025158247,LDR175,5/1/25 20:23,25-2017,L-175,5/1/25 20:19,9/4/25 20:50,A,2025-05-01 20:23:00,2025-05-01 20:19:00,613,1,0
2025158280,LDR175,5/1/25 21:08,25-2018,nan,5/1/25 21:00,9/4/25 21:11,A,2025-05-01 21:08:00,2025-05-01 21:00:00,614,1,0
2025158421,BAT111,5/2/25 0:13,25-2019,nan,5/2/25 0:11,9/5/25 0:13,A,2025-05-02 00:13:00,2025-05-02 00:11:00,615,1,0
2025158461,E171,5/2/25 1:33,25-2020,E-171,5/2/25 1:28,9/5/25 1:48,A,2025-05-02 01:33:00,2025-05-02 01:28:00,616,1,0
2025158470,"BAT111, E171, LDR175",5/2/25 2:08,25-2021,L-175,5/2/25 1:58,9/5/25 2:14,A,2025-05-02 02:08:00,2025-05-02 01:58:00,617,3,2
2025158498,"E171, LDR175",5/2/25 3:48,25-2022,L-175,5/2/25 3:44,9/5/25 4:00,A,2025-05-02 03:48:00,2025-05-02 03:44:00,618,2,0
2025158506,E171,5/2/25 4:03,25-2023,E-171,5/2/25 3:57,9/5/25 4:23,A,2025-05-02 04:03:00,2025-05-02 03:57:00,619,1,0
2025158588,E171,5/2/25 7:13,25-2024,E-171,5/2/25 7:09,9/5/25 7:32,A,2025-05-02 07:13:00,2025-05-02 07:09:00,620,1,0
2025158700,"E171, E172",5/2/25 9:28,25-2025,E-171,5/2/25 9:23,9/5/25 9:34,A,2025-05-02 09:28:00,2025-05-02 09:23:00,621,2,0
2025158734,E172,5/2/25 9:48,25-2026,E-172,5/2/25 9:42,9/5/25 10:39,A,2025-05-02 09:48:00,2025-05-02 09:42:00,622,1,0
2025158803,BAT111,5/2/25 10:23,25-2027,nan,5/2/25 10:18,9/5/25 10:29,A,2025-05-02 10:23:00,2025-05-02 10:18:00,623,1,0
2025159202,"BAT111, E172",5/2/25 14:43,25-2028,E-172,5/2/25 14:39,9/5/25 14:48,A,2025-05-02 14:43:00,2025-05-02 14:39:00,624,2,0
2025159392,LDR175,5/2/25 16:33,25-2029,L-175,5/1/25 17:04,9/5/25 17:18,A,2025-05-02 16:33:00,2025-05-01 17:04:00,625,1,0
2025159448,"BAT111, E171",5/2/25 17:08,25-2030,E-171,5/2/25 17:06,9/5/25 17:26,A,2025-05-02 17:08:00,2025-05-02 17:06:00,626,2,0
2025159452,LDR175,5/2/25 17:13,25-2031,L-175,5/2/25 16:58,9/5/25 17:39,A,2025-05-02 17:13:00,2025-05-02 16:58:00,627,1,0
2025159506,"BAT111, E171, LDR175",5/2/25 17:58,25-2033,L-175,5/2/25 17:55,9/5/25 18:27,A,2025-05-02 17:58:00,2025-05-02 17:55:00,628,3,2
2025159503,LDR175,5/2/25 17:58,25-2023,L-175,5/2/25 17:53,9/5/25 17:57,A,2025-05-02 17:58:00,2025-05-02 17:53:00,629,1,0
2025159628,LDR175,5/2/25 19:38,25-2035,nan,5/2/25 19:19,9/5/25 19:38,A,2025-05-02 19:38:00,2025-05-02 19:19:00,630,1,0
2025159624,E171,5/2/25 19:38,25-2034,E-171,5/2/25 19:26,9/5/25 19:42,A,2025-05-02 19:38:00,2025-05-02 19:26:00,631,1,0
2025159653,E171,5/2/25 20:08,25-2036,E-171,5/2/25 20:04,9/4/25 20:19,A,2025-05-02 20:08:00,2025-05-02 20:04:00,632,1,0
2025159679,BAT111,5/2/25 20:33,25-2037,BC-111,5/2/25 20:29,9/4/25 21:33,A,2025-05-02 20:33:00,2025-05-02 20:29:00,633,1,0
2025159718,E172,5/2/25 21:23,25-2038,E-172,5/2/25 21:22,9/4/25 21:42,A,2025-05-02 21:23:00,2025-05-02 21:22:00,634,1,0
2025160102,E172,5/3/25 9:58,25002040,nan,5/3/25 9:54,9/5/25 9:58,nan,2025-05-03 09:58:00,2025-05-03 09:54:00,635,1,0
2025160188,E171,5/3/25 10:58,25-2041,nan,5/3/25 10:50,9/5/25 10:55,B,2025-05-03 10:58:00,2025-05-03 10:50:00,636,1,0
2025160296,BAT111,5/3/25 12:43,25-2042,nan,5/3/25 12:42,9/5/25 12:44,B,2025-05-03 12:43:00,2025-05-03 12:42:00,637,1,0
2025160369,"E171, LDR175",5/3/25 13:53,25-2043,E-171,5/3/25 13:46,9/5/25 14:00,B,2025-05-03 13:53:00,2025-05-03 13:46:00,638,2,0
2025160416,E171,5/3/25 14:18,25-2044,E-171,5/3/25 14:17,9/5/25 14:37,B,2025-05-03 14:18:00,2025-05-03 14:17:00,639,1,0
2025160477,"BAT111, E171",5/3/25 15:03,25-2045,nan,5/3/25 14:58,9/5/25 15:01,B,2025-05-03 15:03:00,2025-05-03 14:58:00,640,2,0
2025160482,"BAT111, E172, LDR175",5/3/25 15:03,25-2046,L-175,5/3/25 14:59,9/5/25 15:15,B,2025-05-03 15:03:00,2025-05-03 14:59:00,641,3,2
2025160543,E172,5/3/25 15:53,25-2047,E-172,5/3/25 15:48,9/5/25 16:02,B,2025-05-03 15:53:00,2025-05-03 15:48:00,642,1,0
2025160660,E171,5/3/25 16:58,25-2049,E-171,5/3/25 16:57,9/5/25 17:06,B,2025-05-03 16:58:00,2025-05-03 16:57:00,643,1,0
2025160653,BAT111,5/3/25 16:58,25-2048,nan,5/3/25 16:53,9/5/25 17:00,B,2025-05-03 16:58:00,2025-05-03 16:53:00,644,1,0
2025160681,E171,5/3/25 17:23,25-2050,nan,5/3/25 17:17,9/5/25 17:22,B,2025-05-03 17:23:00,2025-05-03 17:17:00,645,1,0
2025160718,E172,5/3/25 17:58,25-2051,E-172,5/3/25 17:52,9/5/25 18:10,B,2025-05-03 17:58:00,2025-05-03 17:52:00,646,1,0
2025160798,LDR175,5/3/25 19:08,25-2052,L-175,5/3/25 19:06,9/5/25 19:16,B,2025-05-03 19:08:00,2025-05-03 19:06:00,647,1,0
2025160867,LDR175,5/3/25 20:33,25-2053,nan,5/3/25 20:30,9/4/25 20:39,B,2025-05-03 20:33:00,2025-05-03 20:30:00,648,1,0
2025160881,E171,5/3/25 20:43,25-2054,E-171,5/3/25 20:41,9/4/25 20:55,B,2025-05-03 20:43:00,2025-05-03 20:41:00,649,1,0
2025160942,LDR175,5/3/25 21:48,25-2055,L-175,5/3/25 21:46,9/4/25 22:10,B,2025-05-03 21:48:00,2025-05-03 21:46:00,650,1,0
2025160984,LDR175,5/3/25 22:18,25-2056,L-175,5/3/25 22:16,9/4/25 22:25,B,2025-05-03 22:18:00,2025-05-03 22:16:00,651,1,0
2025161024,LDR175,5/3/25 22:53,25-2057,nan,5/3/25 22:48,9/4/25 22:56,B,2025-05-03 22:53:00,2025-05-03 22:48:00,652,1,0
2025161168,LDR175,5/4/25 3:28,25-2058,L-175,5/4/25 3:24,9/5/25 3:38,B,2025-05-04 03:28:00,2025-05-04 03:24:00,653,1,0
2025161216,"BAT111, E171, E172, LDR175",5/4/25 6:13,25-2059,BC-111,5/4/25 6:05,9/5/25 6:21,B,2025-05-04 06:13:00,2025-05-04 06:05:00,654,4,2
2025161239,"E171, LDR175",5/4/25 7:08,25-2060,E-171,5/4/25 7:05,9/5/25 7:12,B,2025-05-04 07:08:00,2025-05-04 07:05:00,655,2,0
2025161337,E172,5/4/25 9:43,25-2061,nan,5/4/25 9:40,9/5/25 9:46,B,2025-05-04 09:43:00,2025-05-04 09:40:00,656,1,0
2025161511,LDR175,5/4/25 12:38,25-2062,L-175,5/4/25 12:33,9/5/25 12:57,B,2025-05-04 12:38:00,2025-05-04 12:33:00,657,1,0
2025161539,"BAT111, LDR175",5/4/25 13:03,25-2063,L-175,5/4/25 12:58,9/5/25 13:12,B,2025-05-04 13:03:00,2025-05-04 12:58:00,658,2,0
2025161576,E172,5/4/25 13:43,25-2064,nan,5/4/25 13:38,9/5/25 13:41,B,2025-05-04 13:43:00,2025-05-04 13:38:00,659,1,0
2025161589,"BAT111, E171, E172, LDR175",5/4/25 13:58,25-2065,nan,5/4/25 13:47,9/5/25 14:01,B,2025-05-04 13:58:00,2025-05-04 13:47:00,660,4,2
2025161611,LDR175,5/4/25 14:13,25-2066,L-175,5/4/25 14:09,9/5/25 14:14,B,2025-05-04 14:13:00,2025-05-04 14:09:00,661,1,0
2025161664,LDR175,5/4/25 15:13,25-2067,nan,5/4/25 15:10,9/5/25 15:13,B,2025-05-04 15:13:00,2025-05-04 15:10:00,662,1,0
2025161694,E172,5/4/25 15:43,25-2068,E-172,5/4/25 15:34,9/5/25 15:46,B,2025-05-04 15:43:00,2025-05-04 15:34:00,663,1,0
2025161707,LDR175,5/4/25 15:48,25-2070,L-175,5/4/25 15:47,9/5/25 15:58,B,2025-05-04 15:48:00,2025-05-04 15:47:00,664,1,0
2025161703,E171,5/4/25 15:48,25-2069,E-171,5/4/25 15:44,9/5/25 16:35,B,2025-05-04 15:48:00,2025-05-04 15:44:00,665,1,0
2025161712,"BAT111, E172",5/4/25 15:53,25-2071,BC-111,5/4/25 15:51,9/5/25 15:58,B,2025-05-04 15:53:00,2025-05-04 15:51:00,666,2,0
2025161944,"BAT111, E171, E172, LDR175",5/4/25 19:13,25-2072,nan,5/4/25 19:05,9/5/25 19:12,nan,2025-05-04 19:13:00,2025-05-04 19:05:00,667,4,2
2025161984,E172,5/4/25 19:48,25-2073,E-172,5/4/25 19:45,9/4/25 20:08,B,2025-05-04 19:48:00,2025-05-04 19:45:00,668,1,0
2025162137,"E171, LDR175",5/4/25 22:03,25-2074,L-175,5/4/25 21:54,9/4/25 22:44,B,2025-05-04 22:03:00,2025-05-04 21:54:00,669,2,0
2025162156,E172,5/4/25 22:33,25-2075,E-172,5/4/25 22:26,9/4/25 22:40,B,2025-05-04 22:33:00,2025-05-04 22:26:00,670,1,0
2025162222,E172,5/5/25 0:28,25-2076,E-172,5/5/25 0:23,9/5/25 0:54,B,2025-05-05 00:28:00,2025-05-05 00:23:00,671,1,0
2025162225,LDR175,5/5/25 0:43,25-2077,L-175,5/5/25 0:24,9/5/25 0:30,B,2025-05-05 00:43:00,2025-05-05 00:24:00,672,1,0
2025162247,E171,5/5/25 1:33,25-2078,E-171,5/5/25 1:27,9/5/25 1:40,B,2025-05-05 01:33:00,2025-05-05 01:27:00,673,1,0
2025162269,"E171, E172",5/5/25 2:13,25-2079,E-172,5/5/25 2:10,9/5/25 2:23,B,2025-05-05 02:13:00,2025-05-05 02:10:00,674,2,0
2025162373,LDR175,5/5/25 7:33,25-2080,L-175,5/5/25 7:28,9/5/25 7:46,C,2025-05-05 07:33:00,2025-05-05 07:28:00,675,1,0
2025162967,"E171, E172",5/5/25 14:38,25-2082,E-172,5/5/25 14:36,9/5/25 15:09,C,2025-05-05 14:38:00,2025-05-05 14:36:00,676,2,0
2025163009,"E171, LDR175",5/5/25 14:58,25-2083,L-175,5/5/25 14:56,9/5/25 15:00,C,2025-05-05 14:58:00,2025-05-05 14:56:00,677,2,0
2025163102,"E171, E172",5/5/25 16:08,25-2084,E-171,5/5/25 16:03,9/5/25 16:23,C,2025-05-05 16:08:00,2025-05-05 16:03:00,678,2,0
2025163119,LDR175,5/5/25 16:13,25-2085,nan,5/5/25 16:12,9/5/25 16:17,C,2025-05-05 16:13:00,2025-05-05 16:12:00,679,1,0
2025163225,E171,5/5/25 17:48,25-2086,E-171,5/5/25 17:38,9/5/25 18:21,C,2025-05-05 17:48:00,2025-05-05 17:38:00,680,1,0
2025163350,E172,5/5/25 18:58,25-2087,nan,5/5/25 18:57,9/5/25 19:07,C,2025-05-05 18:58:00,2025-05-05 18:57:00,681,1,0
2025163352,LDR175,5/5/25 19:03,25-2088,L-175,5/5/25 18:59,9/5/25 19:20,C,2025-05-05 19:03:00,2025-05-05 18:59:00,682,1,0
2025163442,E172,5/5/25 20:18,25-2089,E-172,5/5/25 20:12,9/4/25 20:54,C,2025-05-05 20:18:00,2025-05-05 20:12:00,683,1,0
2025163480,"E171, LDR175",5/5/25 20:43,25-2090,E-171,5/5/25 20:38,9/4/25 21:03,C,2025-05-05 20:43:00,2025-05-05 20:38:00,684,2,0
2025163638,LDR175,5/5/25 23:28,25-2091,nan,5/5/25 23:25,9/4/25 23:33,C,2025-05-05 23:28:00,2025-05-05 23:25:00,685,1,0
2025163660,E171,5/6/25 0:33,25-2092,E-171,5/6/25 0:30,9/5/25 0:43,C,2025-05-06 00:33:00,2025-05-06 00:30:00,686,1,0
2025163701,LDR175,5/6/25 1:48,25-2093,nan,5/6/25 1:47,9/5/25 1:52,C,2025-05-06 01:48:00,2025-05-06 01:47:00,687,1,0
2025163743,"E171, E172",5/6/25 3:53,25-2094,E-171,5/6/25 3:51,9/5/25 3:59,C,2025-05-06 03:53:00,2025-05-06 03:51:00,688,2,0
2025163852,"BAT111, C103, E171, LDR175",5/6/25 7:58,25-2095,L-175,5/6/25 7:57,9/5/25 8:30,C,2025-05-06 07:58:00,2025-05-06 07:57:00,689,4,2
2025163906,LDR175,5/6/25 8:53,25-2096,L-175,5/6/25 8:50,9/5/25 9:18,C,2025-05-06 08:53:00,2025-05-06 08:50:00,690,1,0
2025163987,LDR175,5/6/25 10:03,25-2097,nan,5/6/25 10:00,9/5/25 10:05,C,2025-05-06 10:03:00,2025-05-06 10:00:00,691,1,0
2025164175,E171,5/6/25 12:18,2502098,E-171,5/6/25 12:17,9/5/25 12:43,nan,2025-05-06 12:18:00,2025-05-06 12:17:00,692,1,0
2025164334,"BAT111, E171",5/6/25 14:08,25-2099,nan,5/6/25 13:56,9/5/25 14:04,C,2025-05-06 14:08:00,2025-05-06 13:56:00,693,2,0
2025164368,LDR175,5/6/25 14:28,25-2100,L-175,5/6/25 14:26,9/5/25 14:46,C,2025-05-06 14:28:00,2025-05-06 14:26:00,694,1,0
2025164408,"BAT111, E171, E172, LDR175",5/6/25 14:58,25-2101,L-175,5/6/25 14:45,9/5/25 15:45,C,2025-05-06 14:58:00,2025-05-06 14:45:00,695,4,2
2025164431,"C103, E171",5/6/25 15:13,25-2102,E-171,5/6/25 15:09,9/5/25 15:38,C,2025-05-06 15:13:00,2025-05-06 15:09:00,696,2,0
2025164444,C102,5/6/25 15:23,25002103,C-102,nan,nan,nan,2025-05-06 15:23:00,,697,1,0
2025164459,C103,5/6/25 15:28,25-2104,C-103,5/6/25 15:24,9/5/25 15:39,C,2025-05-06 15:28:00,2025-05-06 15:24:00,698,1,0
2025164592,LDR175,5/6/25 16:43,25-2105,L-175,5/6/25 16:41,9/5/25 17:41,C,2025-05-06 16:43:00,2025-05-06 16:41:00,699,1,0
2025164618,E172,5/6/25 17:03,25-2106,E-172,5/6/25 16:56,9/5/25 18:56,C,2025-05-06 17:03:00,2025-05-06 16:56:00,700,1,0
2025164755,E171,5/6/25 18:33,25-2107,E-171,5/6/25 18:27,9/5/25 18:39,C,2025-05-06 18:33:00,2025-05-06 18:27:00,701,1,0
2025164798,LDR175,5/6/25 19:13,25-2108,L-175,5/6/25 19:08,9/5/25 19:16,C,2025-05-06 19:13:00,2025-05-06 19:08:00,702,1,0
2025164918,LDR175,5/6/25 21:03,25-2109,nan,5/6/25 20:55,9/4/25 20:59,C,2025-05-06 21:03:00,2025-05-06 20:55:00,703,1,0
2025164998,"BAT111, E171, E172, LDR175, M105",5/6/25 22:53,25-2110,E-171,5/6/25 22:45,9/5/25 0:43,C,2025-05-06 22:53:00,2025-05-06 22:45:00,704,5,2
2025165091,E172,5/7/25 1:28,25-2111,E-172,5/7/25 1:18,9/5/25 1:37,C,2025-05-07 01:28:00,2025-05-07 01:18:00,705,1,0
2025165142,E171,5/7/25 3:38,25-2112,E-171,5/7/25 3:37,9/5/25 3:45,C,2025-05-07 03:38:00,2025-05-07 03:37:00,706,1,0
2025165271,"E171, LDR175",5/7/25 8:43,25-2113,L-175,5/7/25 8:34,9/5/25 8:48,A,2025-05-07 08:43:00,2025-05-07 08:34:00,707,2,0
2025165290,BAT111,5/7/25 8:43,25-2114,nan,5/7/25 8:41,9/5/25 8:44,A,2025-05-07 08:43:00,2025-05-07 08:41:00,708,1,0
2025165305,"E171, E172",5/7/25 8:48,25-2115,E-171,5/7/25 8:45,9/5/25 9:09,A,2025-05-07 08:48:00,2025-05-07 08:45:00,709,2,0
2025165432,E172,5/7/25 10:38,25-2116,E-172,5/7/25 10:35,9/5/25 11:00,A,2025-05-07 10:38:00,2025-05-07 10:35:00,710,1,0
2025165479,"BAT111, E171, LDR175",5/7/25 11:03,25-2117,BC-111,5/7/25 11:02,9/5/25 11:14,A,2025-05-07 11:03:00,2025-05-07 11:02:00,711,3,2
2025166110,E171,5/7/25 18:08,25-2119,E-171,5/7/25 18:03,9/5/25 18:16,A,2025-05-07 18:08:00,2025-05-07 18:03:00,712,1,0
2025166291,LDR175,5/7/25 20:08,25-2120,L-175,5/7/25 20:05,9/4/25 20:28,A,2025-05-07 20:08:00,2025-05-07 20:05:00,713,1,0
2025166536,LDR175,5/8/25 1:13,25-2121,nan,5/8/25 1:07,9/5/25 1:15,A,2025-05-08 01:13:00,2025-05-08 01:07:00,714,1,0
2025166553,"E171, E172",5/8/25 2:18,25-2122,E-172,5/8/25 2:15,9/5/25 3:29,A,2025-05-08 02:18:00,2025-05-08 02:15:00,715,2,0
2025166565,BAT111,5/8/25 2:33,25-2123,nan,5/8/25 2:32,9/5/25 2:46,A,2025-05-08 02:33:00,2025-05-08 02:32:00,716,1,0
2025166620,E171,5/8/25 6:08,25-2124,E-171,5/8/25 6:00,9/5/25 6:19,A,2025-05-08 06:08:00,2025-05-08 06:00:00,717,1,0
2025166678,LDR175,5/8/25 8:08,25-2125,L-175,5/8/25 8:05,9/5/25 8:26,A,2025-05-08 08:08:00,2025-05-08 08:05:00,718,1,0
2025166756,"E171, LDR175",5/8/25 9:23,25-2126,E-171,5/8/25 9:14,9/5/25 9:28,A,2025-05-08 09:23:00,2025-05-08 09:14:00,719,2,0
2025166816,LDR175,5/8/25 10:13,25-2127,nan,5/8/25 10:08,9/5/25 10:19,A,2025-05-08 10:13:00,2025-05-08 10:08:00,720,1,0
2025166873,E172,5/8/25 11:13,25-2128,E-172,5/8/25 11:06,9/5/25 11:23,A,2025-05-08 11:13:00,2025-05-08 11:06:00,721,1,0
2025166884,LDR175,5/8/25 11:18,25-2129,L-175,5/8/25 11:14,9/5/25 11:27,A,2025-05-08 11:18:00,2025-05-08 11:14:00,722,1,0
2025166893,"BAT111, E171, E172",5/8/25 11:28,25-2130,E-172,5/8/25 11:21,9/5/25 11:28,A,2025-05-08 11:28:00,2025-05-08 11:21:00,723,3,2
2025166968,E172,5/8/25 12:13,25-2131,E-172,5/8/25 12:12,9/5/25 12:26,A,2025-05-08 12:13:00,2025-05-08 12:12:00,724,1,0
2025166994,"BAT111, E172",5/8/25 12:38,25-2132,BC-111,5/8/25 12:35,9/5/25 12:57,A,2025-05-08 12:38:00,2025-05-08 12:35:00,725,2,0
2025167013,E172,5/8/25 12:53,25-2133,nan,5/8/25 12:49,9/5/25 12:56,A,2025-05-08 12:53:00,2025-05-08 12:49:00,726,1,0
2025167365,LDR175,5/8/25 16:43,25-2134,nan,5/8/25 16:38,9/5/25 16:43,A,2025-05-08 16:43:00,2025-05-08 16:38:00,727,1,0
2025167548,"BAT111, E171, LDR175",5/8/25 18:58,25-2135,L-175,5/8/25 18:55,9/5/25 19:10,A,2025-05-08 18:58:00,2025-05-08 18:55:00,728,3,2
2025167641,LDR175,5/8/25 20:18,25-2136,L-175,5/8/25 20:16,9/4/25 20:31,A,2025-05-08 20:18:00,2025-05-08 20:16:00,729,1,0
2025168091,C107,5/9/25 8:18,25002137,C-107,5/9/25 8:13,9/5/25 8:30,nan,2025-05-09 08:18:00,2025-05-09 08:13:00,730,1,0
2025168161,E172,5/9/25 9:23,25-2138,E-172,5/9/25 9:18,9/5/25 9:57,B,2025-05-09 09:23:00,2025-05-09 09:18:00,731,1,0
2025168255,LDR175,5/9/25 10:58,25-2139,L-175,5/9/25 10:55,9/5/25 11:12,B,2025-05-09 10:58:00,2025-05-09 10:55:00,732,1,0
2025168312,E172,5/9/25 11:43,25-2140,E-172,5/9/25 11:40,9/5/25 11:59,B,2025-05-09 11:43:00,2025-05-09 11:40:00,733,1,0
2025168366,LDR175,5/9/25 12:33,25-2141,L-175,5/9/25 12:25,9/5/25 12:37,B,2025-05-09 12:33:00,2025-05-09 12:25:00,734,1,0
2025168380,LDR175,5/9/25 12:43,25-2142,L-175,5/9/25 12:35,9/5/25 12:48,B,2025-05-09 12:43:00,2025-05-09 12:35:00,735,1,0
2025168388,"E171, E172",5/9/25 12:48,25-2143,E-172,5/9/25 12:43,9/5/25 12:55,B,2025-05-09 12:48:00,2025-05-09 12:43:00,736,2,0
2025168502,LDR175,5/9/25 14:03,25-2144,nan,5/9/25 13:55,9/5/25 14:01,B,2025-05-09 14:03:00,2025-05-09 13:55:00,737,1,0
2025168678,"BAT111, E171, LDR175",5/9/25 16:18,25-2145,L-175,5/9/25 16:13,9/5/25 16:27,B,2025-05-09 16:18:00,2025-05-09 16:13:00,738,3,2
2025168764,"BAT111, E171, E172, LDR175",5/9/25 17:08,25-2148,BC-111,5/9/25 16:59,9/5/25 18:06,B,2025-05-09 17:08:00,2025-05-09 16:59:00,739,4,2
2025168763,E172,5/9/25 17:08,25-2147,nan,5/9/25 17:05,9/5/25 17:21,B,2025-05-09 17:08:00,2025-05-09 17:05:00,740,1,0
2025168756,LDR175,5/9/25 17:08,25-2146,L-175,5/9/25 17:02,9/5/25 17:09,B,2025-05-09 17:08:00,2025-05-09 17:02:00,741,1,0
2025168794,E171,5/9/25 17:23,25-2149,L-175,5/9/25 17:19,9/5/25 17:33,B,2025-05-09 17:23:00,2025-05-09 17:19:00,742,1,0
2025168863,LDR175,5/9/25 17:58,25-2153,L-175,5/9/25 17:53,9/5/25 18:24,B,2025-05-09 17:58:00,2025-05-09 17:53:00,743,1,0
2025168928,LDR175,5/9/25 18:58,25-2154,nan,5/9/25 18:54,9/5/25 19:00,B,2025-05-09 18:58:00,2025-05-09 18:54:00,744,1,0
2025169027,E171,5/9/25 20:08,25-2155,E-171,5/9/25 20:04,9/4/25 20:15,B,2025-05-09 20:08:00,2025-05-09 20:04:00,745,1,0
2025169032,"BAT111, E172, LDR175",5/9/25 20:13,25-2156,nan,5/9/25 20:09,9/4/25 20:18,B,2025-05-09 20:13:00,2025-05-09 20:09:00,746,3,2
2025169345,"E171, E172",5/10/25 4:58,25-2157,E-172,5/10/25 4:50,9/5/25 5:11,B,2025-05-10 04:58:00,2025-05-10 04:50:00,747,2,0
2025169375,"E171, LDR175",5/10/25 6:43,25-2158,L-175,5/10/25 6:34,9/5/25 6:52,B,2025-05-10 06:43:00,2025-05-10 06:34:00,748,2,0
2025169499,LDR175,5/10/25 10:03,25-2159,L-175,5/10/25 9:59,9/5/25 10:09,B,2025-05-10 10:03:00,2025-05-10 09:59:00,749,1,0
2025169556,LDR175,5/10/25 11:13,25-2160,nan,5/10/25 11:11,9/5/25 11:19,B,2025-05-10 11:13:00,2025-05-10 11:11:00,750,1,0
2025169728,"BAT111, LDR175",5/10/25 14:13,25-2161,BC-111,5/10/25 14:07,9/5/25 14:30,B,2025-05-10 14:13:00,2025-05-10 14:07:00,751,2,0
2025169759,LDR175,5/10/25 14:38,25-2162,nan,5/10/25 14:28,9/5/25 14:35,B,2025-05-10 14:38:00,2025-05-10 14:28:00,752,1,0
2025169810,"BAT111, E171, LDR175",5/10/25 15:33,25-2163,L-175,5/10/25 15:32,9/5/25 16:01,B,2025-05-10 15:33:00,2025-05-10 15:32:00,753,3,2
2025169836,E171,5/10/25 15:53,25-2164,E-171,5/10/25 15:48,9/5/25 16:21,B,2025-05-10 15:53:00,2025-05-10 15:48:00,754,1,0
2025169843,LDR175,5/10/25 15:58,25-2165,L-175,5/10/25 15:54,9/5/25 16:15,B,2025-05-10 15:58:00,2025-05-10 15:54:00,755,1,0
2025169942,"BAT111, E171, LDR175",5/10/25 17:43,25-2166,L-175,5/10/25 17:42,9/5/25 17:59,B,2025-05-10 17:43:00,2025-05-10 17:42:00,756,3,2
2025169985,LDR175,5/10/25 18:33,25-2167,nan,5/10/25 18:27,9/5/25 18:36,B,2025-05-10 18:33:00,2025-05-10 18:27:00,757,1,0
2025170096,"BAT111, E171, LDR175",5/10/25 19:58,25-2168,BC-111,5/10/25 19:54,9/4/25 21:03,B,2025-05-10 19:58:00,2025-05-10 19:54:00,758,3,2
2025170264,LDR175,5/10/25 22:33,25-2169,L-175,5/10/25 22:29,9/4/25 22:42,B,2025-05-10 22:33:00,2025-05-10 22:29:00,759,1,0
2025170316,BAT111,5/10/25 23:13,25-2170,nan,5/10/25 23:12,9/4/25 23:23,B,2025-05-10 23:13:00,2025-05-10 23:12:00,760,1,0
2025170509,E171,5/11/25 5:18,25-2171,E-171,5/11/25 5:15,9/5/25 5:44,B,2025-05-11 05:18:00,2025-05-11 05:15:00,761,1,0
2025170522,LDR175,5/11/25 6:38,25-2172,L-175,5/11/25 6:34,9/5/25 6:54,B,2025-05-11 06:38:00,2025-05-11 06:34:00,762,1,0
2025170550,LDR175,5/11/25 8:48,25-2173,L-175,5/11/25 8:39,9/5/25 8:54,C,2025-05-11 08:48:00,2025-05-11 08:39:00,763,1,0
2025170692,E171,5/11/25 12:43,25-2174,nan,5/11/25 12:37,9/5/25 12:40,C,2025-05-11 12:43:00,2025-05-11 12:37:00,764,1,0
2025170749,E172,5/11/25 13:33,25-2175,E-172,5/11/25 13:28,9/5/25 13:40,C,2025-05-11 13:33:00,2025-05-11 13:28:00,765,1,0
2025170952,LDR175,5/11/25 16:33,25-2176,nan,5/11/25 16:25,9/5/25 16:36,C,2025-05-11 16:33:00,2025-05-11 16:25:00,766,1,0
2025170963,"BAT111, E171, LDR175",5/11/25 16:43,25-2177,L-175,5/11/25 16:40,9/5/25 17:00,C,2025-05-11 16:43:00,2025-05-11 16:40:00,767,3,2
2025171033,"E171, LDR175",5/11/25 17:48,25-2178,L-175,5/11/25 17:42,9/5/25 17:58,C,2025-05-11 17:48:00,2025-05-11 17:42:00,768,2,0
2025171118,LDR175,5/11/25 19:58,25-2179,nan,5/11/25 19:54,9/4/25 20:04,C,2025-05-11 19:58:00,2025-05-11 19:54:00,769,1,0
2025171194,E171,5/11/25 21:48,25-2180,E-171,5/11/25 21:46,9/4/25 22:00,C,2025-05-11 21:48:00,2025-05-11 21:46:00,770,1,0
2025171230,"BAT111, E171, E172, LDR175",5/11/25 22:28,25-2181,E-172,5/11/25 22:20,9/4/25 22:31,C,2025-05-11 22:28:00,2025-05-11 22:20:00,771,4,2
2025171244,E171,5/11/25 22:33,25-2182,E-171,5/11/25 22:26,9/4/25 22:47,C,2025-05-11 22:33:00,2025-05-11 22:26:00,772,1,0
2025171336,E171,5/12/25 1:53,25002183,E-171,nan,nan,nan,2025-05-12 01:53:00,,773,1,0
2025171543,E172,5/12/25 8:53,25-2184,E-172,5/12/25 8:49,9/5/25 9:13,C,2025-05-12 08:53:00,2025-05-12 08:49:00,774,1,0
2025171555,"E171, LDR175",5/12/25 9:08,25-2185,nan,5/12/25 9:01,9/5/25 9:04,C,2025-05-12 09:08:00,2025-05-12 09:01:00,775,2,0
2025171660,"BAT111, C107",5/12/25 10:03,25-2186,nan,5/12/25 10:00,9/5/25 10:11,C,2025-05-12 10:03:00,2025-05-12 10:00:00,776,2,0
2025171670,E171,5/12/25 10:08,25-2187,E-171,5/12/25 10:04,9/5/25 10:13,C,2025-05-12 10:08:00,2025-05-12 10:04:00,777,1,0
2025171672,E172,5/12/25 10:08,25-2188,E-172,5/12/25 10:04,9/5/25 11:09,C,2025-05-12 10:08:00,2025-05-12 10:04:00,778,1,0
2025171780,"E172, LDR175",5/12/25 11:28,25-2189,E-172,5/12/25 11:26,9/5/25 11:38,C,2025-05-12 11:28:00,2025-05-12 11:26:00,779,2,0
2025171854,LDR175,5/12/25 12:18,25-2190,L-175,5/12/25 12:12,9/5/25 12:33,C,2025-05-12 12:18:00,2025-05-12 12:12:00,780,1,0
2025171930,LDR175,5/12/25 12:58,25-2191,L-175,5/12/25 12:54,9/5/25 13:10,C,2025-05-12 12:58:00,2025-05-12 12:54:00,781,1,0
2025171946,E172,5/12/25 13:03,25-2192,E-172,5/12/25 13:01,9/5/25 13:21,C,2025-05-12 13:03:00,2025-05-12 13:01:00,782,1,0
2025172067,LDR175,5/12/25 14:18,25-2193,L-175,5/12/25 14:16,9/5/25 14:24,C,2025-05-12 14:18:00,2025-05-12 14:16:00,783,1,0
2025172142,E171,5/12/25 15:03,25-2194,E-171,5/12/25 14:53,9/5/25 15:16,C,2025-05-12 15:03:00,2025-05-12 14:53:00,784,1,0
2025172147,E172,5/12/25 15:03,25-2195,nan,5/12/25 14:56,9/5/25 15:03,C,2025-05-12 15:03:00,2025-05-12 14:56:00,785,1,0
2025172175,LDR175,5/12/25 15:13,25-2196,nan,5/12/25 15:12,9/5/25 15:16,C,2025-05-12 15:13:00,2025-05-12 15:12:00,786,1,0
2025172233,E172,5/12/25 15:48,25-2197,nan,5/12/25 15:44,9/5/25 15:47,C,2025-05-12 15:48:00,2025-05-12 15:44:00,787,1,0
2025172374,LDR175,5/12/25 17:28,25-2198,L-175,5/12/25 17:21,9/5/25 17:44,C,2025-05-12 17:28:00,2025-05-12 17:21:00,788,1,0
2025172480,E172,5/12/25 18:58,25-2199,nan,5/12/25 18:54,9/5/25 18:55,C,2025-05-12 18:58:00,2025-05-12 18:54:00,789,1,0
2025172729,"E171, E172",5/13/25 1:18,25-2200,E-171,5/13/25 1:14,9/5/25 1:33,C,2025-05-13 01:18:00,2025-05-13 01:14:00,790,2,0
2025172769,LDR175,5/13/25 4:03,25-2201,L-175,5/13/25 4:02,9/5/25 4:17,C,2025-05-13 04:03:00,2025-05-13 04:02:00,791,1,0
2025172880,LDR175,5/13/25 8:18,25-2202,nan,5/13/25 8:07,9/5/25 8:13,A,2025-05-13 08:18:00,2025-05-13 08:07:00,792,1,0
2025172951,"BAT111, E171, LDR175",5/13/25 9:18,25-2203,E-171,5/13/25 8:53,9/5/25 9:30,A,2025-05-13 09:18:00,2025-05-13 08:53:00,793,3,2
2025172958,E172,5/13/25 9:23,25-2204,E-172,5/13/25 9:17,9/5/25 9:46,A,2025-05-13 09:23:00,2025-05-13 09:17:00,794,1,0
2025173011,"E171, LDR175",5/13/25 9:58,25-2205,E-171,5/13/25 9:52,9/5/25 10:04,A,2025-05-13 09:58:00,2025-05-13 09:52:00,795,2,0
2025173112,"E171, LDR175",5/13/25 10:58,25-2206,E-171,5/13/25 10:55,9/5/25 11:06,A,2025-05-13 10:58:00,2025-05-13 10:55:00,796,2,0
2025173130,LDR175,5/13/25 11:08,25-2207,nan,5/13/25 10:59,9/5/25 11:09,A,2025-05-13 11:08:00,2025-05-13 10:59:00,797,1,0
2025173152,E172,5/13/25 11:18,25-2208,nan,5/13/25 11:13,9/5/25 11:14,A,2025-05-13 11:18:00,2025-05-13 11:13:00,798,1,0
2025173299,"E171, E172",5/13/25 12:48,25-2209,E-171,5/13/25 12:43,9/5/25 12:55,A,2025-05-13 12:48:00,2025-05-13 12:43:00,799,2,0
2025173359,LDR175,5/13/25 13:18,25-2210,L-175,5/13/25 13:16,9/5/25 13:30,A,2025-05-13 13:18:00,2025-05-13 13:16:00,800,1,0
2025173477,LDR175,5/13/25 14:18,25-2211,nan,5/13/25 14:11,9/5/25 14:18,A,2025-05-13 14:18:00,2025-05-13 14:11:00,801,1,0
2025173488,E171,5/13/25 14:23,25-2212,E-171,5/13/25 14:16,9/5/25 14:41,A,2025-05-13 14:23:00,2025-05-13 14:16:00,802,1,0
2025173635,E172,5/13/25 15:33,25-2213,nan,5/13/25 15:28,9/5/25 15:34,A,2025-05-13 15:33:00,2025-05-13 15:28:00,803,1,0
2025173647,E171,5/13/25 15:43,25-2214,E-171,5/13/25 15:35,9/5/25 15:54,A,2025-05-13 15:43:00,2025-05-13 15:35:00,804,1,0
2025173795,E172,5/13/25 17:13,25-2215,E-172,5/13/25 17:11,9/5/25 17:51,A,2025-05-13 17:13:00,2025-05-13 17:11:00,805,1,0
2025173848,"BAT111, E171",5/13/25 17:48,25-2216,nan,5/13/25 17:42,9/5/25 17:48,A,2025-05-13 17:48:00,2025-05-13 17:42:00,806,2,0
2025173869,LDR175,5/13/25 17:58,25-2217,L-175,5/13/25 17:56,9/5/25 18:18,A,2025-05-13 17:58:00,2025-05-13 17:56:00,807,1,0
2025173900,E171,5/13/25 18:18,25-2218,E-171,5/13/25 18:14,9/5/25 18:26,A,2025-05-13 18:18:00,2025-05-13 18:14:00,808,1,0
2025174028,LDR175,5/13/25 20:28,25-2219,L-175,5/13/25 20:24,9/4/25 20:39,A,2025-05-13 20:28:00,2025-05-13 20:24:00,809,1,0
2025174215,LDR175,5/14/25 0:23,25-2220,L-175,5/14/25 0:22,9/5/25 0:41,A,2025-05-14 00:23:00,2025-05-14 00:22:00,810,1,0
2025174271,E172,5/14/25 1:43,25-2221,E-172,5/14/25 1:36,9/5/25 1:50,A,2025-05-14 01:43:00,2025-05-14 01:36:00,811,1,0
2025174351,LDR175,5/14/25 5:43,25-2222,L-175,5/14/25 5:34,9/5/25 6:00,A,2025-05-14 05:43:00,2025-05-14 05:34:00,812,1,0
2025174394,E172,5/14/25 7:38,25-2223,E-172,5/14/25 7:35,9/5/25 7:47,A,2025-05-14 07:38:00,2025-05-14 07:35:00,813,1,0
2025174403,LDR175,5/14/25 7:48,25-2224,L-175,5/14/25 7:46,9/5/25 8:03,A,2025-05-14 07:48:00,2025-05-14 07:46:00,814,1,0
2025174452,LDR175,5/14/25 8:38,25-2225,nan,5/14/25 8:31,9/5/25 8:37,A,2025-05-14 08:38:00,2025-05-14 08:31:00,815,1,0
2025174504,"BAT111, C102, E171, LDR175",5/14/25 9:08,25-2226,BC-111,5/14/25 9:06,9/5/25 10:17,A,2025-05-14 09:08:00,2025-05-14 09:06:00,816,4,2
2025174617,E171,5/14/25 10:23,25-2227,nan,5/14/25 10:21,9/5/25 10:23,A,2025-05-14 10:23:00,2025-05-14 10:21:00,817,1,0
2025174655,LDR175,5/14/25 10:48,25-2228,L-175,5/14/25 10:46,9/5/25 11:01,A,2025-05-14 10:48:00,2025-05-14 10:46:00,818,1,0
2025174712,LDR175,5/14/25 11:23,25-2229,L-175,5/14/25 11:20,9/5/25 11:38,A,2025-05-14 11:23:00,2025-05-14 11:20:00,819,1,0
2025174880,"BAT111, E171, LDR175",5/14/25 13:18,25-2230,L-175,5/14/25 13:17,9/5/25 13:29,A,2025-05-14 13:18:00,2025-05-14 13:17:00,820,3,2
2025174999,LDR175,5/14/25 14:38,25-2231,L-175,5/14/25 14:34,9/5/25 14:44,A,2025-05-14 14:38:00,2025-05-14 14:34:00,821,1,0
2025175063,LDR175,5/14/25 15:13,25-2232,nan,5/14/25 15:07,9/5/25 15:16,A,2025-05-14 15:13:00,2025-05-14 15:07:00,822,1,0
2025175109,LDR175,5/14/25 15:38,25-2233,L-175,5/14/25 15:36,9/5/25 15:57,A,2025-05-14 15:38:00,2025-05-14 15:36:00,823,1,0
2025175150,E171,5/14/25 15:58,25-2234,nan,5/14/25 15:56,9/5/25 16:03,A,2025-05-14 15:58:00,2025-05-14 15:56:00,824,1,0
2025175162,"E172, LDR175",5/14/25 16:03,25-2235,E-172,5/14/25 15:59,9/5/25 16:19,A,2025-05-14 16:03:00,2025-05-14 15:59:00,825,2,0
2025175333,"E171, E172",5/14/25 17:53,25-2236,E-172,5/14/25 17:49,9/5/25 18:27,A,2025-05-14 17:53:00,2025-05-14 17:49:00,826,2,0
2025175369,"BAT111, E171, LDR175",5/14/25 18:18,25-2237,E-171,5/14/25 18:16,9/5/25 18:48,A,2025-05-14 18:18:00,2025-05-14 18:16:00,827,3,2
2025175491,E172,5/14/25 20:08,25-2238,E-172,5/14/25 20:05,9/4/25 20:16,A,2025-05-14 20:08:00,2025-05-14 20:05:00,828,1,0
2025175585,LDR175,5/14/25 21:23,25-2239,nan,5/14/25 21:21,9/4/25 21:23,A,2025-05-14 21:23:00,2025-05-14 21:21:00,829,1,0
2025175627,LDR175,5/14/25 22:08,25-2240,L-175,5/14/25 22:06,9/4/25 22:29,A,2025-05-14 22:08:00,2025-05-14 22:06:00,830,1,0
2025175706,LDR175,5/14/25 23:43,25-2241,nan,5/14/25 23:33,9/4/25 23:37,A,2025-05-14 23:43:00,2025-05-14 23:33:00,831,1,0
2025175749,LDR175,5/15/25 1:08,25-2242,nan,5/15/25 1:00,9/5/25 1:13,A,2025-05-15 01:08:00,2025-05-15 01:00:00,832,1,0
2025175846,LDR175,5/15/25 6:03,25-2243,L-175,5/15/25 5:55,9/5/25 6:09,A,2025-05-15 06:03:00,2025-05-15 05:55:00,833,1,0
2025175942,E171,5/15/25 8:13,25-2244,E-171,5/15/25 8:11,9/5/25 8:17,B,2025-05-15 08:13:00,2025-05-15 08:11:00,834,1,0
2025175976,E171,5/15/25 8:38,25-2245,E-171,5/15/25 8:32,9/5/25 8:46,B,2025-05-15 08:38:00,2025-05-15 08:32:00,835,1,0
2025176008,LDR175,5/15/25 9:08,25-2246,nan,5/15/25 8:38,9/5/25 8:42,B,2025-05-15 09:08:00,2025-05-15 08:38:00,836,1,0
2025176200,E172,5/15/25 11:03,25-2247,E-172,5/15/25 10:59,9/5/25 11:55,B,2025-05-15 11:03:00,2025-05-15 10:59:00,837,1,0
2025176256,"BAT111, LDR175",5/15/25 11:38,25-2248,nan,5/15/25 11:30,9/5/25 11:50,B,2025-05-15 11:38:00,2025-05-15 11:30:00,838,2,0
2025176499,E171,5/15/25 14:13,25-2249,E-171,5/15/25 14:08,9/5/25 14:39,B,2025-05-15 14:13:00,2025-05-15 14:08:00,839,1,0
2025176643,LDR175,5/15/25 15:48,25-2250,L-175,5/15/25 15:43,9/5/25 15:57,B,2025-05-15 15:48:00,2025-05-15 15:43:00,840,1,0
2025176805,"E171, LDR175",5/15/25 17:43,25-2251,L-175,5/15/25 17:40,9/5/25 17:48,B,2025-05-15 17:43:00,2025-05-15 17:40:00,841,2,0
2025176887,"E171, LDR175",5/15/25 18:48,25-2252,E-171,5/15/25 18:46,9/5/25 18:59,B,2025-05-15 18:48:00,2025-05-15 18:46:00,842,2,0
2025176913,LDR175,5/15/25 19:08,25-2253,nan,5/15/25 19:05,9/5/25 19:06,B,2025-05-15 19:08:00,2025-05-15 19:05:00,843,1,0
2025176920,E171,5/15/25 19:13,25-2254,E-171,5/15/25 19:03,9/5/25 19:16,B,2025-05-15 19:13:00,2025-05-15 19:03:00,844,1,0
2025176923,LDR175,5/15/25 19:18,25-2255,BC-111,5/15/25 19:09,9/5/25 19:30,B,2025-05-15 19:18:00,2025-05-15 19:09:00,845,1,0
2025176939,LDR175,5/15/25 19:38,25-2256,L-175,5/15/25 19:32,9/5/25 19:46,B,2025-05-15 19:38:00,2025-05-15 19:32:00,846,1,0
2025176948,"BAT111, E171, LDR175",5/15/25 19:48,25-2257,BC-111,5/15/25 19:47,9/4/25 20:26,B,2025-05-15 19:48:00,2025-05-15 19:47:00,847,3,2
2025176983,LDR175,5/15/25 20:38,25-2259,L-175,5/15/25 20:34,9/4/25 20:49,B,2025-05-15 20:38:00,2025-05-15 20:34:00,848,1,0
2025177234,"BAT111, E171, LDR175",5/16/25 2:38,25-2260,L-175,5/16/25 2:35,9/5/25 4:40,B,2025-05-16 02:38:00,2025-05-16 02:35:00,849,3,2
2025177280,LDR175,5/16/25 4:43,25-2261,nan,5/16/25 4:17,9/5/25 4:34,B,2025-05-16 04:43:00,2025-05-16 04:17:00,850,1,0
2025177355,E172,5/16/25 7:43,25-2262,nan,5/16/25 7:38,9/5/25 7:40,B,2025-05-16 07:43:00,2025-05-16 07:38:00,851,1,0
2025177394,LDR175,5/16/25 8:13,25-2263,L-175,5/16/25 8:10,9/5/25 8:21,B,2025-05-16 08:13:00,2025-05-16 08:10:00,852,1,0
2025177640,E172,5/16/25 11:03,25-2264,E-172,5/16/25 11:01,9/5/25 11:08,B,2025-05-16 11:03:00,2025-05-16 11:01:00,853,1,0
2025177705,"BAT111, LDR175",5/16/25 11:53,25-2265,nan,5/16/25 11:48,9/5/25 11:50,B,2025-05-16 11:53:00,2025-05-16 11:48:00,854,2,0
2025177904,E172,5/16/25 13:53,25-2266,E-172,5/16/25 13:50,9/5/25 13:58,B,2025-05-16 13:53:00,2025-05-16 13:50:00,855,1,0
2025178226,E172,5/16/25 16:43,25-2267,E-172,5/16/25 16:38,9/5/25 17:05,B,2025-05-16 16:43:00,2025-05-16 16:38:00,856,1,0
2025178259,LDR175,5/16/25 17:08,25-2268,L-175,5/16/25 17:06,9/5/25 17:17,B,2025-05-16 17:08:00,2025-05-16 17:06:00,857,1,0
2025178272,"E171, E172",5/16/25 17:13,25-2269,E-172,5/16/25 17:11,9/5/25 17:32,nan,2025-05-16 17:13:00,2025-05-16 17:11:00,858,2,0
2025178420,LDR175,5/16/25 18:48,25-2270,L-175,5/16/25 18:45,9/5/25 19:00,B,2025-05-16 18:48:00,2025-05-16 18:45:00,859,1,0
2025178536,LDR175,5/16/25 20:13,25-2271,L-175,5/16/25 20:08,9/4/25 20:20,B,2025-05-16 20:13:00,2025-05-16 20:08:00,860,1,0
2025178575,LDR175,5/16/25 20:38,25-2272,L-175,5/16/25 20:34,9/4/25 20:54,B,2025-05-16 20:38:00,2025-05-16 20:34:00,861,1,0
2025178619,"BAT111, LDR175",5/16/25 21:16,25-2273,L-175,5/16/25 21:15,9/4/25 21:32,B,2025-05-16 21:16:00,2025-05-16 21:15:00,862,2,0
2025178872,E172,5/17/25 2:18,25-2274,nan,5/17/25 2:15,9/5/25 2:19,B,2025-05-17 02:18:00,2025-05-17 02:15:00,863,1,0
2025179020,LDR175,5/17/25 7:08,25-2275,L-175,5/17/25 7:03,9/5/25 7:18,B,2025-05-17 07:08:00,2025-05-17 07:03:00,864,1,0
2025179064,LDR175,5/17/25 8:38,25-2276,nan,5/17/25 8:33,9/5/25 8:38,C,2025-05-17 08:38:00,2025-05-17 08:33:00,865,1,0
2025179153,LDR175,5/17/25 10:13,25-2277,L-175,5/17/25 10:06,9/5/25 10:19,C,2025-05-17 10:13:00,2025-05-17 10:06:00,866,1,0
2025179318,LDR175,5/17/25 13:13,25-2278,L-175,5/17/25 13:07,9/5/25 13:19,C,2025-05-17 13:13:00,2025-05-17 13:07:00,867,1,0
2025179320,"E171, LDR175",5/17/25 13:18,25-2279,L-175,5/17/25 13:08,9/5/25 13:34,C,2025-05-17 13:18:00,2025-05-17 13:08:00,868,2,0
2025179455,LDR175,5/17/25 15:18,25-2282,nan,5/17/25 15:16,9/5/25 15:20,C,2025-05-17 15:18:00,2025-05-17 15:16:00,869,1,0
2025179569,LDR175,5/17/25 17:13,25-2283,L-175,5/17/25 17:09,9/5/25 17:25,C,2025-05-17 17:13:00,2025-05-17 17:09:00,870,1,0
2025179601,LDR175,5/17/25 17:43,25-2284,L-175,5/17/25 17:38,9/5/25 17:58,C,2025-05-17 17:43:00,2025-05-17 17:38:00,871,1,0
2025179653,E172,5/17/25 18:13,25-2285,nan,5/17/25 18:11,9/5/25 18:12,C,2025-05-17 18:13:00,2025-05-17 18:11:00,872,1,0
2025179658,E171,5/17/25 18:23,25-2286,E-171,5/17/25 18:21,9/5/25 18:40,C,2025-05-17 18:23:00,2025-05-17 18:21:00,873,1,0
2025179780,LDR175,5/17/25 20:28,25-2287,L-175,5/17/25 20:21,9/4/25 20:31,C,2025-05-17 20:28:00,2025-05-17 20:21:00,874,1,0
2025180006,LDR175,5/17/25 23:48,25-2288,L-175,5/17/25 23:44,9/5/25 0:03,C,2025-05-17 23:48:00,2025-05-17 23:44:00,875,1,0
2025180123,E172,5/18/25 2:13,25-2289,E-172,5/18/25 2:08,9/5/25 2:22,C,2025-05-18 02:13:00,2025-05-18 02:08:00,876,1,0
2025180147,"BAT111, LDR175",5/18/25 2:48,25-2290,nan,5/18/25 2:47,9/5/25 2:50,C,2025-05-18 02:48:00,2025-05-18 02:47:00,877,2,0
2025180234,LDR175,5/18/25 7:18,25-2291,nan,5/18/25 7:10,9/5/25 7:18,C,2025-05-18 07:18:00,2025-05-18 07:10:00,878,1,0
2025180258,LDR175,5/18/25 8:23,25-2292,L-175,5/18/25 8:18,9/5/25 8:35,C,2025-05-18 08:23:00,2025-05-18 08:18:00,879,1,0
2025180271,E172,5/18/25 8:43,25-2293,E-172,5/18/25 8:38,9/5/25 9:04,C,2025-05-18 08:43:00,2025-05-18 08:38:00,880,1,0
2025180277,"E171, LDR175",5/18/25 8:48,25-2294,L-175,5/18/25 8:44,9/5/25 9:02,C,2025-05-18 08:48:00,2025-05-18 08:44:00,881,2,0
2025180545,"E171, LDR175",5/18/25 13:58,25-2295,L-175,5/18/25 13:55,9/5/25 14:03,C,2025-05-18 13:58:00,2025-05-18 13:55:00,882,2,0
2025180669,"E171, LDR175",5/18/25 15:58,25-2296,L-175,5/18/25 15:56,9/5/25 16:14,C,2025-05-18 15:58:00,2025-05-18 15:56:00,883,2,0
2025180789,"E171, LDR175",5/18/25 18:23,25-2297,L-175,5/18/25 18:20,9/5/25 18:30,C,2025-05-18 18:23:00,2025-05-18 18:20:00,884,2,0
2025180995,LDR175,5/18/25 22:18,25-2298,L-175,5/18/25 22:15,9/4/25 22:40,C,2025-05-18 22:18:00,2025-05-18 22:15:00,885,1,0
2025181028,LDR175,5/18/25 22:58,25-2299,L-175,5/18/25 22:53,9/4/25 23:05,C,2025-05-18 22:58:00,2025-05-18 22:53:00,886,1,0
2025181035,"E171, LDR175",5/18/25 23:08,25-2300,L-175,5/18/25 23:02,9/4/25 23:36,C,2025-05-18 23:08:00,2025-05-18 23:02:00,887,2,0
2025181115,E171,5/19/25 1:38,25-2301,E-171,5/19/25 1:38,9/5/25 1:53,C,2025-05-19 01:38:00,2025-05-19 01:38:00,888,1,0
2025181305,"E171, LDR175",5/19/25 8:43,25-2303,E-171,5/19/25 8:40,9/5/25 9:10,A,2025-05-19 08:43:00,2025-05-19 08:40:00,889,2,0
2025181381,E172,5/19/25 9:33,25-2304,E-172,5/19/25 9:28,9/5/25 9:54,A,2025-05-19 09:33:00,2025-05-19 09:28:00,890,1,0
2025181468,E172,5/19/25 10:18,25-2306,E-172,5/19/25 10:16,9/5/25 10:40,A,2025-05-19 10:18:00,2025-05-19 10:16:00,891,1,0
2025181457,E171,5/19/25 10:18,25-2305,E-171,5/19/25 10:12,9/5/25 10:42,A,2025-05-19 10:18:00,2025-05-19 10:12:00,892,1,0
2025181552,"BAT111, E172, LDR175",5/19/25 11:13,25-2308,BC-111,5/19/25 11:09,9/5/25 11:23,A,2025-05-19 11:13:00,2025-05-19 11:09:00,893,3,2
2025181568,E171,5/19/25 11:18,25-2309,E-171,5/19/25 11:14,9/5/25 11:28,A,2025-05-19 11:18:00,2025-05-19 11:14:00,894,1,0
2025181586,"BAT111, E172",5/19/25 11:23,25-2310,nan,5/19/25 11:22,9/5/25 11:37,A,2025-05-19 11:23:00,2025-05-19 11:22:00,895,2,0
2025181623,E172,5/19/25 11:48,25-2311,nan,5/19/25 11:47,9/5/25 11:52,A,2025-05-19 11:48:00,2025-05-19 11:47:00,896,1,0
2025182184,E171,5/19/25 17:33,25-2314,E-171,5/19/25 17:27,9/5/25 17:45,A,2025-05-19 17:33:00,2025-05-19 17:27:00,897,1,0
2025182221,E171,5/19/25 17:48,25-2315,BC-111,5/19/25 17:42,9/5/25 19:30,A,2025-05-19 17:48:00,2025-05-19 17:42:00,898,1,0
2025182372,E171,5/19/25 20:13,25-2317,E-171,5/19/25 20:08,9/4/25 20:26,A,2025-05-19 20:13:00,2025-05-19 20:08:00,899,1,0
2025182450,"BAT111, E171",5/19/25 21:18,25-2318,E-171,5/19/25 21:14,9/4/25 21:59,A,2025-05-19 21:18:00,2025-05-19 21:14:00,900,2,0
2025182526,LDR175,5/19/25 22:48,25-2319,L-175,5/19/25 22:44,9/4/25 23:17,A,2025-05-19 22:48:00,2025-05-19 22:44:00,901,1,0
2025182741,E171,5/20/25 6:53,25-2320,E-171,5/20/25 6:52,9/5/25 7:24,A,2025-05-20 06:53:00,2025-05-20 06:52:00,902,1,0
2025182762,E172,5/20/25 7:18,25-2321,E-172,5/20/25 7:16,9/5/25 7:29,A,2025-05-20 07:18:00,2025-05-20 07:16:00,903,1,0
2025182861,E172,5/20/25 8:38,25-2322,nan,5/20/25 8:36,9/5/25 8:43,A,2025-05-20 08:38:00,2025-05-20 08:36:00,904,1,0
2025182991,E172,5/20/25 9:58,25-2323,E-172,5/20/25 9:54,9/5/25 10:18,A,2025-05-20 09:58:00,2025-05-20 09:54:00,905,1,0
2025183115,E172,5/20/25 11:08,25-2325,E-172,5/20/25 11:03,9/5/25 11:26,A,2025-05-20 11:08:00,2025-05-20 11:03:00,906,1,0
2025183215,LDR175,5/20/25 12:18,25-2326,nan,5/20/25 12:15,9/5/25 12:20,A,2025-05-20 12:18:00,2025-05-20 12:15:00,907,1,0
2025183261,E172,5/20/25 12:48,25-2327,E-172,5/20/25 12:46,9/5/25 13:11,A,2025-05-20 12:48:00,2025-05-20 12:46:00,908,1,0
2025183398,LDR175,5/20/25 14:23,25-2329,L-175,5/20/25 14:18,9/5/25 14:32,A,2025-05-20 14:23:00,2025-05-20 14:18:00,909,1,0
2025183493,"BAT111, C102, LDR175",5/20/25 15:28,25-2330,L-175,5/20/25 15:24,9/5/25 16:13,A,2025-05-20 15:28:00,2025-05-20 15:24:00,910,3,2
2025183540,"BAT111, E171, E172",5/20/25 15:48,25-2331,E-172,5/20/25 15:47,9/5/25 16:43,A,2025-05-20 15:48:00,2025-05-20 15:47:00,911,3,2
2025183624,"E171, LDR175",5/20/25 16:28,25-2332,nan,5/20/25 16:13,9/5/25 16:25,A,2025-05-20 16:28:00,2025-05-20 16:13:00,912,2,0
2025184171,E172,5/21/25 1:58,25002333,E-172,nan,nan,nan,2025-05-21 01:58:00,,913,1,0
2025184229,"E171, E172",5/21/25 4:28,25-2334,E-171,5/21/25 4:22,9/5/25 4:56,A,2025-05-21 04:28:00,2025-05-21 04:22:00,914,2,0
2025184337,LDR175,5/21/25 7:28,25-2335,nan,5/21/25 7:24,9/5/25 7:32,B,2025-05-21 07:28:00,2025-05-21 07:24:00,915,1,0
2025184579,E172,5/21/25 10:23,25-2336,nan,5/21/25 10:20,9/5/25 10:21,B,2025-05-21 10:23:00,2025-05-21 10:20:00,916,1,0
2025184946,E171,5/21/25 14:13,25-2337,nan,5/21/25 14:02,9/5/25 14:09,B,2025-05-21 14:13:00,2025-05-21 14:02:00,917,1,0
2025185007,LDR175,5/21/25 14:53,25-2338,nan,5/21/25 14:46,9/5/25 14:52,B,2025-05-21 14:53:00,2025-05-21 14:46:00,918,1,0
2025185166,LDR175,5/21/25 16:08,25-2339,nan,5/21/25 16:05,9/5/25 16:16,B,2025-05-21 16:08:00,2025-05-21 16:05:00,919,1,0
2025185270,E171,5/21/25 17:08,25-2340,E-171,5/21/25 17:04,9/5/25 17:26,B,2025-05-21 17:08:00,2025-05-21 17:04:00,920,1,0
2025185322,"E171, LDR175",5/21/25 17:53,25-2341,L-175,5/21/25 17:49,9/5/25 18:20,B,2025-05-21 17:53:00,2025-05-21 17:49:00,921,2,0
2025185346,"E171, E172",5/21/25 18:13,25-2342,E-171,5/21/25 18:08,9/5/25 18:22,B,2025-05-21 18:13:00,2025-05-21 18:08:00,922,2,0
2025185399,BAT111,5/21/25 18:48,25-2343,nan,5/21/25 18:47,9/5/25 18:55,B,2025-05-21 18:48:00,2025-05-21 18:47:00,923,1,0
2025185458,LDR175,5/21/25 19:33,25-2344,nan,5/21/25 19:27,9/5/25 19:31,B,2025-05-21 19:33:00,2025-05-21 19:27:00,924,1,0
2025185519,"E171, LDR175",5/21/25 20:28,25-2345,L-175,5/21/25 20:27,9/4/25 20:55,B,2025-05-21 20:28:00,2025-05-21 20:27:00,925,2,0
2025185601,LDR175,5/21/25 22:03,25-2346,nan,5/21/25 21:59,9/4/25 22:07,B,2025-05-21 22:03:00,2025-05-21 21:59:00,926,1,0
2025185631,"BAT111, E171, LDR175",5/21/25 22:43,25-2347,L-175,5/21/25 22:41,9/4/25 23:04,B,2025-05-21 22:43:00,2025-05-21 22:41:00,927,3,2
2025185649,E171,5/21/25 23:08,25-2348,E-171,5/21/25 23:02,9/4/25 23:27,B,2025-05-21 23:08:00,2025-05-21 23:02:00,928,1,0
2025185664,LDR175,5/21/25 23:28,25-2349,nan,5/21/25 23:22,9/4/25 23:29,B,2025-05-21 23:28:00,2025-05-21 23:22:00,929,1,0
2025185930,LDR175,5/22/25 7:58,25-2350,L-175,5/22/25 7:48,9/5/25 7:56,B,2025-05-22 07:58:00,2025-05-22 07:48:00,930,1,0
2025186010,"E171, E172",5/22/25 9:08,25-2351,E-171,5/22/25 9:05,9/5/25 9:19,B,2025-05-22 09:08:00,2025-05-22 09:05:00,931,2,0
2025186135,"BAT111, LDR175",5/22/25 10:18,25-2352,L-175,5/22/25 10:15,9/5/25 10:23,B,2025-05-22 10:18:00,2025-05-22 10:15:00,932,2,0
2025186212,E171,5/22/25 10:58,25-2353,E-171,5/22/25 10:50,9/5/25 11:04,B,2025-05-22 10:58:00,2025-05-22 10:50:00,933,1,0
2025186321,E171,5/22/25 12:08,25-2354,E-171,5/22/25 12:05,9/5/25 12:05,B,2025-05-22 12:08:00,2025-05-22 12:05:00,934,1,0
2025186344,"BAT111, E172",5/22/25 12:23,25-2355,BC-111,5/22/25 12:18,9/5/25 12:30,B,2025-05-22 12:23:00,2025-05-22 12:18:00,935,2,0
2025186419,LDR175,5/22/25 13:23,25-2356,L-175,5/22/25 13:20,9/5/25 13:20,B,2025-05-22 13:23:00,2025-05-22 13:20:00,936,1,0
2025186459,E172,5/22/25 13:48,25-2357,nan,5/22/25 13:44,9/5/25 13:45,B,2025-05-22 13:48:00,2025-05-22 13:44:00,937,1,0
2025186582,LDR175,5/22/25 15:07,25-2358,L-175,5/22/25 14:57,9/5/25 15:50,B,2025-05-22 15:07:00,2025-05-22 14:57:00,938,1,0
2025186599,"BAT111, E172",5/22/25 15:13,25-2359,nan,5/22/25 15:12,9/5/25 15:21,B,2025-05-22 15:13:00,2025-05-22 15:12:00,939,2,0
2025186755,"BAT111, LDR175",5/22/25 16:48,25-2360,L-175,5/22/25 16:44,9/5/25 17:14,B,2025-05-22 16:48:00,2025-05-22 16:44:00,940,2,0
2025186861,"BAT111, LDR175",5/22/25 18:23,25-2361,L-175,5/22/25 18:16,9/5/25 18:42,B,2025-05-22 18:23:00,2025-05-22 18:16:00,941,2,0
2025186985,E172,5/22/25 20:08,25-2362,E-172,5/22/25 20:04,9/4/25 20:44,B,2025-05-22 20:08:00,2025-05-22 20:04:00,942,1,0
2025187031,LDR175,5/22/25 20:58,25-2363,nan,5/22/25 20:52,9/4/25 20:58,B,2025-05-22 20:58:00,2025-05-22 20:52:00,943,1,0
2025187300,E172,5/23/25 6:43,25-2364,nan,5/23/25 6:42,9/5/25 6:43,B,2025-05-23 06:43:00,2025-05-23 06:42:00,944,1,0
2025187327,"E171, LDR175",5/23/25 7:23,25-2365,L-175,5/23/25 7:20,9/5/25 7:49,C,2025-05-23 07:23:00,2025-05-23 07:20:00,945,2,0
2025187565,LDR175,5/23/25 10:23,25-2366,L-175,5/23/25 10:14,9/5/25 10:43,C,2025-05-23 10:23:00,2025-05-23 10:14:00,946,1,0
2025187693,E172,5/23/25 12:03,25-2367,E-172,5/23/25 12:01,9/5/25 12:31,C,2025-05-23 12:03:00,2025-05-23 12:01:00,947,1,0
2025187759,E171,5/23/25 12:58,25-2368,E-171,5/23/25 12:53,9/5/25 13:14,C,2025-05-23 12:58:00,2025-05-23 12:53:00,948,1,0
2025187853,LDR175,5/23/25 14:00,25-2369,nan,5/23/25 13:53,9/5/25 13:59,C,2025-05-23 14:00:00,2025-05-23 13:53:00,949,1,0
2025187870,LDR175,5/23/25 14:08,25-2370,nan,5/23/25 13:59,9/5/25 14:07,C,2025-05-23 14:08:00,2025-05-23 13:59:00,950,1,0
2025187899,BAT111,5/23/25 14:18,25-2371,nan,5/23/25 14:17,9/5/25 14:22,C,2025-05-23 14:18:00,2025-05-23 14:17:00,951,1,0
2025188159,E172,5/23/25 17:33,25-2372,E-172,5/23/25 17:30,9/5/25 17:41,C,2025-05-23 17:33:00,2025-05-23 17:30:00,952,1,0
2025188301,LDR175,5/23/25 19:23,25-2373,L-175,5/23/25 19:19,9/5/25 19:30,C,2025-05-23 19:23:00,2025-05-23 19:19:00,953,1,0
2025188349,LDR175,5/23/25 19:48,25-2374,L-175,5/23/25 19:44,9/5/25 19:56,C,2025-05-23 19:48:00,2025-05-23 19:44:00,954,1,0
2025188520,"BAT111, E171, E172",5/23/25 22:13,25-2375,E-171,5/23/25 22:05,9/4/25 22:41,C,2025-05-23 22:13:00,2025-05-23 22:05:00,955,3,2
2025188564,E171,5/23/25 22:58,25-2376,E-171,5/23/25 22:53,9/4/25 23:09,C,2025-05-23 22:58:00,2025-05-23 22:53:00,956,1,0
2025188615,E171,5/23/25 23:43,25-2377,E-171,5/23/25 23:38,9/4/25 23:59,C,2025-05-23 23:43:00,2025-05-23 23:38:00,957,1,0
2025188746,LDR175,5/24/25 2:48,25-2378,L-175,5/24/25 2:40,9/5/25 3:24,C,2025-05-24 02:48:00,2025-05-24 02:40:00,958,1,0
2025188789,LDR175,5/24/25 4:00,25-2379,L-175,5/24/25 3:58,9/5/25 4:17,C,2025-05-24 04:00:00,2025-05-24 03:58:00,959,1,0
2025188919,LDR175,5/24/25 9:18,25-2380,nan,5/24/25 9:17,9/5/25 9:21,C,2025-05-24 09:18:00,2025-05-24 09:17:00,960,1,0
2025188956,"BAT111, E171, E172, LDR175",5/24/25 10:08,25002381,BC-111,nan,nan,nan,2025-05-24 10:08:00,,961,4,2
2025188999,LDR175,5/24/25 10:53,25-2382,L-175,5/24/25 10:51,9/5/25 10:58,C,2025-05-24 10:53:00,2025-05-24 10:51:00,962,1,0
2025189062,LDR175,5/24/25 12:13,25-2383,L-175,5/24/25 12:11,9/5/25 12:29,C,2025-05-24 12:13:00,2025-05-24 12:11:00,963,1,0
2025189115,E171,5/24/25 13:08,25-2384,E-171,5/24/25 13:01,9/5/25 13:32,C,2025-05-24 13:08:00,2025-05-24 13:01:00,964,1,0
2025189219,LDR175,5/24/25 14:43,25-2385,L-175,5/24/25 14:38,9/5/25 15:01,C,2025-05-24 14:43:00,2025-05-24 14:38:00,965,1,0
2025189237,E172,5/24/25 14:53,25-2386,E-172,5/24/25 14:48,9/5/25 14:56,C,2025-05-24 14:53:00,2025-05-24 14:48:00,966,1,0
2025189269,E172,5/24/25 15:18,25-2387,E-172,5/24/25 15:16,9/5/25 15:44,C,2025-05-24 15:18:00,2025-05-24 15:16:00,967,1,0
2025189319,LDR175,5/24/25 15:58,25-2388,L-175,5/24/25 15:56,9/5/25 15:59,C,2025-05-24 15:58:00,2025-05-24 15:56:00,968,1,0
2025189330,LDR175,5/24/25 16:13,25-2389,L-175,5/24/25 16:09,9/5/25 16:35,C,2025-05-24 16:13:00,2025-05-24 16:09:00,969,1,0
2025189456,"BAT111, E171, E172, LDR175",5/24/25 18:18,25-2390,E-171,5/24/25 18:11,9/5/25 18:51,C,2025-05-24 18:18:00,2025-05-24 18:11:00,970,4,2
2025189583,LDR175,5/24/25 20:18,25-2391,L-175,5/24/25 20:14,9/4/25 20:37,C,2025-05-24 20:18:00,2025-05-24 20:14:00,971,1,0
2025189702,E171,5/24/25 21:53,25-2392,E-171,5/24/25 21:48,9/4/25 22:03,C,2025-05-24 21:53:00,2025-05-24 21:48:00,972,1,0
2025189774,E171,5/24/25 22:58,25-2393,E-171,5/24/25 22:50,9/4/25 23:25,C,2025-05-24 22:58:00,2025-05-24 22:50:00,973,1,0
2025189816,"E172, LDR175",5/24/25 23:28,25-2394,L-175,5/24/25 23:22,9/4/25 23:40,C,2025-05-24 23:28:00,2025-05-24 23:22:00,974,2,0
2025189968,E171,5/25/25 3:03,25-2395,E-171,5/25/25 2:57,9/5/25 3:14,C,2025-05-25 03:03:00,2025-05-25 02:57:00,975,1,0
2025189990,"BAT111, LDR175",5/25/25 3:28,25-2396,nan,5/25/25 3:27,9/5/25 3:37,C,2025-05-25 03:28:00,2025-05-25 03:27:00,976,2,0
2025190150,E172,5/25/25 10:08,25-2397,E-172,5/25/25 10:04,9/5/25 10:14,A,2025-05-25 10:08:00,2025-05-25 10:04:00,977,1,0
2025190269,LDR175,5/25/25 12:28,25-2398,L-175,5/25/25 12:23,9/5/25 12:35,A,2025-05-25 12:28:00,2025-05-25 12:23:00,978,1,0
2025190408,"E171, LDR175",5/25/25 15:33,25-2399,L-175,5/25/25 15:28,9/5/25 15:48,A,2025-05-25 15:33:00,2025-05-25 15:28:00,979,2,0
2025190458,E171,5/25/25 16:28,25-2400,E-171,5/25/25 16:23,9/5/25 16:49,A,2025-05-25 16:28:00,2025-05-25 16:23:00,980,1,0
2025190617,E171,5/25/25 18:58,25-2401,E-171,5/25/25 18:48,9/5/25 19:00,A,2025-05-25 18:58:00,2025-05-25 18:48:00,981,1,0
2025190707,LDR175,5/25/25 20:33,25-2402,nan,5/25/25 20:23,9/4/25 20:29,A,2025-05-25 20:33:00,2025-05-25 20:23:00,982,1,0
2025190781,LDR175,5/25/25 22:03,25-2403,L-175,5/25/25 21:59,9/4/25 22:08,A,2025-05-25 22:03:00,2025-05-25 21:59:00,983,1,0
2025190865,"E171, LDR175",5/25/25 23:58,25-2404,L-175,5/25/25 23:54,9/5/25 0:49,A,2025-05-25 23:58:00,2025-05-25 23:54:00,984,2,0
2025190933,LDR175,5/26/25 1:48,25-2405,L-175,5/26/25 1:45,9/5/25 2:00,A,2025-05-26 01:48:00,2025-05-26 01:45:00,985,1,0
2025191055,LDR175,5/26/25 7:13,25-2406,nan,5/26/25 7:05,9/5/25 7:15,A,2025-05-26 07:13:00,2025-05-26 07:05:00,986,1,0
2025191090,"BAT111, E172, LDR175",5/26/25 8:08,25-2407,nan,5/26/25 8:06,9/5/25 8:13,A,2025-05-26 08:08:00,2025-05-26 08:06:00,987,3,2
2025191214,"BAT111, E171, E172",5/26/25 9:48,25-2408,BC-111,5/26/25 9:42,9/5/25 10:12,A,2025-05-26 09:48:00,2025-05-26 09:42:00,988,3,2
2025191434,E171,5/26/25 12:53,25-2410,E-171,5/26/25 12:48,9/5/25 13:00,A,2025-05-26 12:53:00,2025-05-26 12:48:00,989,1,0
2025191775,LDR175,5/26/25 16:43,25-2412,L-175,5/26/25 16:39,9/5/25 16:50,A,2025-05-26 16:43:00,2025-05-26 16:39:00,990,1,0
2025191800,LDR175,5/26/25 16:53,25-2413,nan,5/26/25 16:42,9/5/25 16:51,A,2025-05-26 16:53:00,2025-05-26 16:42:00,991,1,0
2025191813,BAT111,5/26/25 16:58,25-2414,nan,5/26/25 16:53,9/5/25 16:59,A,2025-05-26 16:58:00,2025-05-26 16:53:00,992,1,0
2025191861,LDR175,5/26/25 17:28,25-2415,L-175,5/26/25 17:24,9/5/25 17:42,A,2025-05-26 17:28:00,2025-05-26 17:24:00,993,1,0
2025191883,LDR175,5/26/25 17:53,25-2416,nan,5/26/25 17:37,9/5/25 17:46,A,2025-05-26 17:53:00,2025-05-26 17:37:00,994,1,0
2025191966,LDR175,5/26/25 18:58,25-2417,L-175,5/26/25 18:53,9/5/25 19:01,A,2025-05-26 18:58:00,2025-05-26 18:53:00,995,1,0
2025191972,E171,5/26/25 19:03,25-2418,E-171,5/26/25 18:57,9/5/25 19:10,nan,2025-05-26 19:03:00,2025-05-26 18:57:00,996,1,0
2025192027,"BAT111, E171, LDR175",5/26/25 20:08,25-2419,nan,5/26/25 20:01,9/4/25 20:08,A,2025-05-26 20:08:00,2025-05-26 20:01:00,997,3,2
2025192067,E171,5/26/25 20:43,25-2420,E-171,5/26/25 20:42,9/4/25 21:02,A,2025-05-26 20:43:00,2025-05-26 20:42:00,998,1,0
2025192118,E171,5/26/25 21:38,25-2421,E-171,5/26/25 21:32,9/4/25 21:49,A,2025-05-26 21:38:00,2025-05-26 21:32:00,999,1,0
2025192265,BAT111,5/27/25 0:58,25-2422,BC-111,5/27/25 0:56,9/5/25 1:15,A,2025-05-27 00:58:00,2025-05-27 00:56:00,1000,1,0
2025192335,E172,5/27/25 3:08,25-2423,E-172,5/27/25 3:05,9/5/25 3:21,A,2025-05-27 03:08:00,2025-05-27 03:05:00,1001,1,0
2025192356,E171,5/27/25 3:48,25-2424,E-171,5/27/25 3:42,9/5/25 4:06,A,2025-05-27 03:48:00,2025-05-27 03:42:00,1002,1,0
2025192447,"BAT111, E171, E172, LDR175",5/27/25 7:18,25-2425,L-175,5/27/25 7:14,9/5/25 7:20,A,2025-05-27 07:18:00,2025-05-27 07:14:00,1003,4,2
2025192569,"E171, E172",5/27/25 9:33,25-2426,E-171,5/27/25 9:27,9/5/25 9:45,B,2025-05-27 09:33:00,2025-05-27 09:27:00,1004,2,0
2025192720,"BAT111, C102, E171, LDR175",5/27/25 11:28,25-2427,E-171,5/27/25 11:25,9/5/25 12:20,B,2025-05-27 11:28:00,2025-05-27 11:25:00,1005,4,2
2025193021,LDR175,5/27/25 14:38,25-2428,nan,5/27/25 14:37,9/5/25 14:40,B,2025-05-27 14:38:00,2025-05-27 14:37:00,1006,1,0
2025193095,"E171, E172",5/27/25 15:43,25-2429,E-172,5/27/25 15:37,9/5/25 15:59,B,2025-05-27 15:43:00,2025-05-27 15:37:00,1007,2,0
2025193215,E171,5/27/25 16:58,25-2430,E-171,5/27/25 16:52,9/5/25 17:25,B,2025-05-27 16:58:00,2025-05-27 16:52:00,1008,1,0
2025193387,E172,5/27/25 19:38,25-2431,E-172,5/27/25 19:31,9/5/25 19:39,B,2025-05-27 19:38:00,2025-05-27 19:31:00,1009,1,0
2025193482,"E171, LDR175",5/27/25 21:18,25-2432,L-175,5/27/25 21:16,9/4/25 22:22,B,2025-05-27 21:18:00,2025-05-27 21:16:00,1010,2,0
2025193715,E172,5/28/25 2:18,25-2434,nan,5/28/25 2:16,9/5/25 2:25,B,2025-05-28 02:18:00,2025-05-28 02:16:00,1011,1,0
2025193717,"E171, E172",5/28/25 2:23,25-2435,E-172,5/28/25 2:19,9/5/25 2:40,B,2025-05-28 02:23:00,2025-05-28 02:19:00,1012,2,0
2025193749,E171,5/28/25 3:13,25-2436,E-171,5/28/25 3:02,9/5/25 3:32,B,2025-05-28 03:13:00,2025-05-28 03:02:00,1013,1,0
2025193826,"BAT111, E171, E172, LDR175",5/28/25 6:57,25-2437,nan,5/28/25 6:46,9/5/25 7:01,B,2025-05-28 06:57:00,2025-05-28 06:46:00,1014,4,2
2025193945,E172,5/28/25 8:47,25-2439,E-172,5/28/25 8:46,9/5/25 8:55,B,2025-05-28 08:47:00,2025-05-28 08:46:00,1015,1,0
2025193990,LDR175,5/28/25 9:18,25-2440,L-175,5/28/25 9:15,9/5/25 9:24,B,2025-05-28 09:18:00,2025-05-28 09:15:00,1016,1,0
2025194161,"E171, E172",5/28/25 11:02,25-2441,E-172,5/28/25 11:02,9/5/25 11:14,B,2025-05-28 11:02:00,2025-05-28 11:02:00,1017,2,0
2025194269,LDR175,5/28/25 12:12,25-2442,L-175,5/28/25 12:11,9/5/25 12:25,B,2025-05-28 12:12:00,2025-05-28 12:11:00,1018,1,0
2025194283,BAT111,5/28/25 12:23,25-2443,nan,5/28/25 12:21,9/5/25 12:29,B,2025-05-28 12:23:00,2025-05-28 12:21:00,1019,1,0
2025194391,"E171, E172",5/28/25 13:33,25-2444,E-172,5/28/25 13:27,9/5/25 13:54,B,2025-05-28 13:33:00,2025-05-28 13:27:00,1020,2,0
2025194485,E171,5/28/25 14:28,25-2445,E-171,5/28/25 14:19,9/5/25 14:44,B,2025-05-28 14:28:00,2025-05-28 14:19:00,1021,1,0
2025194681,"E171, E172",5/28/25 16:47,25-2446,E-172,5/28/25 16:42,9/5/25 17:03,B,2025-05-28 16:47:00,2025-05-28 16:42:00,1022,2,0
2025194845,LDR175,5/28/25 18:33,25-2447,nan,5/28/25 18:28,9/5/25 18:31,B,2025-05-28 18:33:00,2025-05-28 18:28:00,1023,1,0
2025194876,"E171, LDR175",5/28/25 18:58,25-2448,E-171,5/28/25 18:51,9/5/25 19:10,B,2025-05-28 18:58:00,2025-05-28 18:51:00,1024,2,0
2025194907,"BAT111, E171",5/28/25 19:23,25-2449,E-171,5/28/25 19:21,9/5/25 19:32,B,2025-05-28 19:23:00,2025-05-28 19:21:00,1025,2,0
2025194962,E171,5/28/25 20:12,25-2450,E-171,5/28/25 20:10,9/4/25 20:16,B,2025-05-28 20:12:00,2025-05-28 20:10:00,1026,1,0
2025194966,"BAT111, E171, E172, LDR175",5/28/25 20:18,25-2451,L-175,5/28/25 20:13,9/4/25 20:52,B,2025-05-28 20:18:00,2025-05-28 20:13:00,1027,4,2
2025194992,"E171, E172",5/28/25 20:42,25-2452,nan,5/28/25 20:39,9/4/25 20:43,B,2025-05-28 20:42:00,2025-05-28 20:39:00,1028,2,0
2025195082,"BAT111, E171, E172",5/28/25 22:33,25-2453,E-172,5/28/25 22:30,9/4/25 22:49,B,2025-05-28 22:33:00,2025-05-28 22:30:00,1029,3,2
2025195095,LDR175,5/28/25 22:48,25-2454,nan,5/28/25 22:40,9/4/25 22:48,B,2025-05-28 22:48:00,2025-05-28 22:40:00,1030,1,0
2025195243,LDR175,5/29/25 5:47,25-2455,L-175,5/29/25 5:42,9/5/25 6:04,B,2025-05-29 05:47:00,2025-05-29 05:42:00,1031,1,0
2025195302,E172,5/29/25 7:32,25-2456,E-172,5/29/25 7:28,9/5/25 7:40,B,2025-05-29 07:32:00,2025-05-29 07:28:00,1032,1,0
2025195416,"E171, LDR175",5/29/25 8:58,25-2457,L-175,5/29/25 8:53,9/5/25 9:05,C,2025-05-29 08:58:00,2025-05-29 08:53:00,1033,2,0
2025195441,LDR175,5/29/25 9:08,25-2458,L-175,5/29/25 9:06,9/5/25 9:22,C,2025-05-29 09:08:00,2025-05-29 09:06:00,1034,1,0
2025195487,LDR175,5/29/25 9:27,25-2459,nan,5/29/25 9:19,9/5/25 9:24,C,2025-05-29 09:27:00,2025-05-29 09:19:00,1035,1,0
2025195552,"BAT111, LDR175",5/29/25 10:03,25-2460,nan,5/29/25 10:02,9/5/25 10:06,C,2025-05-29 10:03:00,2025-05-29 10:02:00,1036,2,0
2025196185,"BAT111, C108, E172",5/29/25 16:53,25-2461,C-108,5/29/25 16:49,9/5/25 17:10,C,2025-05-29 16:53:00,2025-05-29 16:49:00,1037,3,2
2025196299,E171,5/29/25 18:08,25-2462,E-171,5/29/25 18:01,9/5/25 18:23,C,2025-05-29 18:08:00,2025-05-29 18:01:00,1038,1,0
2025196329,"E172, LDR175",5/29/25 18:17,25-2463,L-175,5/29/25 18:15,9/5/25 19:22,C,2025-05-29 18:17:00,2025-05-29 18:15:00,1039,2,0
2025196399,E171,5/29/25 18:53,25-2464,E-171,5/29/25 18:51,9/5/25 19:02,C,2025-05-29 18:53:00,2025-05-29 18:51:00,1040,1,0
2025196434,LDR175,5/29/25 19:27,25-2465,nan,5/29/25 19:24,9/5/25 19:28,C,2025-05-29 19:27:00,2025-05-29 19:24:00,1041,1,0
2025196468,E171,5/29/25 19:58,25-2466,E-171,5/29/25 19:56,9/4/25 20:14,C,2025-05-29 19:58:00,2025-05-29 19:56:00,1042,1,0
2025196535,LDR175,5/29/25 21:28,25-2467,L-175,5/29/25 21:24,9/4/25 22:44,C,2025-05-29 21:28:00,2025-05-29 21:24:00,1043,1,0
2025196806,LDR175,5/30/25 5:12,25-2468,L-175,5/30/25 5:08,9/5/25 5:22,C,2025-05-30 05:12:00,2025-05-30 05:08:00,1044,1,0
2025196880,LDR175,5/30/25 7:48,25-2469,L-175,5/30/25 7:45,9/5/25 7:55,C,2025-05-30 07:48:00,2025-05-30 07:45:00,1045,1,0
2025197042,"E171, E172",5/30/25 10:03,25-2470,E-171,5/30/25 9:59,9/5/25 10:15,C,2025-05-30 10:03:00,2025-05-30 09:59:00,1046,2,0
2025197159,"E171, LDR175",5/30/25 11:18,25-2471,L-175,5/30/25 11:13,9/5/25 11:20,C,2025-05-30 11:18:00,2025-05-30 11:13:00,1047,2,0
2025197237,E171,5/30/25 12:17,25-2472,E-171,5/30/25 12:12,9/5/25 12:55,C,2025-05-30 12:17:00,2025-05-30 12:12:00,1048,1,0
2025197240,"BAT111, E172, LDR175",5/30/25 12:18,25-2473,E-172,5/30/25 12:14,9/5/25 12:29,C,2025-05-30 12:18:00,2025-05-30 12:14:00,1049,3,2
2025197251,LDR175,5/30/25 12:28,25-2474,nan,5/30/25 12:19,9/5/25 12:38,C,2025-05-30 12:28:00,2025-05-30 12:19:00,1050,1,0
2025197268,LDR175,5/30/25 12:48,25-2475,L-175,5/30/25 12:40,9/5/25 12:55,C,2025-05-30 12:48:00,2025-05-30 12:40:00,1051,1,0
2025197272,E172,5/30/25 12:52,25-2476,E-172,5/30/25 12:45,9/5/25 13:01,C,2025-05-30 12:52:00,2025-05-30 12:45:00,1052,1,0
2025197421,E171,5/30/25 14:27,25-2477,E-171,5/30/25 14:25,9/5/25 14:36,C,2025-05-30 14:27:00,2025-05-30 14:25:00,1053,1,0
2025197456,"BAT111, LDR175",5/30/25 14:53,25-2478,nan,5/30/25 14:48,9/5/25 14:59,C,2025-05-30 14:53:00,2025-05-30 14:48:00,1054,2,0
2025197592,"BAT111, LDR175",5/30/25 16:08,25-2479,nan,5/30/25 16:02,9/5/25 16:14,C,2025-05-30 16:08:00,2025-05-30 16:02:00,1055,2,0
2025197602,E172,5/30/25 16:18,25-2480,E-172,5/30/25 16:13,9/5/25 16:42,C,2025-05-30 16:18:00,2025-05-30 16:13:00,1056,1,0
2025197653,"BAT111, C101, C102, E171, E172, LDR175, M105",5/30/25 16:43,25-2481,L-175,5/30/25 16:39,9/5/25 18:39,C,2025-05-30 16:43:00,2025-05-30 16:39:00,1057,7,2
2025197973,LDR175,5/30/25 20:23,25-2482,L-175,5/30/25 20:22,9/4/25 21:06,C,2025-05-30 20:23:00,2025-05-30 20:22:00,1058,1,0
2025198080,"E171, LDR175",5/30/25 22:08,25-2483,L-175,5/30/25 22:04,9/4/25 22:18,C,2025-05-30 22:08:00,2025-05-30 22:04:00,1059,2,0
2025198217,LDR175,5/31/25 1:23,25-2484,L-175,5/31/25 1:18,9/5/25 2:29,C,2025-05-31 01:23:00,2025-05-31 01:18:00,1060,1,0
2025198231,BAT111,5/31/25 1:28,25-2486,nan,5/31/25 1:30,9/5/25 1:38,C,2025-05-31 01:28:00,2025-05-31 01:30:00,1061,1,0
2025198243,E172,5/31/25 2:28,25-2487,E-172,5/31/25 2:23,9/5/25 2:37,C,2025-05-31 02:28:00,2025-05-31 02:23:00,1062,1,0
2025198332,LDR175,5/31/25 6:53,25-2488,nan,5/31/25 6:53,9/5/25 6:57,C,2025-05-31 06:53:00,2025-05-31 06:53:00,1063,1,0
2025198366,E172,5/31/25 8:23,25-2489,E-172,5/31/25 8:19,9/5/25 8:32,A,2025-05-31 08:23:00,2025-05-31 08:19:00,1064,1,0
2025198434,"BAT111, C102, E171, E172, LDR175",5/31/25 10:03,25-2490,E-172,5/31/25 9:52,9/5/25 10:59,A,2025-05-31 10:03:00,2025-05-31 09:52:00,1065,5,2
2025198624,LDR175,5/31/25 13:13,25-2491,nan,5/31/25 13:07,9/5/25 13:12,A,2025-05-31 13:13:00,2025-05-31 13:07:00,1066,1,0
2025198680,E171,5/31/25 14:13,25-2492,E-171,5/31/25 14:09,9/5/25 14:35,A,2025-05-31 14:13:00,2025-05-31 14:09:00,1067,1,0
2025198794,"E172, LDR175",5/31/25 16:23,25-2493,L-175,5/31/25 16:15,9/5/25 17:08,B,2025-05-31 16:23:00,2025-05-31 16:15:00,1068,2,0
2025198868,E172,5/31/25 17:28,25-2494,E-172,5/31/25 17:26,9/5/25 17:38,A,2025-05-31 17:28:00,2025-05-31 17:26:00,1069,1,0
2025198874,LDR175,5/31/25 17:38,25-2495,nan,5/31/25 17:30,9/5/25 17:36,A,2025-05-31 17:38:00,2025-05-31 17:30:00,1070,1,0
2025198920,"B117, BAT111, E172, LDR175, SRT117",5/31/25 18:23,25-2496,BC-111,5/31/25 18:21,9/5/25 18:42,A,2025-05-31 18:23:00,2025-05-31 18:21:00,1071,5,2
2025199030,"E171, E172",5/31/25 20:03,25-2497,E-171,5/31/25 20:00,9/4/25 20:07,A,2025-05-31 20:03:00,2025-05-31 20:00:00,1072,2,0
2025199048,E172,5/31/25 20:18,25-2498,E-172,5/31/25 20:15,9/4/25 20:27,A,2025-05-31 20:18:00,2025-05-31 20:15:00,1073,1,0
2025199198,"E171, LDR175",5/31/25 22:43,25-2499,E-171,5/31/25 22:37,9/4/25 23:03,A,2025-05-31 22:43:00,2025-05-31 22:37:00,1074,2,0
2025199221,"E171, LDR175",5/31/25 23:07,25-2500,E-171,5/31/25 23:07,9/4/25 23:20,A,2025-05-31 23:07:00,2025-05-31 23:07:00,1075,2,0
2025199378,LDR175,6/1/25 3:12,25-2501,L-175,6/1/25 2:56,9/5/25 3:09,B,2025-06-01 03:12:00,2025-06-01 02:56:00,1076,1,0
2025199402,E171,6/1/25 4:07,25-2502,E-171,6/1/25 4:04,9/5/25 4:15,A,2025-06-01 04:07:00,2025-06-01 04:04:00,1077,1,0
2025199494,LDR175,6/1/25 7:58,25-2503,L-175,6/1/25 7:53,9/5/25 8:03,B,2025-06-01 07:58:00,2025-06-01 07:53:00,1078,1,0
2025199569,"BAT111, E171, LDR175",6/1/25 9:33,25-2504,BC-111,6/1/25 9:30,9/5/25 9:37,A,2025-06-01 09:33:00,2025-06-01 09:30:00,1079,3,2
2025199606,E171,6/1/25 10:53,25-2505,E-171,6/1/25 10:44,9/5/25 10:58,A,2025-06-01 10:53:00,2025-06-01 10:44:00,1080,1,0
2025199715,"E172, LDR175",6/1/25 12:57,25-2506,E-172,6/1/25 12:52,9/5/25 13:01,A,2025-06-01 12:57:00,2025-06-01 12:52:00,1081,2,0
2025199984,E171,6/1/25 17:47,25-2507,E-171,6/1/25 17:41,9/5/25 18:30,A,2025-06-01 17:47:00,2025-06-01 17:41:00,1082,1,0
2025200107,"BAT111, E172",6/1/25 20:18,25-2508,E-172,6/1/25 20:14,9/4/25 20:39,A,2025-06-01 20:18:00,2025-06-01 20:14:00,1083,2,0
2025200147,"E171, LDR175",6/1/25 20:58,25-2509,E-171,6/1/25 20:49,9/4/25 21:06,A,2025-06-01 20:58:00,2025-06-01 20:49:00,1084,2,0
2025200314,E172,6/2/25 0:17,25-2510,E-172,6/2/25 0:13,9/5/25 0:37,A,2025-06-02 00:17:00,2025-06-02 00:13:00,1085,1,0
2025200378,E171,6/2/25 1:37,25-2511,E-171,6/2/25 1:33,9/5/25 1:42,A,2025-06-02 01:37:00,2025-06-02 01:33:00,1086,1,0
2025200409,LDR175,6/2/25 3:08,25-2512,L-175,6/2/25 3:06,9/5/25 3:22,A,2025-06-02 03:08:00,2025-06-02 03:06:00,1087,1,0
2025200535,LDR175,6/2/25 7:52,25-2513,L-175,6/2/25 7:50,9/5/25 8:20,B,2025-06-02 07:52:00,2025-06-02 07:50:00,1088,1,0
2025200655,LDR175,6/2/25 9:13,25-2514,L-175,6/2/25 9:11,9/5/25 9:28,B,2025-06-02 09:13:00,2025-06-02 09:11:00,1089,1,0
2025200657,E171,6/2/25 9:18,25-2515,E-171,6/2/25 9:12,9/5/25 9:36,B,2025-06-02 09:18:00,2025-06-02 09:12:00,1090,1,0
2025200716,E171,6/2/25 9:48,25-2516,E-171,6/2/25 9:46,9/5/25 9:56,B,2025-06-02 09:48:00,2025-06-02 09:46:00,1091,1,0
2025200731,"E171, E172, LDR175",6/2/25 9:58,25-2517,E-171,6/2/25 9:54,9/5/25 10:06,B,2025-06-02 09:58:00,2025-06-02 09:54:00,1092,3,2
2025200791,E172,6/2/25 10:33,25-2518,E-172,6/2/25 10:28,9/5/25 11:32,B,2025-06-02 10:33:00,2025-06-02 10:28:00,1093,1,0
2025201101,E172,6/2/25 13:48,25-2520,E-172,6/2/25 13:40,9/5/25 14:01,B,2025-06-02 13:48:00,2025-06-02 13:40:00,1094,1,0
2025201288,LDR175,6/2/25 15:27,25-2521,L-175,6/2/25 15:20,9/5/25 15:42,B,2025-06-02 15:27:00,2025-06-02 15:20:00,1095,1,0
2025201417,E172,6/2/25 16:23,25-2522,E-172,6/2/25 16:18,9/5/25 16:38,B,2025-06-02 16:23:00,2025-06-02 16:18:00,1096,1,0
2025201454,E172,6/2/25 16:48,25-2523,E-172,6/2/25 16:44,9/5/25 17:20,B,2025-06-02 16:48:00,2025-06-02 16:44:00,1097,1,0
2025201620,LDR175,6/2/25 18:38,25-2524,L-175,6/2/25 18:34,9/5/25 19:00,B,2025-06-02 18:38:00,2025-06-02 18:34:00,1098,1,0
2025201677,LDR175,6/2/25 19:23,25-2527,nan,6/2/25 19:13,9/5/25 19:20,B,2025-06-02 19:23:00,2025-06-02 19:13:00,1099,1,0
2025201674,E171,6/2/25 19:23,25-2525,E-171,6/2/25 19:18,9/5/25 19:40,B,2025-06-02 19:23:00,2025-06-02 19:18:00,1100,1,0
2025201676,E172,6/2/25 19:23,25-2526,E-172,6/2/25 19:18,9/5/25 19:42,B,2025-06-02 19:23:00,2025-06-02 19:18:00,1101,1,0
2025201725,LDR175,6/2/25 20:03,25-2528,L-175,6/2/25 19:57,9/4/25 20:06,B,2025-06-02 20:03:00,2025-06-02 19:57:00,1102,1,0
2025201995,LDR175,6/3/25 2:33,25-2532,nan,6/3/25 2:27,9/5/25 2:41,B,2025-06-03 02:33:00,2025-06-03 02:27:00,1103,1,0
2025202111,"E171, E172",6/3/25 7:18,25-2535,E-171,6/3/25 7:13,9/5/25 7:20,B,2025-06-03 07:18:00,2025-06-03 07:13:00,1104,2,0
2025202100,LDR175,6/3/25 7:27,25-2534,L-175,6/3/25 7:23,9/5/25 7:59,B,2025-06-03 07:27:00,2025-06-03 07:23:00,1105,1,0
2025202143,"BAT111, E171, E172, LDR175",6/3/25 7:58,25-2536,L-175,6/3/25 7:56,9/5/25 8:06,B,2025-06-03 07:58:00,2025-06-03 07:56:00,1106,4,2
2025202727,"E171, LDR175",6/3/25 14:03,25-2548,E-171,6/3/25 13:58,9/5/25 14:15,B,2025-06-03 14:03:00,2025-06-03 13:58:00,1107,2,0
2025202876,"E171, E172, LDR175",6/3/25 15:23,25-2538,E-172,6/3/25 15:19,9/5/25 15:37,B,2025-06-03 15:23:00,2025-06-03 15:19:00,1108,3,2
2025202958,"E171, E172",6/3/25 16:08,25-2542,E-171,6/3/25 16:03,9/5/25 16:12,B,2025-06-03 16:08:00,2025-06-03 16:03:00,1109,2,0
2025203041,E172,6/3/25 16:48,25-2540,E-172,6/3/25 16:46,9/5/25 17:03,B,2025-06-03 16:48:00,2025-06-03 16:46:00,1110,1,0
2025203110,"BAT111, E171, LDR175",6/3/25 17:28,25-2545,L-175,6/3/25 17:24,9/5/25 17:44,B,2025-06-03 17:28:00,2025-06-03 17:24:00,1111,3,2
2025203316,LDR175,6/3/25 21:03,25-2546,L-175,6/3/25 20:56,9/4/25 21:13,B,2025-06-03 21:03:00,2025-06-03 20:56:00,1112,1,0
2025203379,E172,6/3/25 22:12,25-2543,E-172,6/3/25 22:07,9/4/25 22:27,B,2025-06-03 22:12:00,2025-06-03 22:07:00,1113,1,0
2025203608,"E171, E172",6/4/25 6:53,25-2544,E-172,6/4/25 6:50,9/5/25 7:06,B,2025-06-04 06:53:00,2025-06-04 06:50:00,1114,2,0
2025203731,E172,6/4/25 8:58,25-2547,nan,6/4/25 8:56,9/5/25 8:57,C,2025-06-04 08:58:00,2025-06-04 08:56:00,1115,1,0
2025203887,LDR175,6/4/25 10:32,25-2549,nan,6/4/25 10:29,9/5/25 10:40,C,2025-06-04 10:32:00,2025-06-04 10:29:00,1116,1,0
2025203956,LDR175,6/4/25 11:13,25-2550,nan,6/4/25 11:10,9/5/25 11:16,C,2025-06-04 11:13:00,2025-06-04 11:10:00,1117,1,0
2025203976,"BAT111, E171, LDR175",6/4/25 11:27,25-2551,E-171,6/4/25 11:24,9/5/25 11:47,C,2025-06-04 11:27:00,2025-06-04 11:24:00,1118,3,2
2025204117,E171,6/4/25 12:48,25-2552,E-171,6/4/25 12:43,9/5/25 12:58,C,2025-06-04 12:48:00,2025-06-04 12:43:00,1119,1,0
2025204437,E172,6/4/25 15:43,25-2553,nan,6/4/25 15:38,9/5/25 15:41,C,2025-06-04 15:43:00,2025-06-04 15:38:00,1120,1,0
2025204529,LDR175,6/4/25 16:28,25-2554,L-175,6/4/25 16:26,9/5/25 16:40,C,2025-06-04 16:28:00,2025-06-04 16:26:00,1121,1,0
2025204616,"BAT111, E172",6/4/25 17:27,25-2555,E-172,6/4/25 17:23,9/5/25 17:37,C,2025-06-04 17:27:00,2025-06-04 17:23:00,1122,2,0
2025204700,E171,6/4/25 18:18,25-2556,E-171,6/4/25 18:12,9/5/25 18:21,C,2025-06-04 18:18:00,2025-06-04 18:12:00,1123,1,0
2025204790,"E171, LDR175",6/4/25 19:48,25-2557,L-175,6/4/25 19:42,9/5/25 19:55,C,2025-06-04 19:48:00,2025-06-04 19:42:00,1124,2,0
2025204813,"BAT111, E171, LDR175",6/4/25 20:08,25-2558,E-171,6/4/25 20:05,9/4/25 20:45,C,2025-06-04 20:08:00,2025-06-04 20:05:00,1125,3,2
2025204819,E172,6/4/25 20:13,25-2559,E-172,6/4/25 20:11,9/4/25 20:53,C,2025-06-04 20:13:00,2025-06-04 20:11:00,1126,1,0
2025204853,"BAT111, LDR175",6/4/25 20:38,25-2560,BC-111,6/4/25 20:35,9/4/25 20:48,C,2025-06-04 20:38:00,2025-06-04 20:35:00,1127,2,0
2025204897,"BAT111, E171, E172",6/4/25 21:28,25-2561,nan,6/4/25 21:24,9/4/25 21:36,C,2025-06-04 21:28:00,2025-06-04 21:24:00,1128,3,2
2025205001,"BAT111, LDR175",6/4/25 23:43,25-2562,L-175,6/4/25 23:39,9/5/25 0:17,C,2025-06-04 23:43:00,2025-06-04 23:39:00,1129,2,0
2025205123,"BAT111, E171, E172, LDR175",6/5/25 4:23,25-2563,L-175,6/5/25 4:11,9/5/25 4:33,C,2025-06-05 04:23:00,2025-06-05 04:11:00,1130,4,2
2025205512,E172,6/5/25 11:18,25-2565,E-172,6/5/25 11:17,9/5/25 11:40,C,2025-06-05 11:18:00,2025-06-05 11:17:00,1131,1,0
2025205534,E171,6/5/25 11:33,25-2566,E-171,6/5/25 11:28,9/5/25 11:38,C,2025-06-05 11:33:00,2025-06-05 11:28:00,1132,1,0
2025205571,"BAT111, E171",6/5/25 11:57,25-2567,BC-111,6/5/25 11:53,9/5/25 12:21,C,2025-06-05 11:57:00,2025-06-05 11:53:00,1133,2,0
2025205575,E172,6/5/25 11:58,25-2568,E-172,6/5/25 11:50,9/5/25 12:03,C,2025-06-05 11:58:00,2025-06-05 11:50:00,1134,1,0
2025205840,E171,6/5/25 14:28,25-2569,E-171,6/5/25 14:24,9/5/25 14:52,C,2025-06-05 14:28:00,2025-06-05 14:24:00,1135,1,0
2025205914,"E171, LDR175",6/5/25 15:13,25-2570,L-175,6/5/25 15:08,9/5/25 15:20,C,2025-06-05 15:13:00,2025-06-05 15:08:00,1136,2,0
2025205982,"E171, E172",6/5/25 15:43,25-2571,E-171,6/5/25 15:42,9/5/25 15:58,C,2025-06-05 15:43:00,2025-06-05 15:42:00,1137,2,0
2025206060,E172,6/5/25 16:38,25-2572,nan,6/5/25 16:37,9/5/25 16:49,C,2025-06-05 16:38:00,2025-06-05 16:37:00,1138,1,0
2025206069,"BAT111, LDR175",6/5/25 16:43,25-2573,nan,6/5/25 16:40,9/5/25 16:53,C,2025-06-05 16:43:00,2025-06-05 16:40:00,1139,2,0
2025206080,E171,6/5/25 16:53,25-2574,E-171,6/5/25 16:47,9/5/25 17:01,C,2025-06-05 16:53:00,2025-06-05 16:47:00,1140,1,0
2025206095,BAT111,6/5/25 17:18,25-2575,BC-111,6/5/25 16:53,9/5/25 17:16,C,2025-06-05 17:18:00,2025-06-05 16:53:00,1141,1,0
2025206190,"E171, E172",6/5/25 17:58,25-2576,E-172,6/5/25 17:53,9/5/25 18:18,C,2025-06-05 17:58:00,2025-06-05 17:53:00,1142,2,0
2025206503,E172,6/5/25 23:18,25-2577,E-172,6/5/25 23:11,9/4/25 23:35,C,2025-06-05 23:18:00,2025-06-05 23:11:00,1143,1,0
2025206510,E171,6/5/25 23:28,25-2578,E-171,6/5/25 23:23,9/4/25 23:42,C,2025-06-05 23:28:00,2025-06-05 23:23:00,1144,1,0
2025206644,"BAT111, E171, LDR175",6/6/25 3:08,25-2579,L-175,6/6/25 3:05,9/5/25 3:33,C,2025-06-06 03:08:00,2025-06-06 03:05:00,1145,3,2
2025206715,E171,6/6/25 6:43,25-2581,nan,6/6/25 6:40,9/5/25 6:56,C,2025-06-06 06:43:00,2025-06-06 06:40:00,1146,1,0
2025207186,"BAT111, E171, E172, M105",6/6/25 13:08,25-2583,BC-111,6/6/25 13:05,9/5/25 13:22,A,2025-06-06 13:08:00,2025-06-06 13:05:00,1147,4,2
2025207571,E172,6/6/25 17:08,25-2584,E-172,6/6/25 17:04,9/5/25 17:18,A,2025-06-06 17:08:00,2025-06-06 17:04:00,1148,1,0
2025207749,"E171, E172",6/6/25 19:48,25-2585,E-172,6/6/25 19:44,9/5/25 19:57,A,2025-06-06 19:48:00,2025-06-06 19:44:00,1149,2,0
2025207762,LDR175,6/6/25 19:57,25-2586,L-175,6/6/25 19:53,9/4/25 20:06,A,2025-06-06 19:57:00,2025-06-06 19:53:00,1150,1,0
2025208283,LDR175,6/7/25 9:07,25-2589,nan,6/7/25 9:07,9/5/25 9:15,A,2025-06-07 09:07:00,2025-06-07 09:07:00,1151,1,0
2025208729,"BAT111, E171, LDR175",6/7/25 16:03,25-2591,BC-111,6/7/25 15:59,9/5/25 16:09,A,2025-06-07 16:03:00,2025-06-07 15:59:00,1152,3,2
2025208973,E172,6/7/25 19:33,25-2592,E-172,6/7/25 19:27,9/5/25 19:44,A,2025-06-07 19:33:00,2025-06-07 19:27:00,1153,1,0
2025209037,BAT111,6/7/25 20:13,25-2597,nan,6/7/25 20:10,9/4/25 20:17,A,2025-06-07 20:13:00,2025-06-07 20:10:00,1154,1,0
2025209046,E172,6/7/25 20:28,25-2594,E-172,6/7/25 20:23,9/4/25 20:42,A,2025-06-07 20:28:00,2025-06-07 20:23:00,1155,1,0
2025209138,"E171, LDR175",6/7/25 23:28,IFS25-2599,E-171,6/7/25 21:59,9/4/25 22:22,nan,2025-06-07 23:28:00,2025-06-07 21:59:00,1156,2,1
2025209158,LDR175,6/7/25 23:28,IFS25-2600,L-175,nan,nan,nan,2025-06-07 23:28:00,,1157,1,0
2025209121,E172,6/7/25 23:28,25-2601,E-172,6/7/25 21:51,9/4/25 22:08,A,2025-06-07 23:28:00,2025-06-07 21:51:00,1158,1,0
2025209180,LDR175,6/7/25 23:28,25-2606,L-175,6/7/25 22:14,9/4/25 22:23,A,2025-06-07 23:28:00,2025-06-07 22:14:00,1159,1,0
2025209207,BAT111,6/7/25 23:28,25-2603,L-175,6/7/25 22:29,9/4/25 22:29,A,2025-06-07 23:28:00,2025-06-07 22:29:00,1160,1,0
2025209196,BAT111,6/7/25 23:28,25-2604,L-175,6/7/25 22:19,9/4/25 22:25,A,2025-06-07 23:28:00,2025-06-07 22:19:00,1161,1,0
2025209204,BAT111,6/7/25 23:29,25-2605,E-171,6/7/25 22:26,9/4/25 22:40,A,2025-06-07 23:29:00,2025-06-07 22:26:00,1162,1,0
2025209200,BAT111,6/7/25 23:29,25-2607,E-171,6/7/25 22:24,9/4/25 22:35,A,2025-06-07 23:29:00,2025-06-07 22:24:00,1163,1,0
2025209294,"BAT111, E171, E172",6/7/25 23:29,IFS25-2608,E-172,6/7/25 23:04,9/4/25 23:12,A,2025-06-07 23:29:00,2025-06-07 23:04:00,1164,3,2
2025209212,BAT111,6/7/25 23:30,25-2609,E-171,6/7/25 22:30,9/4/25 22:50,A,2025-06-07 23:30:00,2025-06-07 22:30:00,1165,1,0
2025209258,LDR175,6/7/25 23:30,25-2610,L-175,6/7/25 22:49,9/4/25 23:02,A,2025-06-07 23:30:00,2025-06-07 22:49:00,1166,1,0
2025209234,E171,6/7/25 23:31,25-2611,E-171,6/7/25 22:37,9/4/25 22:55,A,2025-06-07 23:31:00,2025-06-07 22:37:00,1167,1,0
2025209636,"BAT111, E172",6/8/25 8:23,25-2613,BC-111,6/8/25 8:19,9/5/25 8:44,B,2025-06-08 08:23:00,2025-06-08 08:19:00,1168,2,1
2025209792,E172,6/8/25 11:22,25-2617,E-172,6/8/25 11:17,9/5/25 11:39,B,2025-06-08 11:22:00,2025-06-08 11:17:00,1169,1,0
2025209822,LDR175,6/8/25 12:17,25-2618,L-175,6/8/25 12:12,9/5/25 12:37,B,2025-06-08 12:17:00,2025-06-08 12:12:00,1170,1,0
2025209831,BAT111,6/8/25 12:18,IFS25-2619,BC-111,nan,nan,nan,2025-06-08 12:18:00,,1171,1,1
2025209895,LDR175,6/8/25 13:12,25-2620,L-175,6/8/25 13:10,9/5/25 13:24,B,2025-06-08 13:12:00,2025-06-08 13:10:00,1172,1,1
2025209939,LDR175,6/8/25 13:52,25-2621,L-175,6/8/25 13:46,9/5/25 13:57,B,2025-06-08 13:52:00,2025-06-08 13:46:00,1173,1,1
2025209947,"BAT111, E171, LDR175",6/8/25 13:57,25-2622,L-175,6/8/25 13:53,9/5/25 14:06,B,2025-06-08 13:57:00,2025-06-08 13:53:00,1174,3,2
2025209974,LDR175,6/8/25 14:27,25-2623,L-175,6/8/25 14:25,9/5/25 14:51,B,2025-06-08 14:27:00,2025-06-08 14:25:00,1175,1,1
2025209993,E171,6/8/25 14:43,25-2624,E-171,6/8/25 14:39,9/5/25 15:19,B,2025-06-08 14:43:00,2025-06-08 14:39:00,1176,1,1
2025210024,"BAT111, E172",6/8/25 15:02,25-2625,E-172,6/8/25 14:53,9/5/25 15:11,B,2025-06-08 15:02:00,2025-06-08 14:53:00,1177,2,1
2025210031,LDR175,6/8/25 15:13,25-2626,L-175,6/8/25 15:09,9/5/25 15:34,B,2025-06-08 15:13:00,2025-06-08 15:09:00,1178,1,1
2025210150,LDR175,6/8/25 17:08,25-2629,L-175,6/8/25 17:04,9/5/25 17:20,B,2025-06-08 17:08:00,2025-06-08 17:04:00,1179,1,1
2025210230,"BAT111, E172",6/8/25 18:37,25-2630,nan,6/8/25 18:36,9/5/25 18:43,B,2025-06-08 18:37:00,2025-06-08 18:36:00,1180,2,1
2025210339,"BAT111, E171",6/8/25 20:23,25-2632,E-171,6/8/25 20:18,9/4/25 20:35,B,2025-06-08 20:23:00,2025-06-08 20:18:00,1181,2,1
2025210463,LDR175,6/8/25 22:18,25-2634,nan,6/8/25 22:10,9/4/25 22:16,B,2025-06-08 22:18:00,2025-06-08 22:10:00,1182,1,1
2025210521,LDR175,6/8/25 23:33,25-2635,L-175,6/8/25 23:32,9/4/25 23:45,B,2025-06-08 23:33:00,2025-06-08 23:32:00,1183,1,1
2025210551,LDR175,6/9/25 0:17,25-2636,L-175,6/9/25 0:10,9/5/25 0:22,B,2025-06-09 00:17:00,2025-06-09 00:10:00,1184,1,1
2025210608,"E171, LDR175",6/9/25 4:02,25-2637,nan,6/9/25 3:56,9/5/25 3:59,B,2025-06-09 04:02:00,2025-06-09 03:56:00,1185,2,1
2025210729,"BAT111, E172",6/9/25 8:18,25-2639,nan,6/9/25 8:16,9/5/25 8:27,B,2025-06-09 08:18:00,2025-06-09 08:16:00,1186,2,1
2025210777,LDR175,6/9/25 9:03,25-2640,L-175,6/9/25 8:54,9/5/25 9:07,B,2025-06-09 09:03:00,2025-06-09 08:54:00,1187,1,1
2025210890,LDR175,6/9/25 10:23,25-2642,L-175,6/9/25 10:18,9/5/25 10:23,B,2025-06-09 10:23:00,2025-06-09 10:18:00,1188,1,1
2025211494,E171,6/9/25 15:48,25-2643,E-171,6/9/25 15:43,9/5/25 16:07,B,2025-06-09 15:48:00,2025-06-09 15:43:00,1189,1,1
2025211572,LDR175,6/9/25 16:48,25-3038,L-175,6/9/25 16:43,9/5/25 17:14,B,2025-06-09 16:48:00,2025-06-09 16:43:00,1190,1,1
2025211604,"BAT111, E171, E172",6/9/25 17:08,IFS25-2645,BC-111,nan,nan,nan,2025-06-09 17:08:00,,1191,3,2
2025211709,E172,6/9/25 18:28,25-2646,E-172,6/9/25 18:24,9/5/25 18:50,B,2025-06-09 18:28:00,2025-06-09 18:24:00,1192,1,1
2025211958,LDR175,6/9/25 22:58,25-2648,L-175,6/9/25 22:56,9/4/25 23:02,B,2025-06-09 22:58:00,2025-06-09 22:56:00,1193,1,1
2025211980,"E171, E172",6/9/25 23:38,25-2649,nan,6/9/25 23:33,9/4/25 23:38,B,2025-06-09 23:38:00,2025-06-09 23:33:00,1194,2,1
2025212128,"E171, LDR175",6/10/25 4:28,25-2650,L-175,6/10/25 4:23,9/5/25 4:59,B,2025-06-10 04:28:00,2025-06-10 04:23:00,1195,2,1
2025212199,LDR175,6/10/25 7:53,25-2653,L-175,6/10/25 7:48,9/5/25 8:06,C,2025-06-10 07:53:00,2025-06-10 07:48:00,1196,1,1
2025212253,LDR175,6/10/25 8:53,25-2654,nan,6/10/25 8:45,9/5/25 8:54,C,2025-06-10 08:53:00,2025-06-10 08:45:00,1197,1,1
2025212350,LDR175,6/10/25 10:08,25-2656,L-175,6/10/25 10:07,9/5/25 10:16,C,2025-06-10 10:08:00,2025-06-10 10:07:00,1198,1,1
2025212366,E172,6/10/25 10:23,25-2657,E-172,6/10/25 10:18,9/5/25 10:31,C,2025-06-10 10:23:00,2025-06-10 10:18:00,1199,1,1
2025212496,LDR175,6/10/25 11:57,25-2659,L-175,6/10/25 11:52,9/5/25 12:15,C,2025-06-10 11:57:00,2025-06-10 11:52:00,1200,1,1
2025212563,E172,6/10/25 12:38,25-2660,E-172,6/10/25 12:34,9/5/25 13:10,C,2025-06-10 12:38:00,2025-06-10 12:34:00,1201,1,1
2025212694,LDR175,6/10/25 13:43,25-2661,nan,6/10/25 13:35,9/5/25 13:46,C,2025-06-10 13:43:00,2025-06-10 13:35:00,1202,1,1
2025212749,E171,6/10/25 14:18,25-2662,E-171,6/10/25 14:14,9/5/25 14:25,C,2025-06-10 14:18:00,2025-06-10 14:14:00,1203,1,1
2025212796,E171,6/10/25 14:53,25-2663,E-171,6/10/25 14:49,9/5/25 14:56,C,2025-06-10 14:53:00,2025-06-10 14:49:00,1204,1,1
2025212825,E172,6/10/25 15:12,25-2664,nan,6/10/25 15:12,9/5/25 15:26,C,2025-06-10 15:12:00,2025-06-10 15:12:00,1205,1,1
2025212976,LDR175,6/10/25 16:47,25-2665,L-175,6/10/25 16:38,9/5/25 16:53,C,2025-06-10 16:47:00,2025-06-10 16:38:00,1206,1,1
2025213087,E171,6/10/25 18:02,25-2666,E-171,6/10/25 18:00,9/5/25 18:12,C,2025-06-10 18:02:00,2025-06-10 18:00:00,1207,1,1
2025213130,"BAT111, E171, E172",6/10/25 18:32,25-2667,BC-111,6/10/25 18:30,9/5/25 18:38,C,2025-06-10 18:32:00,2025-06-10 18:30:00,1208,3,2
2025213149,LDR175,6/10/25 18:47,25-2668,L-175,6/10/25 18:45,9/5/25 18:55,C,2025-06-10 18:47:00,2025-06-10 18:45:00,1209,1,1
2025213280,LDR175,6/10/25 21:12,25-2669,L-175,6/10/25 21:10,9/4/25 21:24,C,2025-06-10 21:12:00,2025-06-10 21:10:00,1210,1,1
2025213298,"E171, E172",6/10/25 21:28,25-2670,E-171,6/10/25 21:24,9/4/25 21:47,C,2025-06-10 21:28:00,2025-06-10 21:24:00,1211,2,1
2025213414,E172,6/11/25 0:43,25-2672,E-172,6/11/25 0:41,9/5/25 1:00,C,2025-06-11 00:43:00,2025-06-11 00:41:00,1212,1,1
2025213500,LDR175,6/11/25 5:27,25-2673,L-175,6/11/25 5:26,9/5/25 5:39,C,2025-06-11 05:27:00,2025-06-11 05:26:00,1213,1,1
2025213605,"BAT111, LDR175",6/11/25 8:08,25-2674,L-175,6/11/25 8:05,9/5/25 8:17,C,2025-06-11 08:08:00,2025-06-11 08:05:00,1214,2,1
2025213681,LDR175,6/11/25 9:17,25-2675,nan,6/11/25 9:16,9/5/25 9:19,C,2025-06-11 09:17:00,2025-06-11 09:16:00,1215,1,1
2025213757,LDR175,6/11/25 10:13,25-2676,L-175,6/11/25 10:10,9/5/25 10:28,C,2025-06-11 10:13:00,2025-06-11 10:10:00,1216,1,1
2025213869,LDR175,6/11/25 11:08,25-2677,L-175,6/11/25 11:05,9/5/25 11:28,C,2025-06-11 11:08:00,2025-06-11 11:05:00,1217,1,1
2025213907,E171,6/11/25 11:28,25-2678,E-171,6/11/25 11:24,9/5/25 11:42,B,2025-06-11 11:28:00,2025-06-11 11:24:00,1218,1,1
2025214004,E172,6/11/25 12:28,25-2679,E-172,6/11/25 12:21,9/5/25 12:57,C,2025-06-11 12:28:00,2025-06-11 12:21:00,1219,1,1
2025214144,"E171, E172",6/11/25 13:38,25-2680,nan,6/11/25 13:31,9/5/25 13:42,C,2025-06-11 13:38:00,2025-06-11 13:31:00,1220,2,1
2025214309,E171,6/11/25 15:08,25-2681,E-171,6/11/25 15:03,9/5/25 15:11,C,2025-06-11 15:08:00,2025-06-11 15:03:00,1221,1,1
2025214321,"E171, LDR175",6/11/25 15:13,25-2682,E-171,6/11/25 15:07,9/5/25 15:29,C,2025-06-11 15:13:00,2025-06-11 15:07:00,1222,2,1
2025214396,"E171, LDR175",6/11/25 15:48,25-2683,L-175,6/11/25 15:43,9/5/25 16:38,C,2025-06-11 15:48:00,2025-06-11 15:43:00,1223,2,1
2025214427,"BAT111, E171, E172, LDR175",6/11/25 15:58,25-2684,BC-111,6/11/25 15:55,9/5/25 16:38,C,2025-06-11 15:58:00,2025-06-11 15:55:00,1224,4,2
2025214656,LDR175,6/11/25 18:38,25-2686,L-175,6/11/25 18:32,9/5/25 18:44,C,2025-06-11 18:38:00,2025-06-11 18:32:00,1225,1,1
2025214734,LDR175,6/11/25 19:52,25-2691,nan,6/11/25 19:43,9/5/25 19:48,C,2025-06-11 19:52:00,2025-06-11 19:43:00,1226,1,1
2025214820,LDR175,6/11/25 21:42,25-2693,L-175,6/11/25 21:38,9/4/25 21:43,C,2025-06-11 21:42:00,2025-06-11 21:38:00,1227,1,1
2025215172,E172,6/12/25 8:27,25-2696,E-172,6/12/25 8:24,9/5/25 8:46,A,2025-06-12 08:27:00,2025-06-12 08:24:00,1228,1,1
2025215357,E172,6/12/25 10:32,25-2698,nan,6/12/25 10:28,9/5/25 10:28,A,2025-06-12 10:32:00,2025-06-12 10:28:00,1229,1,1
2025215358,BAT111,6/12/25 10:33,25-2699,nan,6/12/25 10:28,9/5/25 10:28,A,2025-06-12 10:33:00,2025-06-12 10:28:00,1230,1,1
2025215515,E172,6/12/25 12:08,25-2700,E-172,6/12/25 12:04,9/5/25 12:05,A,2025-06-12 12:08:00,2025-06-12 12:04:00,1231,1,1
2025215558,"E171, E172",6/12/25 12:43,25-2701,E-172,6/12/25 12:40,9/5/25 13:06,A,2025-06-12 12:43:00,2025-06-12 12:40:00,1232,2,1
2025215632,"BAT111, E172, LDR175",6/12/25 13:23,25-2702,nan,6/12/25 13:19,9/5/25 13:28,A,2025-06-12 13:23:00,2025-06-12 13:19:00,1233,3,2
2025215691,E172,6/12/25 13:48,25-2703,nan,6/12/25 13:43,9/5/25 13:46,A,2025-06-12 13:48:00,2025-06-12 13:43:00,1234,1,1
2025215752,E172,6/12/25 14:18,25-2704,nan,6/12/25 14:15,9/5/25 14:17,A,2025-06-12 14:18:00,2025-06-12 14:15:00,1235,1,1
2025215805,"E171, E172",6/12/25 14:48,25-2705,E-171,6/12/25 14:39,9/5/25 15:00,A,2025-06-12 14:48:00,2025-06-12 14:39:00,1236,2,1
2025216169,LDR175,6/12/25 18:47,25-2707,L-175,6/12/25 18:43,9/5/25 18:56,B,2025-06-12 18:47:00,2025-06-12 18:43:00,1237,1,1
2025216776,E172,6/13/25 9:48,25-3039,nan,6/13/25 9:45,9/5/25 9:51,A,2025-06-13 09:48:00,2025-06-13 09:45:00,1238,1,1
2025216929,"E171, LDR175",6/13/25 11:23,25-3040,nan,6/13/25 11:24,9/5/25 11:28,nan,2025-06-13 11:23:00,2025-06-13 11:24:00,1239,2,1
2025216940,"E171, LDR175",6/13/25 11:28,25-2711,nan,6/13/25 11:23,9/5/25 11:30,A,2025-06-13 11:28:00,2025-06-13 11:23:00,1240,2,1
2025217067,"BAT111, LDR175",6/13/25 12:13,25-2712,L-175,6/13/25 12:10,9/5/25 12:32,A,2025-06-13 12:13:00,2025-06-13 12:10:00,1241,2,1
2025217151,"E171, E172",6/13/25 12:53,25-2713,nan,6/13/25 12:52,9/5/25 13:02,A,2025-06-13 12:53:00,2025-06-13 12:52:00,1242,2,1
2025217384,"E172, LDR175",6/13/25 15:28,25-2714,E-172,6/13/25 15:25,9/5/25 15:29,A,2025-06-13 15:28:00,2025-06-13 15:25:00,1243,2,1
2025217511,LDR175,6/13/25 16:48,25-2715,L-175,6/13/25 16:45,9/5/25 17:02,A,2025-06-13 16:48:00,2025-06-13 16:45:00,1244,1,1
2025217674,LDR175,6/13/25 18:48,25-2716,L-175,6/13/25 18:45,9/5/25 18:57,A,2025-06-13 18:48:00,2025-06-13 18:45:00,1245,1,1
2025217693,LDR175,6/13/25 19:03,25-2717,nan,6/13/25 19:01,9/5/25 19:05,A,2025-06-13 19:03:00,2025-06-13 19:01:00,1246,1,1
2025217748,"E171, LDR175",6/13/25 19:58,25-2718,E-171,6/13/25 19:52,9/4/25 20:01,A,2025-06-13 19:58:00,2025-06-13 19:52:00,1247,2,1
2025217862,E171,6/13/25 21:48,25-3041,E-171,6/13/25 21:45,9/4/25 21:58,A,2025-06-13 21:48:00,2025-06-13 21:45:00,1248,1,1
2025217873,"BAT111, LDR175",6/13/25 21:58,25-2721,BC-111,6/13/25 21:52,9/4/25 22:06,B,2025-06-13 21:58:00,2025-06-13 21:52:00,1249,2,1
2025217898,"BAT111, E171, E172",6/13/25 22:23,25-2723,BC-111,6/13/25 22:15,9/4/25 22:42,A,2025-06-13 22:23:00,2025-06-13 22:15:00,1250,3,2
2025217904,LDR175,6/13/25 22:33,25-2724,nan,6/13/25 22:20,9/4/25 22:39,A,2025-06-13 22:33:00,2025-06-13 22:20:00,1251,1,1
2025218110,"BAT111, E171, LDR175",6/14/25 3:43,25-2726,L-175,6/14/25 3:40,9/5/25 4:37,A,2025-06-14 03:43:00,2025-06-14 03:40:00,1252,3,2
2025218146,BAT111,6/14/25 5:18,25-2727,nan,6/14/25 5:14,9/5/25 5:22,A,2025-06-14 05:18:00,2025-06-14 05:14:00,1253,1,1
2025218176,E171,6/14/25 6:48,25-2728,E-171,6/14/25 6:44,9/5/25 6:54,A,2025-06-14 06:48:00,2025-06-14 06:44:00,1254,1,1
2025218188,LDR175,6/14/25 7:03,25-2729,L-175,6/14/25 6:58,9/5/25 7:13,A,2025-06-14 07:03:00,2025-06-14 06:58:00,1255,1,1
2025218410,E171,6/14/25 11:58,25-3043,E-171,6/14/25 11:54,9/5/25 12:11,B,2025-06-14 11:58:00,2025-06-14 11:54:00,1256,1,1
2025218536,"E171, E172",6/14/25 13:53,25-2732,E-172,6/14/25 13:49,9/5/25 14:11,B,2025-06-14 13:53:00,2025-06-14 13:49:00,1257,2,1
2025218848,"BAT111, E171, E172",6/14/25 18:58,25-2735,E-172,6/14/25 18:55,9/4/25 20:03,B,2025-06-14 18:58:00,2025-06-14 18:55:00,1258,3,2
2025218959,"E171, E172",6/14/25 20:52,25-3045,E-171,6/14/25 20:50,9/4/25 20:59,B,2025-06-14 20:52:00,2025-06-14 20:50:00,1259,2,1
2025218993,"BAT111, E172",6/14/25 21:12,25-3046,nan,6/14/25 21:08,9/4/25 21:16,B,2025-06-14 21:12:00,2025-06-14 21:08:00,1260,2,1
2025219423,E172,6/15/25 8:42,25-2738,E-172,6/15/25 8:38,9/5/25 9:01,B,2025-06-15 08:42:00,2025-06-15 08:38:00,1261,1,1
2025219440,LDR175,6/15/25 9:08,25-2739,L-175,6/15/25 9:04,9/5/25 9:17,B,2025-06-15 09:08:00,2025-06-15 09:04:00,1262,1,1
2025219556,"E171, LDR175",6/15/25 12:07,25-2741,E-171,6/15/25 12:03,9/5/25 12:26,B,2025-06-15 12:07:00,2025-06-15 12:03:00,1263,2,1
2025219726,"E171, LDR175",6/15/25 14:37,25-2742,L-175,6/15/25 14:35,9/5/25 15:09,B,2025-06-15 14:37:00,2025-06-15 14:35:00,1264,2,1
2025219900,LDR175,6/15/25 18:23,25-2743,nan,6/15/25 18:11,9/5/25 18:17,B,2025-06-15 18:23:00,2025-06-15 18:11:00,1265,1,1
2025220111,"B117, BAT111, E172, LDR175",6/15/25 22:23,25-2744,E-172,6/15/25 22:22,9/4/25 23:28,B,2025-06-15 22:23:00,2025-06-15 22:22:00,1266,4,2
2025220288,E172,6/16/25 5:13,25-2745,E-172,6/16/25 5:09,9/5/25 5:26,B,2025-06-16 05:13:00,2025-06-16 05:09:00,1267,1,1
2025220460,E171,6/16/25 8:48,25-2746,E-171,6/16/25 8:43,9/5/25 9:11,C,2025-06-16 08:48:00,2025-06-16 08:43:00,1268,1,1
2025220451,LDR175,6/16/25 8:48,25-2747,L-175,6/16/25 8:39,9/5/25 8:54,C,2025-06-16 08:48:00,2025-06-16 08:39:00,1269,1,1
2025220569,LDR175,6/16/25 10:08,25-2748,L-175,6/16/25 10:05,9/5/25 10:16,C,2025-06-16 10:08:00,2025-06-16 10:05:00,1270,1,1
2025220689,E172,6/16/25 11:23,25-2749,E-172,6/16/25 11:20,9/5/25 12:18,C,2025-06-16 11:23:00,2025-06-16 11:20:00,1271,1,1
2025220776,LDR175,6/16/25 12:13,25-2750,nan,6/16/25 12:11,9/5/25 12:17,C,2025-06-16 12:13:00,2025-06-16 12:11:00,1272,1,1
2025220928,"E171, LDR175",6/16/25 13:43,25-2751,L-175,6/16/25 13:37,9/5/25 13:51,C,2025-06-16 13:43:00,2025-06-16 13:37:00,1273,2,1
2025221045,LDR175,6/16/25 14:53,25-2752,L-175,6/16/25 14:46,9/5/25 14:59,C,2025-06-16 14:53:00,2025-06-16 14:46:00,1274,1,1
2025221235,LDR175,6/16/25 16:28,25-2753,L-175,6/16/25 16:25,9/5/25 16:43,C,2025-06-16 16:28:00,2025-06-16 16:25:00,1275,1,1
2025221240,E172,6/16/25 16:28,25-2754,E-172,6/16/25 16:27,9/5/25 16:37,C,2025-06-16 16:28:00,2025-06-16 16:27:00,1276,1,1
2025221344,LDR175,6/16/25 17:33,25-2756,nan,6/16/25 17:31,9/5/25 17:33,C,2025-06-16 17:33:00,2025-06-16 17:31:00,1277,1,1
2025221537,LDR175,6/16/25 20:28,25-2757,L-175,6/16/25 20:27,9/4/25 20:46,C,2025-06-16 20:28:00,2025-06-16 20:27:00,1278,1,1
2025221705,E171,6/16/25 23:08,25-2758,E-171,6/16/25 23:06,9/4/25 23:18,C,2025-06-16 23:08:00,2025-06-16 23:06:00,1279,1,1
2025221780,"BAT111, E172",6/17/25 1:07,25-2760,nan,6/17/25 1:05,9/5/25 1:16,C,2025-06-17 01:07:00,2025-06-17 01:05:00,1280,2,1
2025222042,LDR175,6/17/25 8:58,25-2761,nan,6/17/25 8:52,9/5/25 8:55,C,2025-06-17 08:58:00,2025-06-17 08:52:00,1281,1,1
2025222161,LDR175,6/17/25 10:08,25-2762,L-175,6/17/25 10:01,9/5/25 10:25,C,2025-06-17 10:08:00,2025-06-17 10:01:00,1282,1,1
2025222171,E171,6/17/25 10:17,25-2763,nan,6/17/25 10:11,9/5/25 10:24,C,2025-06-17 10:17:00,2025-06-17 10:11:00,1283,1,1
2025222198,E171,6/17/25 10:28,25-2764,E-171,6/17/25 10:25,9/5/25 10:30,C,2025-06-17 10:28:00,2025-06-17 10:25:00,1284,1,1
2025222450,E172,6/17/25 13:03,25-2766,nan,6/17/25 12:58,9/5/25 13:05,C,2025-06-17 13:03:00,2025-06-17 12:58:00,1285,1,1
2025222570,E172,6/17/25 14:13,25-2767,nan,6/17/25 14:08,9/5/25 14:09,C,2025-06-17 14:13:00,2025-06-17 14:08:00,1286,1,1
2025223117,E172,6/17/25 20:13,25-2770,E-172,6/17/25 20:09,9/4/25 20:38,C,2025-06-17 20:13:00,2025-06-17 20:09:00,1287,1,1
2025223112,E171,6/17/25 20:13,25-2771,E-171,6/17/25 20:07,9/4/25 20:21,C,2025-06-17 20:13:00,2025-06-17 20:07:00,1288,1,1
2025223133,LDR175,6/17/25 20:28,25-2772,L-175,6/17/25 20:15,9/4/25 20:27,C,2025-06-17 20:28:00,2025-06-17 20:15:00,1289,1,1
2025223241,"E171, E172, LDR175",6/17/25 21:43,25-2774,E-172,6/17/25 21:39,9/4/25 22:16,C,2025-06-17 21:43:00,2025-06-17 21:39:00,1290,3,2
2025223240,"E171, E172",6/17/25 21:43,25-2775,E-171,6/17/25 21:39,9/4/25 22:40,C,2025-06-17 21:43:00,2025-06-17 21:39:00,1291,2,1
2025223271,LDR175,6/17/25 22:08,25-2776,L-175,6/17/25 21:53,9/4/25 22:24,C,2025-06-17 22:08:00,2025-06-17 21:53:00,1292,1,1
2025223297,"E172, LDR175",6/17/25 22:38,25-2777,nan,6/17/25 22:33,9/5/25 10:47,C,2025-06-17 22:38:00,2025-06-17 22:33:00,1293,2,1
2025223716,E171,6/18/25 9:33,25-2781,E-171,6/18/25 9:26,9/5/25 9:38,A,2025-06-18 09:33:00,2025-06-18 09:26:00,1294,1,1
2025223756,"E171, M105",6/18/25 9:53,25-2782,M-105,6/18/25 9:50,9/5/25 10:03,A,2025-06-18 09:53:00,2025-06-18 09:50:00,1295,2,1
2025223821,"E171, LDR175",6/18/25 10:43,25-2783,nan,6/18/25 10:41,9/5/25 10:47,A,2025-06-18 10:43:00,2025-06-18 10:41:00,1296,2,1
2025223938,E171,6/18/25 11:37,25-2784,E-171,6/18/25 11:35,9/5/25 11:54,A,2025-06-18 11:37:00,2025-06-18 11:35:00,1297,1,1
2025224067,LDR175,6/18/25 12:58,25-2785,L-175,6/18/25 12:52,9/5/25 13:08,A,2025-06-18 12:58:00,2025-06-18 12:52:00,1298,1,1
2025224092,LDR175,6/18/25 13:17,25-2786,L-175,6/18/25 13:08,9/5/25 13:30,A,2025-06-18 13:17:00,2025-06-18 13:08:00,1299,1,1
2025224309,E171,6/18/25 15:17,25-2787,E-171,6/18/25 15:17,9/5/25 15:35,A,2025-06-18 15:17:00,2025-06-18 15:17:00,1300,1,1
2025224465,"E171, LDR175",6/18/25 16:58,25-2788,L-175,6/18/25 16:49,9/5/25 17:12,A,2025-06-18 16:58:00,2025-06-18 16:49:00,1301,2,1
2025224489,E172,6/18/25 17:08,25-2789,E-172,6/18/25 17:04,9/5/25 17:31,A,2025-06-18 17:08:00,2025-06-18 17:04:00,1302,1,1
2025224667,E172,6/18/25 19:33,25-2790,nan,6/18/25 19:31,9/5/25 19:34,A,2025-06-18 19:33:00,2025-06-18 19:31:00,1303,1,1
2025224812,"BAT111, LDR175",6/18/25 22:13,25-2791,L-175,6/18/25 22:08,9/4/25 22:29,A,2025-06-18 22:13:00,2025-06-18 22:08:00,1304,2,1
2025224825,E171,6/18/25 22:17,25-2792,E-171,6/18/25 22:14,9/4/25 22:36,A,2025-06-18 22:17:00,2025-06-18 22:14:00,1305,1,1
2025224890,E171,6/18/25 23:33,25-2793,E-171,6/18/25 23:28,9/5/25 0:16,A,2025-06-18 23:33:00,2025-06-18 23:28:00,1306,1,1
2025224954,LDR175,6/19/25 1:33,25-2794,nan,6/19/25 1:31,9/5/25 1:38,A,2025-06-19 01:33:00,2025-06-19 01:31:00,1307,1,1
2025225331,BAT111,6/19/25 10:53,25-2796,BC-111,6/19/25 10:48,9/5/25 10:58,A,2025-06-19 10:53:00,2025-06-19 10:48:00,1308,1,1
2025225701,"E171, E172",6/19/25 14:23,25-2797,E-172,6/19/25 14:19,9/5/25 14:41,A,2025-06-19 14:23:00,2025-06-19 14:19:00,1309,2,1
2025225726,C102,6/19/25 14:38,25-2798,C-102,6/19/25 14:33,9/5/25 14:40,A,2025-06-19 14:38:00,2025-06-19 14:33:00,1310,1,1
2025225773,"E171, E172",6/19/25 15:03,25-2799,E-172,6/19/25 15:00,9/5/25 15:17,A,2025-06-19 15:03:00,2025-06-19 15:00:00,1311,2,1
2025226045,E171,6/19/25 18:13,25-2802,E-171,6/19/25 18:12,9/5/25 18:29,A,2025-06-19 18:13:00,2025-06-19 18:12:00,1312,1,1
2025226056,"E172, LDR175",6/19/25 18:23,25-2803,L-175,6/19/25 18:16,9/5/25 18:34,A,2025-06-19 18:23:00,2025-06-19 18:16:00,1313,2,1
2025226282,E171,6/19/25 21:33,25-2804,E-171,6/19/25 21:28,9/4/25 21:46,A,2025-06-19 21:33:00,2025-06-19 21:28:00,1314,1,1
2025226508,E171,6/20/25 4:38,25-2805,E-171,6/20/25 4:37,9/5/25 4:50,A,2025-06-20 04:38:00,2025-06-20 04:37:00,1315,1,1
2025226518,E172,6/20/25 5:23,25-2806,nan,6/20/25 5:18,9/5/25 5:33,A,2025-06-20 05:23:00,2025-06-20 05:18:00,1316,1,1
2025226552,"E171, E172",6/20/25 6:37,25-2807,E-171,6/20/25 6:35,9/5/25 6:48,A,2025-06-20 06:37:00,2025-06-20 06:35:00,1317,2,1
2025226632,E171,6/20/25 8:18,25-2808,E-171,6/20/25 8:13,9/5/25 8:35,B,2025-06-20 08:18:00,2025-06-20 08:13:00,1318,1,1
2025226936,"BAT111, E171, E172",6/20/25 11:38,IFS25-2809,BC-111,6/20/25 11:31,9/5/25 12:01,nan,2025-06-20 11:38:00,2025-06-20 11:31:00,1319,3,2
2025227038,E171,6/20/25 12:53,25-2810,E-171,6/20/25 12:49,9/5/25 12:52,B,2025-06-20 12:53:00,2025-06-20 12:49:00,1320,1,1
2025227120,LDR175,6/20/25 13:53,25-2811,L-175,6/20/25 13:50,9/5/25 13:57,B,2025-06-20 13:53:00,2025-06-20 13:50:00,1321,1,1
2025227343,BAT111,6/20/25 16:03,25-2812,nan,nan,nan,nan,2025-06-20 16:03:00,,1322,1,1
2025227435,"B117, BAT111, E171, E172, LDR175",6/20/25 17:18,25-2813,BC-111,6/20/25 17:10,9/5/25 17:25,B,2025-06-20 17:18:00,2025-06-20 17:10:00,1323,5,2
2025227468,"BAT111, LDR175",6/20/25 17:38,25-2814,L-175,6/20/25 17:34,9/5/25 18:22,B,2025-06-20 17:38:00,2025-06-20 17:34:00,1324,2,1
2025227572,BAT111,6/20/25 18:48,25-2816,nan,6/20/25 18:43,9/5/25 18:49,nan,2025-06-20 18:48:00,2025-06-20 18:43:00,1325,1,1
2025227653,E171,6/20/25 19:48,25-2817,E-171,nan,nan,nan,2025-06-20 19:48:00,,1326,1,1
2025227974,LDR175,6/21/25 1:28,25-2818,nan,6/21/25 1:20,9/5/25 1:30,B,2025-06-21 01:28:00,2025-06-21 01:20:00,1327,1,1
2025227989,BAT111,6/21/25 1:33,25-2819,BC-111,nan,nan,nan,2025-06-21 01:33:00,,1328,1,1
2025228356,"BAT111, E171, E172",6/21/25 11:48,25-2823,BC-111,6/21/25 11:44,9/5/25 11:58,B,2025-06-21 11:48:00,2025-06-21 11:44:00,1329,3,2
2025228559,"E171, E172",6/21/25 15:08,25-2825,E-171,6/21/25 15:02,9/5/25 15:11,B,2025-06-21 15:08:00,2025-06-21 15:02:00,1330,2,1
2025228643,"E171, LDR175",6/21/25 16:18,25-2826,L-175,6/21/25 16:11,9/5/25 16:35,B,2025-06-21 16:18:00,2025-06-21 16:11:00,1331,2,1
2025228829,LDR175,6/21/25 18:58,25-2827,L-175,6/21/25 18:53,9/5/25 19:08,B,2025-06-21 18:58:00,2025-06-21 18:53:00,1332,1,1
2025228902,LDR175,6/21/25 20:03,25-2828,L-175,6/21/25 19:58,9/4/25 20:10,B,2025-06-21 20:03:00,2025-06-21 19:58:00,1333,1,1
2025228919,LDR175,6/21/25 20:18,25-2829,L-175,6/21/25 20:13,9/4/25 20:26,B,2025-06-21 20:18:00,2025-06-21 20:13:00,1334,1,1
2025228929,"BAT111, E171",6/21/25 20:22,25-2830,E-171,6/21/25 20:19,9/4/25 20:39,B,2025-06-21 20:22:00,2025-06-21 20:19:00,1335,2,1
2025228970,E172,6/21/25 21:03,25-2831,E-172,6/21/25 20:57,9/4/25 21:10,B,2025-06-21 21:03:00,2025-06-21 20:57:00,1336,1,1
2025229045,E171,6/21/25 22:03,25-2832,E-171,6/21/25 21:58,9/4/25 22:16,B,2025-06-21 22:03:00,2025-06-21 21:58:00,1337,1,1
2025229140,LDR175,6/21/25 23:43,25-2833,nan,6/21/25 23:39,9/4/25 23:43,B,2025-06-21 23:43:00,2025-06-21 23:39:00,1338,1,1
2025229178,"E171, E172",6/22/25 0:43,25-2834,E-171,6/22/25 0:36,9/5/25 0:55,B,2025-06-22 00:43:00,2025-06-22 00:36:00,1339,2,1
2025229200,E171,6/22/25 1:38,25-2836,E-171,6/22/25 1:31,9/5/25 1:47,B,2025-06-22 01:38:00,2025-06-22 01:31:00,1340,1,1
2025229216,LDR175,6/22/25 1:53,25-2837,L-175,6/22/25 1:52,9/5/25 2:04,B,2025-06-22 01:53:00,2025-06-22 01:52:00,1341,1,1
2025229334,"BAT111, E171, E172",6/22/25 7:38,25-2839,E-172,6/22/25 7:33,9/5/25 7:38,C,2025-06-22 07:38:00,2025-06-22 07:33:00,1342,3,2
2025229344,LDR175,6/22/25 7:48,25-2840,nan,6/22/25 7:42,9/5/25 7:54,C,2025-06-22 07:48:00,2025-06-22 07:42:00,1343,1,1
2025229369,"E171, E172",6/22/25 8:18,25-2841,E-172,6/22/25 8:16,9/5/25 8:24,C,2025-06-22 08:18:00,2025-06-22 08:16:00,1344,2,1
2025229429,LDR175,6/22/25 9:38,25-2842,L-175,6/22/25 9:22,9/5/25 9:43,C,2025-06-22 09:38:00,2025-06-22 09:22:00,1345,1,1
2025229599,E172,6/22/25 13:03,25-2843,E-172,6/22/25 13:01,9/5/25 13:42,C,2025-06-22 13:03:00,2025-06-22 13:01:00,1346,1,1
2025229752,E172,6/22/25 15:38,25-2845,E-172,6/22/25 15:35,9/5/25 16:04,C,2025-06-22 15:38:00,2025-06-22 15:35:00,1347,1,1
2025229826,"E171, E172",6/22/25 17:08,25-2846,E-171,6/22/25 17:03,9/5/25 17:30,C,2025-06-22 17:08:00,2025-06-22 17:03:00,1348,2,1
2025230077,BAT111,6/22/25 22:33,25-2848,nan,6/22/25 22:31,9/4/25 22:39,C,2025-06-22 22:33:00,2025-06-22 22:31:00,1349,1,1
2025230097,LDR175,6/22/25 23:03,25-2849,nan,6/22/25 22:58,9/4/25 23:06,C,2025-06-22 23:03:00,2025-06-22 22:58:00,1350,1,1
2025230186,LDR175,6/23/25 3:03,25-2850,L-175,6/23/25 3:02,9/5/25 3:13,C,2025-06-23 03:03:00,2025-06-23 03:02:00,1351,1,1
2025230184,"BAT111, E171, E172",6/23/25 3:08,25-2851,BC-111,6/23/25 2:59,9/5/25 3:43,C,2025-06-23 03:08:00,2025-06-23 02:59:00,1352,3,2
2025230199,LDR175,6/23/25 5:08,25-2852,L-175,6/23/25 5:02,9/5/25 5:23,C,2025-06-23 05:08:00,2025-06-23 05:02:00,1353,1,1
2025230213,LDR175,6/23/25 6:13,25-2853,L-175,6/23/25 6:06,9/5/25 6:20,C,2025-06-23 06:13:00,2025-06-23 06:06:00,1354,1,1
2025230515,"E171, E172",6/23/25 11:03,25-2855,E-171,6/23/25 10:57,9/5/25 11:13,C,2025-06-23 11:03:00,2025-06-23 10:57:00,1355,2,1
2025230529,LDR175,6/23/25 11:13,25-2857,L-175,6/23/25 11:09,9/5/25 11:38,C,2025-06-23 11:13:00,2025-06-23 11:09:00,1356,1,1
2025230549,E172,6/23/25 11:28,25-2858,nan,6/23/25 11:27,9/5/25 11:30,C,2025-06-23 11:28:00,2025-06-23 11:27:00,1357,1,1
2025230564,"E171, E172",6/23/25 11:38,25-2859,E-172,6/23/25 11:34,9/5/25 11:58,C,2025-06-23 11:38:00,2025-06-23 11:34:00,1358,2,1
2025230562,BAT111,6/23/25 11:38,25-2860,nan,6/23/25 11:33,9/5/25 11:40,C,2025-06-23 11:38:00,2025-06-23 11:33:00,1359,1,1
2025230588,LDR175,6/23/25 11:48,25-2861,L-175,6/23/25 11:47,9/5/25 12:13,C,2025-06-23 11:48:00,2025-06-23 11:47:00,1360,1,1
2025230664,E171,6/23/25 12:28,25-2862,E-171,6/23/25 12:26,9/5/25 12:42,C,2025-06-23 12:28:00,2025-06-23 12:26:00,1361,1,1
2025230757,"E171, LDR175",6/23/25 13:18,25-2863,L-175,6/23/25 13:13,9/5/25 13:21,C,2025-06-23 13:18:00,2025-06-23 13:13:00,1362,2,1
2025230895,"E171, E172",6/23/25 14:23,25-2864,E-172,6/23/25 14:20,9/5/25 14:39,C,2025-06-23 14:23:00,2025-06-23 14:20:00,1363,2,1
2025230942,LDR175,6/23/25 14:53,25-2865,L-175,6/23/25 14:49,9/5/25 15:21,C,2025-06-23 14:53:00,2025-06-23 14:49:00,1364,1,1
2025231005,LDR175,6/23/25 15:28,25-2866,nan,6/23/25 15:21,9/5/25 15:29,C,2025-06-23 15:28:00,2025-06-23 15:21:00,1365,1,1
2025231168,"E171, E172",6/23/25 17:03,25-2867,E-172,6/23/25 17:00,9/5/25 17:09,C,2025-06-23 17:03:00,2025-06-23 17:00:00,1366,2,1
2025231700,E172,6/24/25 2:58,25-2868,E-172,6/24/25 2:52,9/5/25 3:03,C,2025-06-24 02:58:00,2025-06-24 02:52:00,1367,1,1
2025231870,"BAT111, LDR175",6/24/25 8:43,25-2869,L-175,6/24/25 8:41,9/5/25 8:58,A,2025-06-24 08:43:00,2025-06-24 08:41:00,1368,2,1
2025232142,LDR175,6/24/25 11:30,25-2871,nan,6/24/25 11:27,9/5/25 11:37,A,2025-06-24 11:30:00,2025-06-24 11:27:00,1369,1,1
2025232267,LDR175,6/24/25 12:39,25-2874,L-175,6/24/25 12:29,9/5/25 12:36,A,2025-06-24 12:39:00,2025-06-24 12:29:00,1370,1,1
2025232293,"BAT111, E171, LDR175",6/24/25 12:50,25-2875,L-175,6/24/25 12:45,9/5/25 12:56,A,2025-06-24 12:50:00,2025-06-24 12:45:00,1371,3,2
2025232515,E172,6/24/25 14:43,25-2877,E-172,6/24/25 14:39,9/5/25 15:01,A,2025-06-24 14:43:00,2025-06-24 14:39:00,1372,1,1
2025232582,E171,6/24/25 15:28,25-2878,E-171,6/24/25 15:24,9/5/25 15:33,A,2025-06-24 15:28:00,2025-06-24 15:24:00,1373,1,1
2025232594,E171,6/24/25 15:38,25-2879,E-171,6/24/25 15:34,9/5/25 15:47,A,2025-06-24 15:38:00,2025-06-24 15:34:00,1374,1,1
2025232737,"BAT111, E172",6/24/25 16:48,25-2880,E-172,6/24/25 16:47,9/5/25 17:49,A,2025-06-24 16:48:00,2025-06-24 16:47:00,1375,2,1
2025232811,E171,6/24/25 17:33,25-2881,E-171,6/24/25 17:29,9/5/25 17:54,A,2025-06-24 17:33:00,2025-06-24 17:29:00,1376,1,1
2025232927,"BAT111, E172",6/24/25 19:28,25-2882,nan,6/24/25 19:26,9/5/25 19:34,A,2025-06-24 19:28:00,2025-06-24 19:26:00,1377,2,1
2025233066,E171,6/24/25 21:28,25-2883,E-171,6/24/25 21:25,9/4/25 21:37,A,2025-06-24 21:28:00,2025-06-24 21:25:00,1378,1,1
2025233100,LDR175,6/24/25 22:13,25-2884,L-175,6/24/25 22:12,9/4/25 22:30,A,2025-06-24 22:13:00,2025-06-24 22:12:00,1379,1,1
2025233122,"BAT111, LDR175",6/24/25 22:48,25-2885,L-175,6/24/25 22:45,9/4/25 22:57,A,2025-06-24 22:48:00,2025-06-24 22:45:00,1380,2,1
2025233310,LDR175,6/25/25 5:53,25-2886,L-175,6/25/25 5:47,9/5/25 6:08,A,2025-06-25 05:53:00,2025-06-25 05:47:00,1381,1,1
2025233751,LDR175,6/25/25 12:13,25-2888,L-175,6/25/25 1:03,9/5/25 2:01,A,2025-06-25 12:13:00,2025-06-25 01:03:00,1382,1,1
2025233824,BAT111,6/25/25 12:53,25-2889,nan,6/25/25 12:51,9/5/25 13:00,A,2025-06-25 12:53:00,2025-06-25 12:51:00,1383,1,1
2025233982,E172,6/25/25 14:28,25-2890,E-172,6/25/25 14:20,9/5/25 14:34,A,2025-06-25 14:28:00,2025-06-25 14:20:00,1384,1,1
2025234097,"E171, E172, LDR175",6/25/25 15:18,25-2891,L-175,6/25/25 15:17,9/5/25 15:56,A,2025-06-25 15:18:00,2025-06-25 15:17:00,1385,3,2
2025234190,LDR175,6/25/25 16:03,25-2892,L-175,6/25/25 15:55,9/5/25 16:16,A,2025-06-25 16:03:00,2025-06-25 15:55:00,1386,1,1
2025234280,E172,6/25/25 17:03,25-2893,E-172,6/25/25 16:57,9/5/25 17:20,A,2025-06-25 17:03:00,2025-06-25 16:57:00,1387,1,1
2025234420,E172,6/25/25 18:18,25-2894,E-172,6/25/25 18:13,9/5/25 18:37,A,2025-06-25 18:18:00,2025-06-25 18:13:00,1388,1,1
2025234569,"E171, E172",6/25/25 20:23,25-2897,E-172,6/25/25 20:16,9/4/25 20:27,A,2025-06-25 20:23:00,2025-06-25 20:16:00,1389,2,1
2025234570,LDR175,6/25/25 20:23,25-2898,L-175,nan,nan,nan,2025-06-25 20:23:00,,1390,1,1
2025234608,E171,6/25/25 20:33,25-2899,E-171,6/25/25 20:28,9/4/25 20:40,A,2025-06-25 20:33:00,2025-06-25 20:28:00,1391,1,1
2025234580,E172,6/25/25 20:33,25-2900,E-172,6/25/25 20:21,9/4/25 20:43,A,2025-06-25 20:33:00,2025-06-25 20:21:00,1392,1,1
2025234647,E172,6/25/25 20:53,25-2901,E-172,6/25/25 20:44,9/4/25 20:58,A,2025-06-25 20:53:00,2025-06-25 20:44:00,1393,1,1
2025234575,E172,6/25/25 21:13,25-2902,E-172,6/25/25 20:18,9/4/25 21:15,A,2025-06-25 21:13:00,2025-06-25 20:18:00,1394,1,1
2025234589,E171,6/25/25 21:13,25-2903,nan,6/25/25 20:24,9/4/25 21:13,A,2025-06-25 21:13:00,2025-06-25 20:24:00,1395,1,1
2025234636,E171,6/25/25 21:14,25-2904,E-171,6/25/25 20:39,9/4/25 21:12,A,2025-06-25 21:14:00,2025-06-25 20:39:00,1396,1,1
2025234730,C102,6/25/25 21:18,25-2905,C-102,6/25/25 21:17,9/4/25 21:28,A,2025-06-25 21:18:00,2025-06-25 21:17:00,1397,1,1
2025234681,E171,6/25/25 21:19,25-2906,E-171,6/25/25 20:56,9/4/25 21:29,A,2025-06-25 21:19:00,2025-06-25 20:56:00,1398,1,1
2025234757,"E171, LDR175",6/25/25 21:38,25-2907,E-171,6/25/25 21:32,9/4/25 21:44,A,2025-06-25 21:38:00,2025-06-25 21:32:00,1399,2,1
2025234830,E172,6/25/25 22:48,25-2908,nan,6/25/25 22:47,9/4/25 22:57,A,2025-06-25 22:48:00,2025-06-25 22:47:00,1400,1,1
2025234866,LDR175,6/25/25 23:58,25-2909,L-175,6/25/25 23:51,9/5/25 0:05,A,2025-06-25 23:58:00,2025-06-25 23:51:00,1401,1,1
2025235016,E171,6/26/25 6:18,25-2911,E-171,6/26/25 6:10,9/5/25 6:26,A,2025-06-26 06:18:00,2025-06-26 06:10:00,1402,1,1
2025235017,LDR175,6/26/25 6:18,25-2912,L-175,6/26/25 6:11,9/5/25 6:24,nan,2025-06-26 06:18:00,2025-06-26 06:11:00,1403,1,1
2025235055,LDR175,6/26/25 7:33,25-2913,nan,6/26/25 7:18,9/5/25 7:26,A,2025-06-26 07:33:00,2025-06-26 07:18:00,1404,1,1
2025235079,LDR175,6/26/25 7:53,25-2914,L-175,6/26/25 7:49,9/5/25 8:18,B,2025-06-26 07:53:00,2025-06-26 07:49:00,1405,1,1
2025235413,"BAT111, E171, E172, LDR175",6/26/25 11:28,25-2915,E-171,6/26/25 11:25,9/5/25 11:38,B,2025-06-26 11:28:00,2025-06-26 11:25:00,1406,4,2
2025235512,"BAT111, E172, LDR175",6/26/25 12:18,25-2916,nan,6/26/25 12:15,9/5/25 12:22,B,2025-06-26 12:18:00,2025-06-26 12:15:00,1407,3,2
2025235531,"BAT111, E172",6/26/25 12:28,25-2917,nan,6/26/25 12:22,9/5/25 12:31,A,2025-06-26 12:28:00,2025-06-26 12:22:00,1408,2,1
2025235551,E171,6/26/25 12:38,25-2918,E-171,6/26/25 12:34,9/5/25 12:48,B,2025-06-26 12:38:00,2025-06-26 12:34:00,1409,1,1
2025235635,LDR175,6/26/25 13:23,25-2919,nan,6/26/25 13:14,9/5/25 13:20,B,2025-06-26 13:23:00,2025-06-26 13:14:00,1410,1,1
2025235733,"BAT111, E171, E172, LDR175",6/26/25 14:23,25-2922,nan,6/26/25 14:17,9/5/25 14:22,B,2025-06-26 14:23:00,2025-06-26 14:17:00,1411,4,2
2025235830,LDR175,6/26/25 15:28,25-2923,L-175,6/26/25 15:23,9/5/25 15:43,B,2025-06-26 15:28:00,2025-06-26 15:23:00,1412,1,1
2025236092,LDR175,6/26/25 17:53,25-2925,L-175,6/26/25 17:35,9/5/25 17:43,B,2025-06-26 17:53:00,2025-06-26 17:35:00,1413,1,1
2025236113,E172,6/26/25 18:13,25-2926,E-172,6/26/25 18:11,9/5/25 18:34,A,2025-06-26 18:13:00,2025-06-26 18:11:00,1414,1,1
2025236346,E171,6/26/25 21:58,25-2927,E-171,6/26/25 21:53,9/4/25 22:02,B,2025-06-26 21:58:00,2025-06-26 21:53:00,1415,1,1
2025236400,"E171, LDR175",6/26/25 22:53,25-2928,L-175,6/26/25 22:52,9/4/25 22:59,B,2025-06-26 22:53:00,2025-06-26 22:52:00,1416,2,1
2025236409,E172,6/26/25 23:03,25-2929,E-172,6/26/25 23:00,9/4/25 23:32,B,2025-06-26 23:03:00,2025-06-26 23:00:00,1417,1,1
2025236508,LDR175,6/27/25 1:53,25-2930,L-175,6/27/25 1:47,9/5/25 2:01,B,2025-06-27 01:53:00,2025-06-27 01:47:00,1418,1,1
2025236683,E171,6/27/25 7:57,25-2931,E-171,6/27/25 7:54,9/5/25 8:09,B,2025-06-27 07:57:00,2025-06-27 07:54:00,1419,1,1
2025236700,E172,6/27/25 8:08,25-2932,E-172,6/27/25 8:05,9/5/25 8:20,B,2025-06-27 08:08:00,2025-06-27 08:05:00,1420,1,1
2025236827,"BAT111, E171, E172, LDR175",6/27/25 9:28,25-2933,L-175,6/27/25 9:22,9/5/25 9:33,B,2025-06-27 09:28:00,2025-06-27 09:22:00,1421,4,2
2025236825,"E171, E172",6/27/25 9:28,25-2934,E-172,6/27/25 9:21,9/5/25 9:53,B,2025-06-27 09:28:00,2025-06-27 09:21:00,1422,2,1
2025236869,"BAT111, E171, E172",6/27/25 9:48,25-2935,E-171,6/27/25 9:46,9/5/25 10:31,B,2025-06-27 09:48:00,2025-06-27 09:46:00,1423,3,2
2025236959,E171,6/27/25 10:43,25-2936,E-171,6/27/25 10:38,9/5/25 10:58,B,2025-06-27 10:43:00,2025-06-27 10:38:00,1424,1,1
2025237004,"E171, E172",6/27/25 10:58,25-2937,E-171,6/27/25 10:57,9/5/25 11:17,B,2025-06-27 10:58:00,2025-06-27 10:57:00,1425,2,1
2025237073,E171,6/27/25 11:38,25-2938,E-171,6/27/25 11:36,9/5/25 11:53,B,2025-06-27 11:38:00,2025-06-27 11:36:00,1426,1,1
2025237112,"E172, LDR175",6/27/25 12:03,25-2939,E-172,6/27/25 11:57,9/5/25 12:07,B,2025-06-27 12:03:00,2025-06-27 11:57:00,1427,2,1
2025237176,E172,6/27/25 12:38,25-2940,nan,6/27/25 12:34,9/5/25 12:35,B,2025-06-27 12:38:00,2025-06-27 12:34:00,1428,1,1
2025237324,E171,6/27/25 13:58,25-2941,E-171,6/27/25 13:57,9/5/25 14:16,B,2025-06-27 13:58:00,2025-06-27 13:57:00,1429,1,1
2025237327,E172,6/27/25 14:03,25-2942,E-172,6/27/25 13:58,9/5/25 14:05,B,2025-06-27 14:03:00,2025-06-27 13:58:00,1430,1,1
2025237351,LDR175,6/27/25 14:18,25-2943,L-175,6/27/25 14:12,9/5/25 14:22,B,2025-06-27 14:18:00,2025-06-27 14:12:00,1431,1,1
2025237496,LDR175,6/27/25 15:38,25-2945,nan,6/27/25 15:26,9/5/25 15:31,B,2025-06-27 15:38:00,2025-06-27 15:26:00,1432,1,1
2025237502,"E171, LDR175",6/27/25 15:38,25-2946,L-175,6/27/25 15:34,9/5/25 15:45,B,2025-06-27 15:38:00,2025-06-27 15:34:00,1433,2,1
2025237722,"E171, E172",6/27/25 18:13,25-2947,E-172,6/27/25 18:09,9/5/25 18:22,B,2025-06-27 18:13:00,2025-06-27 18:09:00,1434,2,1
2025237737,"E171, E172",6/27/25 18:33,25-2948,E-171,6/27/25 18:28,9/5/25 18:42,B,2025-06-27 18:33:00,2025-06-27 18:28:00,1435,2,1
2025238114,E171,6/28/25 1:38,25-2949,E-171,6/28/25 1:34,9/5/25 1:49,B,2025-06-28 01:38:00,2025-06-28 01:34:00,1436,1,1
2025238154,BAT111,6/28/25 3:08,25-2950,nan,6/28/25 3:04,9/5/25 3:11,B,2025-06-28 03:08:00,2025-06-28 03:04:00,1437,1,1
2025238168,E172,6/28/25 3:23,25-2951,E-172,6/28/25 3:17,9/5/25 3:39,B,2025-06-28 03:23:00,2025-06-28 03:17:00,1438,1,1
2025238264,LDR175,6/28/25 7:28,25-2952,L-175,6/28/25 7:26,9/5/25 7:42,B,2025-06-28 07:28:00,2025-06-28 07:26:00,1439,1,1
2025238349,E171,6/28/25 10:08,25-2953,E-171,6/28/25 10:05,9/5/25 10:21,C,2025-06-28 10:08:00,2025-06-28 10:05:00,1440,1,1
2025238413,LDR175,6/28/25 11:18,25-2954,L-175,6/28/25 11:14,9/5/25 11:25,C,2025-06-28 11:18:00,2025-06-28 11:14:00,1441,1,1
2025238409,E171,6/28/25 11:18,25-2955,E-171,6/28/25 11:13,9/5/25 11:22,C,2025-06-28 11:18:00,2025-06-28 11:13:00,1442,1,1
2025238590,LDR175,6/28/25 14:13,25-2956,L-175,6/28/25 14:07,9/5/25 14:23,C,2025-06-28 14:13:00,2025-06-28 14:07:00,1443,1,1
2025238702,"E171, E172",6/28/25 15:48,25-2957,E-172,6/28/25 15:42,9/5/25 15:51,C,2025-06-28 15:48:00,2025-06-28 15:42:00,1444,2,1
2025238728,LDR175,6/28/25 16:13,25-2958,L-175,6/28/25 16:08,9/5/25 16:25,C,2025-06-28 16:13:00,2025-06-28 16:08:00,1445,1,1
2025238791,"E171, E172, LDR175",6/28/25 16:58,25-2959,L-175,6/28/25 16:54,9/5/25 17:16,C,2025-06-28 16:58:00,2025-06-28 16:54:00,1446,3,2
2025238826,"E171, LDR175",6/28/25 17:28,25-2960,L-175,6/28/25 17:24,9/5/25 17:34,C,2025-06-28 17:28:00,2025-06-28 17:24:00,1447,2,1
2025238852,LDR175,6/28/25 17:53,25-2961,L-175,6/28/25 17:43,9/5/25 17:55,C,2025-06-28 17:53:00,2025-06-28 17:43:00,1448,1,1
2025238979,LDR175,6/28/25 19:48,25-2962,L-175,6/28/25 19:43,9/4/25 20:04,C,2025-06-28 19:48:00,2025-06-28 19:43:00,1449,1,1
2025239035,LDR175,6/28/25 20:52,25-2963,nan,6/28/25 20:44,9/4/25 20:56,C,2025-06-28 20:52:00,2025-06-28 20:44:00,1450,1,1
2025239231,E171,6/28/25 23:48,25-2964,E-171,6/28/25 23:46,9/5/25 0:01,C,2025-06-28 23:48:00,2025-06-28 23:46:00,1451,1,1
2025239234,LDR175,6/28/25 23:53,25-2965,L-175,6/28/25 23:45,9/5/25 0:12,C,2025-06-28 23:53:00,2025-06-28 23:45:00,1452,1,1
2025239437,LDR175,6/29/25 5:28,25-2966,nan,6/29/25 5:22,9/5/25 5:31,C,2025-06-29 05:28:00,2025-06-29 05:22:00,1453,1,1
2025239459,E171,6/29/25 6:18,25-2967,E-171,6/29/25 6:13,9/5/25 6:35,C,2025-06-29 06:18:00,2025-06-29 06:13:00,1454,1,1
2025239554,"E171, LDR175",6/29/25 9:38,25-2968,nan,6/29/25 9:36,9/5/25 9:41,C,2025-06-29 09:38:00,2025-06-29 09:36:00,1455,2,1
2025239593,E172,6/29/25 10:28,25-2969,E-172,6/29/25 10:26,9/5/25 10:37,C,2025-06-29 10:28:00,2025-06-29 10:26:00,1456,1,1
2025239614,"E171, E172",6/29/25 11:03,25-2970,E-171,6/29/25 10:57,9/5/25 11:03,C,2025-06-29 11:03:00,2025-06-29 10:57:00,1457,2,1
2025239811,LDR175,6/29/25 14:18,25-2971,L-175,6/29/25 14:13,9/5/25 14:25,C,2025-06-29 14:18:00,2025-06-29 14:13:00,1458,1,1
2025239869,E172,6/29/25 15:03,25-2972,nan,6/29/25 15:00,9/5/25 15:02,C,2025-06-29 15:03:00,2025-06-29 15:00:00,1459,1,1
2025239877,E172,6/29/25 15:08,25-2973,nan,6/29/25 15:06,9/5/25 15:23,C,2025-06-29 15:08:00,2025-06-29 15:06:00,1460,1,1
2025239909,"E172, LDR175",6/29/25 15:43,25-2974,E-172,6/29/25 15:39,9/5/25 15:57,C,2025-06-29 15:43:00,2025-06-29 15:39:00,1461,2,1
2025239959,LDR175,6/29/25 16:38,25-2975,L-175,6/29/25 16:14,9/5/25 17:01,C,2025-06-29 16:38:00,2025-06-29 16:14:00,1462,1,1
2025240100,E172,6/29/25 19:08,25-2976,nan,6/29/25 19:04,9/5/25 19:05,C,2025-06-29 19:08:00,2025-06-29 19:04:00,1463,1,1
2025240120,"E171, E172",6/29/25 19:43,25-2977,E-171,6/29/25 19:39,9/5/25 19:54,C,2025-06-29 19:43:00,2025-06-29 19:39:00,1464,2,1
2025240152,LDR175,6/29/25 20:18,25-2978,L-175,6/29/25 20:15,9/4/25 20:29,C,2025-06-29 20:18:00,2025-06-29 20:15:00,1465,1,1
2025240226,"BAT111, E171, E172, LDR175",6/29/25 22:08,25-2979,L-175,6/29/25 22:01,9/4/25 22:20,C,2025-06-29 22:08:00,2025-06-29 22:01:00,1466,4,2
2025240344,"BAT111, E171, LDR175",6/30/25 0:23,25-2981,BC-111,6/30/25 0:18,9/5/25 0:59,nan,2025-06-30 00:23:00,2025-06-30 00:18:00,1467,3,2
2025240359,E172,6/30/25 0:43,25-2982,E-172,6/30/25 0:38,9/5/25 1:09,C,2025-06-30 00:43:00,2025-06-30 00:38:00,1468,1,1
2025240374,E171,6/30/25 0:58,25-2983,E-171,6/30/25 0:53,9/5/25 1:10,C,2025-06-30 00:58:00,2025-06-30 00:53:00,1469,1,1
2025240380,LDR175,6/30/25 1:03,25-2984,L-175,6/30/25 1:02,9/5/25 1:19,C,2025-06-30 01:03:00,2025-06-30 01:02:00,1470,1,1
2025240392,E172,6/30/25 1:23,25-2985,E-172,6/30/25 1:17,9/5/25 1:28,C,2025-06-30 01:23:00,2025-06-30 01:17:00,1471,1,1
2025240841,E172,6/30/25 11:13,25-2986,E-172,6/30/25 11:10,9/5/25 11:18,A,2025-06-30 11:13:00,2025-06-30 11:10:00,1472,1,1
2025240977,LDR175,6/30/25 12:28,25-2987,L-175,6/30/25 12:25,9/5/25 12:41,A,2025-06-30 12:28:00,2025-06-30 12:25:00,1473,1,1
2025241116,"E171, E172",6/30/25 13:33,25-2988,E-171,6/30/25 13:28,9/5/25 14:00,A,2025-06-30 13:33:00,2025-06-30 13:28:00,1474,2,1
2025241205,E172,6/30/25 14:18,25-2989,nan,6/30/25 14:13,9/5/25 14:19,A,2025-06-30 14:18:00,2025-06-30 14:13:00,1475,1,1
2025241465,E172,6/30/25 17:08,25-2990,nan,6/30/25 17:06,9/5/25 17:08,A,2025-06-30 17:08:00,2025-06-30 17:06:00,1476,1,1
2025241528,"BAT111, LDR175",6/30/25 17:58,25-2991,nan,6/30/25 17:55,9/5/25 18:00,A,2025-06-30 17:58:00,2025-06-30 17:55:00,1477,2,1
2025241679,"E171, LDR175",6/30/25 20:08,25-2993,L-175,6/30/25 20:07,9/4/25 20:43,A,2025-06-30 20:08:00,2025-06-30 20:07:00,1478,2,1
2025241722,E172,6/30/25 21:18,25-2995,E-172,6/30/25 21:07,9/4/25 21:29,A,2025-06-30 21:18:00,2025-06-30 21:07:00,1479,1,1
2025241738,LDR175,6/30/25 21:33,25-2997,L-175,6/30/25 21:29,9/4/25 21:37,A,2025-06-30 21:33:00,2025-06-30 21:29:00,1480,1,1
2025241766,E172,6/30/25 21:58,25-2998,E-172,6/30/25 21:55,9/4/25 22:10,A,2025-06-30 21:58:00,2025-06-30 21:55:00,1481,1,1
2025242245,E172,7/1/25 10:23,25-3001,nan,7/1/25 10:21,9/5/25 10:23,A,2025-07-01 10:23:00,2025-07-01 10:21:00,1482,1,1
2025242452,LDR175,7/1/25 12:53,25-3003,nan,7/1/25 12:46,9/5/25 12:53,nan,2025-07-01 12:53:00,2025-07-01 12:46:00,1483,1,1
2025242514,LDR175,7/1/25 13:53,25-3005,L-175,7/1/25 13:45,9/5/25 13:57,A,2025-07-01 13:53:00,2025-07-01 13:45:00,1484,1,1
2025242534,E172,7/1/25 14:18,25-3006,E-172,7/1/25 14:02,9/5/25 14:28,A,2025-07-01 14:18:00,2025-07-01 14:02:00,1485,1,1
2025242984,"BAT111, E171, E172, LDR175",7/1/25 19:18,25-3007,BC-111,7/1/25 19:10,9/5/25 19:32,A,2025-07-01 19:18:00,2025-07-01 19:10:00,1486,4,2
2025243233,"BAT111, LDR175",7/2/25 0:13,25-3009,nan,7/2/25 0:12,9/5/25 0:13,A,2025-07-02 00:13:00,2025-07-02 00:12:00,1487,2,1
2025243456,LDR175,7/2/25 8:43,25-3011,L-175,7/2/25 8:39,9/5/25 8:45,B,2025-07-02 08:43:00,2025-07-02 08:39:00,1488,1,1
2025243735,LDR175,7/2/25 11:33,25-3012,L-175,7/2/25 11:30,9/5/25 11:38,B,2025-07-02 11:33:00,2025-07-02 11:30:00,1489,1,1
2025243966,"BAT111, E171, LDR175",7/2/25 14:03,25-3013,L-175,7/2/25 13:57,9/5/25 14:03,B,2025-07-02 14:03:00,2025-07-02 13:57:00,1490,3,2
2025243988,LDR175,7/2/25 14:18,25-3014,nan,7/2/25 14:09,9/5/25 14:14,B,2025-07-02 14:18:00,2025-07-02 14:09:00,1491,1,1
2025244001,LDR175,7/2/25 14:28,25-3015,nan,7/2/25 14:26,9/5/25 14:32,B,2025-07-02 14:28:00,2025-07-02 14:26:00,1492,1,1
2025244181,E172,7/2/25 16:03,25-3017,nan,7/2/25 16:02,9/5/25 16:06,B,2025-07-02 16:03:00,2025-07-02 16:02:00,1493,1,1
2025244166,E171,7/2/25 16:03,25-3018,E-171,7/2/25 15:58,9/5/25 16:19,B,2025-07-02 16:03:00,2025-07-02 15:58:00,1494,1,1
2025244294,LDR175,7/2/25 17:23,25-3019,L-175,7/2/25 17:17,9/5/25 17:36,B,2025-07-02 17:23:00,2025-07-02 17:17:00,1495,1,1
2025244312,E171,7/2/25 17:33,25-3020,E-171,7/2/25 17:28,9/5/25 18:49,B,2025-07-02 17:33:00,2025-07-02 17:28:00,1496,1,1
2025244355,"E172, LDR175",7/2/25 18:23,25-3021,L-175,7/2/25 18:18,9/5/25 19:10,B,2025-07-02 18:23:00,2025-07-02 18:18:00,1497,2,1
2025244390,"BAT111, E171",7/2/25 18:53,25-3022,E-171,7/2/25 18:47,9/5/25 19:14,B,2025-07-02 18:53:00,2025-07-02 18:47:00,1498,2,1
2025244424,E171,7/2/25 19:23,25-3023,E-171,7/2/25 19:21,9/5/25 19:34,B,2025-07-02 19:23:00,2025-07-02 19:21:00,1499,1,1
2025244714,"E171, LDR175",7/3/25 2:43,25-3026,L-175,7/3/25 2:38,9/5/25 3:22,B,2025-07-03 02:43:00,2025-07-03 02:38:00,1500,2,1
2025244832,"E171, LDR175",7/3/25 7:53,25-3027,E-171,7/3/25 7:46,9/5/25 8:03,B,2025-07-03 07:53:00,2025-07-03 07:46:00,1501,2,1
2025245281,E171,7/3/25 12:48,25-3030,E-171,7/3/25 12:46,9/5/25 13:07,B,2025-07-03 12:48:00,2025-07-03 12:46:00,1502,1,1
2025245459,BAT111,7/3/25 14:13,25-3031,BC-111,nan,nan,nan,2025-07-03 14:13:00,,1503,1,1
2025245697,E171,7/3/25 16:13,25-3052,E-171,7/3/25 16:11,9/5/25 16:36,B,2025-07-03 16:13:00,2025-07-03 16:11:00,1504,1,1
2025245739,LDR175,7/3/25 16:33,25-3054,L-175,7/3/25 16:30,9/5/25 16:39,B,2025-07-03 16:33:00,2025-07-03 16:30:00,1505,1,1
2025245791,E171,7/3/25 16:53,25-3055,E-171,7/3/25 16:51,9/5/25 17:05,B,2025-07-03 16:53:00,2025-07-03 16:51:00,1506,1,1
2025246066,"BAT111, E172",7/3/25 21:03,25-3059,E-172,7/3/25 20:57,9/4/25 21:15,B,2025-07-03 21:03:00,2025-07-03 20:57:00,1507,2,1
2025246170,LDR175,7/3/25 22:38,25-3062,L-175,7/3/25 22:36,9/4/25 22:49,B,2025-07-03 22:38:00,2025-07-03 22:36:00,1508,1,1
2025246365,LDR175,7/4/25 5:03,25-3064,L-175,7/4/25 4:59,9/5/25 5:17,B,2025-07-04 05:03:00,2025-07-04 04:59:00,1509,1,1
2025246380,LDR175,7/4/25 5:58,25-3065,L-175,7/4/25 5:52,9/5/25 6:20,B,2025-07-04 05:58:00,2025-07-04 05:52:00,1510,1,1
2025246552,E172,7/4/25 9:33,25-3066,E-172,7/4/25 9:30,9/5/25 9:55,C,2025-07-04 09:33:00,2025-07-04 09:30:00,1511,1,1
2025246669,"E172, LDR175",7/4/25 11:33,25-3067,E-172,7/4/25 11:28,9/5/25 11:48,C,2025-07-04 11:33:00,2025-07-04 11:28:00,1512,2,1
2025246746,LDR175,7/4/25 12:28,25-3068,L-175,7/4/25 12:19,9/5/25 13:12,C,2025-07-04 12:28:00,2025-07-04 12:19:00,1513,1,1
2025246785,E172,7/4/25 12:53,25-3069,E-172,7/4/25 12:49,9/5/25 13:15,C,2025-07-04 12:53:00,2025-07-04 12:49:00,1514,1,1
2025246826,LDR175,7/4/25 13:33,25-3070,L-175,7/4/25 13:25,9/5/25 13:51,C,2025-07-04 13:33:00,2025-07-04 13:25:00,1515,1,1
2025246961,LDR175,7/4/25 15:13,25-3073,L-175,7/4/25 15:11,9/5/25 15:26,C,2025-07-04 15:13:00,2025-07-04 15:11:00,1516,1,1
2025247150,"BAT111, LDR175",7/4/25 18:38,25-3074,nan,7/4/25 18:34,9/5/25 18:41,nan,2025-07-04 18:38:00,2025-07-04 18:34:00,1517,2,1
2025247362,"BAT111, E171, LDR175",7/4/25 20:48,25-3075,BC-111,7/4/25 20:45,9/4/25 20:54,C,2025-07-04 20:48:00,2025-07-04 20:45:00,1518,3,2
2025247571,LDR175,7/4/25 22:18,25-3076,L-175,7/4/25 22:15,9/4/25 22:33,C,2025-07-04 22:18:00,2025-07-04 22:15:00,1519,1,1
2025247718,LDR175,7/4/25 23:38,25-3077,L-175,7/4/25 23:35,9/4/25 23:55,C,2025-07-04 23:38:00,2025-07-04 23:35:00,1520,1,1
2025247727,BAT111,7/4/25 23:38,25-3078,nan,7/4/25 23:37,9/4/25 23:43,C,2025-07-04 23:38:00,2025-07-04 23:37:00,1521,1,1
2025247722,E172,7/4/25 23:39,25-3079,E-172,7/4/25 23:37,9/5/25 0:06,C,2025-07-04 23:39:00,2025-07-04 23:37:00,1522,1,1
2025248090,E171,7/5/25 9:13,25-3082,E-171,7/5/25 9:04,9/5/25 9:26,C,2025-07-05 09:13:00,2025-07-05 09:04:00,1523,1,1
2025248214,"B117, BAT111, E171, E172, LDR175",7/5/25 10:58,25-3083,E-172,7/5/25 10:56,9/5/25 11:04,C,2025-07-05 10:58:00,2025-07-05 10:56:00,1524,5,2
2025248223,"BAT111, E171, E172",7/5/25 11:03,25-3084,E-171,7/5/25 11:00,9/5/25 12:05,C,2025-07-05 11:03:00,2025-07-05 11:00:00,1525,3,2
2025248294,LDR175,7/5/25 12:13,25-3085,L-175,7/5/25 12:09,9/5/25 12:24,C,2025-07-05 12:13:00,2025-07-05 12:09:00,1526,1,1
2025248349,"E171, LDR175",7/5/25 13:13,25-3087,L-175,7/5/25 13:09,9/5/25 13:36,C,2025-07-05 13:13:00,2025-07-05 13:09:00,1527,2,1
2025248381,"BAT111, E171, LDR175",7/5/25 13:38,25-3088,L-175,7/5/25 13:30,9/5/25 13:53,nan,2025-07-05 13:38:00,2025-07-05 13:30:00,1528,3,2
2025248601,"E171, E172",7/5/25 16:18,25-3089,E-171,7/5/25 16:12,9/5/25 16:49,C,2025-07-05 16:18:00,2025-07-05 16:12:00,1529,2,1
2025248624,LDR175,7/5/25 16:38,25-3090,L-175,7/5/25 16:33,9/5/25 16:37,C,2025-07-05 16:38:00,2025-07-05 16:33:00,1530,1,1
2025248872,"BAT111, LDR175",7/5/25 20:23,25-3092,L-175,7/5/25 20:19,9/4/25 20:36,C,2025-07-05 20:23:00,2025-07-05 20:19:00,1531,2,1
2025249156,"E171, E172",7/6/25 0:48,25-3093,E-171,7/6/25 0:46,9/5/25 1:06,A,2025-07-06 00:48:00,2025-07-06 00:46:00,1532,2,1
2025249186,E172,7/6/25 1:38,25-3095,E-172,7/6/25 1:30,9/5/25 1:59,C,2025-07-06 01:38:00,2025-07-06 01:30:00,1533,1,1
2025249312,E172,7/6/25 5:35,25-3097,nan,7/6/25 5:30,9/5/25 5:40,C,2025-07-06 05:35:00,2025-07-06 05:30:00,1534,1,1
2025249384,LDR175,7/6/25 9:09,25-3098,L-175,7/6/25 9:05,9/5/25 9:26,A,2025-07-06 09:09:00,2025-07-06 09:05:00,1535,1,1
2025249397,"E171, LDR175",7/6/25 9:33,25-3099,E-171,7/6/25 9:29,9/5/25 9:46,A,2025-07-06 09:33:00,2025-07-06 09:29:00,1536,2,1
2025249501,LDR175,7/6/25 11:43,25-3100,L-175,7/6/25 11:42,9/5/25 12:00,A,2025-07-06 11:43:00,2025-07-06 11:42:00,1537,1,1
2025249687,"E171, E172",7/6/25 15:53,25-3101,E-172,7/6/25 15:50,9/5/25 15:56,A,2025-07-06 15:53:00,2025-07-06 15:50:00,1538,2,1
2025249724,"BAT111, LDR175",7/6/25 16:28,25-3102,L-175,7/6/25 16:34,9/5/25 16:51,A,2025-07-06 16:28:00,2025-07-06 16:34:00,1539,2,1
2025249848,LDR175,7/6/25 19:08,25-3104,nan,7/6/25 19:04,9/5/25 19:09,A,2025-07-06 19:08:00,2025-07-06 19:04:00,1540,1,1
2025250136,LDR175,7/7/25 0:33,25-3105,L-175,7/7/25 0:31,9/5/25 0:53,A,2025-07-07 00:33:00,2025-07-07 00:31:00,1541,1,1
2025250196,LDR175,7/7/25 3:23,25-3106,L-175,7/7/25 3:19,9/5/25 3:26,A,2025-07-07 03:23:00,2025-07-07 03:19:00,1542,1,1
2025250310,LDR175,7/7/25 8:08,25-3107,L-175,7/7/25 8:07,9/5/25 8:36,A,2025-07-07 08:08:00,2025-07-07 08:07:00,1543,1,1
2025250321,"BAT111, C102, E171, E172",7/7/25 8:13,25-3108,C-102,7/7/25 8:14,9/5/25 8:57,A,2025-07-07 08:13:00,2025-07-07 08:14:00,1544,4,2
2025250431,E172,7/7/25 9:43,25-3109,nan,7/7/25 9:38,9/5/25 9:40,B,2025-07-07 09:43:00,2025-07-07 09:38:00,1545,1,1
2025250483,E171,7/7/25 10:23,25-3110,E-171,7/7/25 10:20,9/5/25 10:42,A,2025-07-07 10:23:00,2025-07-07 10:20:00,1546,1,1
2025250531,LDR175,7/7/25 11:03,25-3112,L-175,7/7/25 10:57,9/5/25 11:04,A,2025-07-07 11:03:00,2025-07-07 10:57:00,1547,1,1
2025250587,E172,7/7/25 11:33,25-3114,E-172,7/7/25 11:31,9/5/25 11:53,B,2025-07-07 11:33:00,2025-07-07 11:31:00,1548,1,1
2025250606,LDR175,7/7/25 11:48,25-3115,L-175,7/7/25 11:44,9/5/25 11:54,A,2025-07-07 11:48:00,2025-07-07 11:44:00,1549,1,1
2025250615,E171,7/7/25 11:53,25-3116,E-171,7/7/25 11:48,9/5/25 12:04,A,2025-07-07 11:53:00,2025-07-07 11:48:00,1550,1,1
2025250637,E171,7/7/25 12:08,25-3117,E-171,7/7/25 12:05,9/5/25 12:11,A,2025-07-07 12:08:00,2025-07-07 12:05:00,1551,1,1
2025250744,BAT111,7/7/25 13:03,25-3118,nan,7/7/25 13:02,9/5/25 13:14,A,2025-07-07 13:03:00,2025-07-07 13:02:00,1552,1,1
2025250757,"BAT111, C102, E172, LDR175",7/7/25 13:13,25-3119,BC-111,7/7/25 13:07,9/5/25 14:34,A,2025-07-07 13:13:00,2025-07-07 13:07:00,1553,4,2
2025251180,"BAT111, E171, LDR175",7/7/25 17:38,25-3121,nan,7/7/25 17:35,9/5/25 17:44,A,2025-07-07 17:38:00,2025-07-07 17:35:00,1554,3,2
2025251254,LDR175,7/7/25 18:38,25-3122,L-175,7/7/25 18:34,9/5/25 18:51,A,2025-07-07 18:38:00,2025-07-07 18:34:00,1555,1,1
2025251278,"E171, E172",7/7/25 18:58,25-3123,E-171,7/7/25 18:54,9/5/25 19:00,A,2025-07-07 18:58:00,2025-07-07 18:54:00,1556,2,1
2025251445,LDR175,7/7/25 21:58,25-3125,L-175,7/7/25 21:56,9/4/25 22:11,A,2025-07-07 21:58:00,2025-07-07 21:56:00,1557,1,1
2025251580,LDR175,7/8/25 1:53,25-3127,L-175,7/8/25 1:48,9/5/25 2:03,A,2025-07-08 01:53:00,2025-07-08 01:48:00,1558,1,1
2025251687,LDR175,7/8/25 7:18,25-3128,L-175,7/8/25 7:14,9/5/25 7:23,A,2025-07-08 07:18:00,2025-07-08 07:14:00,1559,1,1
2025251902,"BAT111, E172, LDR175",7/8/25 10:18,25-3131,nan,7/8/25 10:14,9/5/25 10:21,B,2025-07-08 10:18:00,2025-07-08 10:14:00,1560,3,2
2025252275,"BAT111, E171, E172, LDR175",7/8/25 14:28,25-3136,nan,7/8/25 14:19,9/5/25 14:33,B,2025-07-08 14:28:00,2025-07-08 14:19:00,1561,4,2
2025252498,E172,7/8/25 17:13,25-3139,E-172,7/8/25 17:07,9/5/25 17:33,B,2025-07-08 17:13:00,2025-07-08 17:07:00,1562,1,1
2025252588,"BAT111, E171, E172, LDR175",7/8/25 18:33,25-3141,BC-111,7/8/25 18:30,9/5/25 18:47,B,2025-07-08 18:33:00,2025-07-08 18:30:00,1563,4,2
2025252849,LDR175,7/8/25 23:18,25-3144,L-175,7/8/25 23:14,9/4/25 23:29,B,2025-07-08 23:18:00,2025-07-08 23:14:00,1564,1,1
2025252856,"BAT111, E171, E172, LDR175",7/8/25 23:33,25-3145,E-171,7/8/25 23:27,9/4/25 23:44,B,2025-07-08 23:33:00,2025-07-08 23:27:00,1565,4,2
2025253485,"BAT111, E171, E172",7/9/25 12:48,25-3149,E-172,7/9/25 12:39,9/5/25 14:08,B,2025-07-09 12:48:00,2025-07-09 12:39:00,1566,3,2
2025253688,E171,7/9/25 14:33,25-3151,E-171,7/9/25 14:29,9/5/25 14:44,B,2025-07-09 14:33:00,2025-07-09 14:29:00,1567,1,1
2025253714,"BAT111, E172",7/9/25 14:48,25-3152,nan,7/9/25 14:45,9/5/25 14:54,B,2025-07-09 14:48:00,2025-07-09 14:45:00,1568,2,1
2025253725,"BAT111, LDR175",7/9/25 14:53,25-3153,L-175,7/9/25 14:49,9/5/25 15:33,B,2025-07-09 14:53:00,2025-07-09 14:49:00,1569,2,1
2025253757,E172,7/9/25 15:08,25-3155,E-172,7/9/25 15:05,9/5/25 15:27,B,2025-07-09 15:08:00,2025-07-09 15:05:00,1570,1,1
2025254059,LDR175,7/9/25 18:13,25-3156,L-175,7/9/25 18:10,9/5/25 18:54,B,2025-07-09 18:13:00,2025-07-09 18:10:00,1571,1,1
2025254155,BAT111,7/9/25 19:33,25-3157,nan,7/9/25 19:28,9/5/25 19:36,B,2025-07-09 19:33:00,2025-07-09 19:28:00,1572,1,1
2025254163,"BAT111, E171, LDR175",7/9/25 19:43,25-3158,BC-111,7/9/25 19:39,9/4/25 20:01,B,2025-07-09 19:43:00,2025-07-09 19:39:00,1573,3,2
2025254237,LDR175,7/9/25 21:23,25-3160,L-175,7/9/25 21:18,9/4/25 21:31,B,2025-07-09 21:23:00,2025-07-09 21:18:00,1574,1,1
2025254306,E172,7/9/25 22:58,25-3161,E-172,7/9/25 22:50,9/4/25 23:27,B,2025-07-09 22:58:00,2025-07-09 22:50:00,1575,1,1
2025254630,"BAT111, E172",7/10/25 8:58,25-3164,nan,7/10/25 8:55,9/5/25 9:08,C,2025-07-10 08:58:00,2025-07-10 08:55:00,1576,2,1
2025254711,E172,7/10/25 9:48,25-3165,E-172,7/10/25 9:44,9/5/25 10:07,C,2025-07-10 09:48:00,2025-07-10 09:44:00,1577,1,1
2025254971,LDR175,7/10/25 12:13,25-3166,L-175,7/10/25 12:10,9/5/25 12:21,C,2025-07-10 12:13:00,2025-07-10 12:10:00,1578,1,1
2025254989,"E171, E172",7/10/25 12:25,25-3167,E-171,7/10/25 12:18,9/5/25 12:27,C,2025-07-10 12:25:00,2025-07-10 12:18:00,1579,2,1
2025255239,LDR175,7/10/25 14:38,25-3169,L-175,7/10/25 14:37,9/5/25 15:03,C,2025-07-10 14:38:00,2025-07-10 14:37:00,1580,1,1
2025255396,E172,7/10/25 15:53,25-3170,nan,7/10/25 15:49,9/5/25 15:52,C,2025-07-10 15:53:00,2025-07-10 15:49:00,1581,1,1
2025255558,"BAT111, E172",7/10/25 17:28,25-3172,nan,7/10/25 17:23,9/5/25 17:31,C,2025-07-10 17:28:00,2025-07-10 17:23:00,1582,2,1
2025255776,BAT111,7/10/25 19:43,25-3175,nan,7/10/25 19:40,9/5/25 19:41,C,2025-07-10 19:43:00,2025-07-10 19:40:00,1583,1,1
2025255801,LDR175,7/10/25 20:08,25-3176,L-175,7/10/25 20:04,9/4/25 20:14,C,2025-07-10 20:08:00,2025-07-10 20:04:00,1584,1,1
2025255855,"E171, LDR175",7/10/25 21:23,25-3177,L-175,7/10/25 21:21,9/4/25 21:48,C,2025-07-10 21:23:00,2025-07-10 21:21:00,1585,2,1
2025256036,LDR175,7/11/25 0:23,25-3178,L-175,7/11/25 0:19,9/5/25 0:39,C,2025-07-11 00:23:00,2025-07-11 00:19:00,1586,1,1
2025256102,LDR175,7/11/25 2:23,25-3179,L-175,7/11/25 2:19,9/5/25 2:29,C,2025-07-11 02:23:00,2025-07-11 02:19:00,1587,1,1
2025256188,LDR175,7/11/25 6:43,25-3180,L-175,7/11/25 6:39,9/5/25 7:33,C,2025-07-11 06:43:00,2025-07-11 06:39:00,1588,1,1
2025256200,E172,7/11/25 7:03,25-3181,E-172,7/11/25 7:01,9/5/25 7:20,C,2025-07-11 07:03:00,2025-07-11 07:01:00,1589,1,1
2025256219,"E171, E172, LDR175",7/11/25 7:38,25-3182,L-175,7/11/25 7:33,9/5/25 8:24,C,2025-07-11 07:38:00,2025-07-11 07:33:00,1590,3,2
2025256372,E171,7/11/25 9:33,25-3183,E-171,7/11/25 9:28,9/5/25 9:31,C,2025-07-11 09:33:00,2025-07-11 09:28:00,1591,1,1
2025256768,E172,7/11/25 13:48,25-3187,E-172,7/11/25 13:45,9/5/25 13:59,C,2025-07-11 13:48:00,2025-07-11 13:45:00,1592,1,1
2025256813,E172,7/11/25 14:15,25-3189,E-172,7/11/25 14:09,9/5/25 14:22,C,2025-07-11 14:15:00,2025-07-11 14:09:00,1593,1,1
2025256881,LDR175,7/11/25 14:58,25-3190,L-175,7/11/25 14:53,9/5/25 15:12,C,2025-07-11 14:58:00,2025-07-11 14:53:00,1594,1,1
2025257548,"E171, LDR175",7/12/25 1:18,25-3194,L-175,7/12/25 1:14,9/5/25 1:28,C,2025-07-12 01:18:00,2025-07-12 01:14:00,1595,2,1
2025257746,E172,7/12/25 9:03,25-3196,E-172,7/12/25 9:00,9/5/25 9:08,A,2025-07-12 09:03:00,2025-07-12 09:00:00,1596,1,1
2025257882,BAT111,7/12/25 11:18,25-3197,nan,7/12/25 11:14,9/5/25 11:24,A,2025-07-12 11:18:00,2025-07-12 11:14:00,1597,1,1
2025257897,BAT111,7/12/25 11:33,25-3198,nan,7/12/25 11:29,9/5/25 11:30,A,2025-07-12 11:33:00,2025-07-12 11:29:00,1598,1,1
2025257913,"E172, LDR175",7/12/25 11:53,25-3199,E-172,7/12/25 11:48,9/5/25 11:59,A,2025-07-12 11:53:00,2025-07-12 11:48:00,1599,2,1
2025258174,E172,7/12/25 15:58,25-3201,E-172,7/12/25 15:54,9/5/25 16:08,A,2025-07-12 15:58:00,2025-07-12 15:54:00,1600,1,1
2025258263,"BAT111, E171, E172",7/12/25 17:23,25-3203,BC-111,7/12/25 17:19,9/5/25 17:26,A,2025-07-12 17:23:00,2025-07-12 17:19:00,1601,3,2
2025258393,LDR175,7/12/25 18:48,25-3204,L-175,7/12/25 18:39,9/5/25 19:01,A,2025-07-12 18:48:00,2025-07-12 18:39:00,1602,1,1
2025258531,LDR175,7/12/25 20:38,25-3205,L-175,7/12/25 20:33,9/4/25 20:43,A,2025-07-12 20:38:00,2025-07-12 20:33:00,1603,1,1
2025258559,"BAT111, E172",7/12/25 20:48,25-3206,nan,7/12/25 20:45,9/4/25 20:56,A,2025-07-12 20:48:00,2025-07-12 20:45:00,1604,2,1
2025258599,E172,7/12/25 21:13,25-3207,E-172,7/12/25 21:10,9/4/25 21:24,A,2025-07-12 21:13:00,2025-07-12 21:10:00,1605,1,1
2025258729,LDR175,7/12/25 23:08,25-3209,L-175,7/12/25 23:07,9/4/25 23:35,A,2025-07-12 23:08:00,2025-07-12 23:07:00,1606,1,1
2025258753,BAT111,7/12/25 23:33,25-3210,nan,7/12/25 23:31,9/4/25 23:44,A,2025-07-12 23:33:00,2025-07-12 23:31:00,1607,1,1
2025258816,E172,7/13/25 0:58,25-3211,E-172,7/13/25 0:55,9/5/25 1:15,A,2025-07-13 00:58:00,2025-07-13 00:55:00,1608,1,1
2025258915,E172,7/13/25 5:18,25-3212,E-172,7/13/25 5:17,9/5/25 5:39,A,2025-07-13 05:18:00,2025-07-13 05:17:00,1609,1,1
2025258935,LDR175,7/13/25 6:23,25-3213,L-175,7/13/25 6:18,9/5/25 6:38,A,2025-07-13 06:23:00,2025-07-13 06:18:00,1610,1,1
2025259028,E172,7/13/25 9:13,25-3214,E-172,7/13/25 9:09,9/5/25 9:35,A,2025-07-13 09:13:00,2025-07-13 09:09:00,1611,1,1
2025259138,E172,7/13/25 11:18,25-3215,E-172,7/13/25 11:16,9/5/25 11:30,A,2025-07-13 11:18:00,2025-07-13 11:16:00,1612,1,1
2025259163,"E171, E172",7/13/25 11:58,25-3216,E-171,7/13/25 11:53,9/5/25 12:07,A,2025-07-13 11:58:00,2025-07-13 11:53:00,1613,2,1
2025259237,"E171, LDR175",7/13/25 13:13,25-3217,E-171,7/13/25 13:07,9/5/25 13:23,A,2025-07-13 13:13:00,2025-07-13 13:07:00,1614,2,1
2025259263,E171,7/13/25 13:44,25-3218,E-171,7/13/25 13:36,9/5/25 13:46,A,2025-07-13 13:44:00,2025-07-13 13:36:00,1615,1,1
2025259459,LDR175,7/13/25 17:13,25-3220,L-175,6/7/25 23:02,9/4/25 23:11,A,2025-07-13 17:13:00,2025-06-07 23:02:00,1616,1,1
2025259457,LDR175,7/13/25 17:13,25-3221,nan,6/7/25 21:16,9/4/25 21:42,A,2025-07-13 17:13:00,2025-06-07 21:16:00,1617,1,1
2025259461,LDR175,7/13/25 17:18,25-3223,nan,6/8/25 5:23,9/5/25 5:33,A,2025-07-13 17:18:00,2025-06-08 05:23:00,1618,1,1
2025259460,LDR175,7/13/25 17:18,25-3224,L-175,6/7/25 21:18,9/4/25 21:41,A,2025-07-13 17:18:00,2025-06-07 21:18:00,1619,1,1
2025259480,"BAT111, LDR175",7/13/25 17:38,25-3225,L-175,7/13/25 17:35,9/5/25 17:56,A,2025-07-13 17:38:00,2025-07-13 17:35:00,1620,2,1
2025259492,E172,7/13/25 17:48,25-3226,E-172,7/13/25 17:46,9/5/25 17:58,A,2025-07-13 17:48:00,2025-07-13 17:46:00,1621,1,1
2025259588,LDR175,7/13/25 19:14,25-3228,L-175,7/13/25 19:11,9/5/25 19:39,A,2025-07-13 19:14:00,2025-07-13 19:11:00,1622,1,1
2025259746,E171,7/13/25 22:18,25-3231,E-171,7/13/25 22:15,9/4/25 22:38,A,2025-07-13 22:18:00,2025-07-13 22:15:00,1623,1,1
2025259903,"BAT111, E171, E172, LDR175",7/14/25 3:33,25-3232,L-175,7/14/25 3:26,9/5/25 3:45,A,2025-07-14 03:33:00,2025-07-14 03:26:00,1624,4,2
2025259959,BAT111,7/14/25 5:48,25-3233,nan,7/14/25 5:46,9/5/25 5:59,A,2025-07-14 05:48:00,2025-07-14 05:46:00,1625,1,1
2025259965,"E171, LDR175",7/14/25 5:52,25-3234,E-171,7/14/25 5:52,9/5/25 6:10,A,2025-07-14 05:52:00,2025-07-14 05:52:00,1626,2,1
2025259970,E172,7/14/25 6:13,25-3236,E-172,7/14/25 6:08,9/5/25 6:22,A,2025-07-14 06:13:00,2025-07-14 06:08:00,1627,1,1
2025260045,LDR175,7/14/25 7:48,25-3237,L-175,7/14/25 7:45,9/5/25 7:54,A,2025-07-14 07:48:00,2025-07-14 07:45:00,1628,1,1
2025260066,"BAT111, E171",7/14/25 7:58,25-3238,E-171,7/14/25 7:56,9/5/25 8:05,B,2025-07-14 07:58:00,2025-07-14 07:56:00,1629,2,1
2025260060,"BAT111, E171, E172, LDR175",7/14/25 7:58,25-3239,E-172,7/14/25 7:53,9/5/25 8:07,B,2025-07-14 07:58:00,2025-07-14 07:53:00,1630,4,2
2025260078,"BAT111, E171",7/14/25 8:08,25-3240,BC-111,7/14/25 8:05,9/5/25 8:19,B,2025-07-14 08:08:00,2025-07-14 08:05:00,1631,2,1
2025260234,E172,7/14/25 10:08,25-3241,nan,7/14/25 10:04,9/5/25 10:06,B,2025-07-14 10:08:00,2025-07-14 10:04:00,1632,1,1
2025260717,"BAT111, E172",7/14/25 14:58,25-3242,E-172,7/14/25 14:50,9/5/25 15:09,B,2025-07-14 14:58:00,2025-07-14 14:50:00,1633,2,1
2025260756,LDR175,7/14/25 15:18,25-3243,L-175,7/14/25 15:13,9/5/25 15:13,B,2025-07-14 15:18:00,2025-07-14 15:13:00,1634,1,1
2025260990,LDR175,7/14/25 17:28,25-3244,L-175,7/14/25 17:23,9/5/25 17:50,B,2025-07-14 17:28:00,2025-07-14 17:23:00,1635,1,1
2025261235,"BAT111, E171, LDR175",7/14/25 20:43,25-3245,BC-111,7/14/25 20:35,9/4/25 21:07,B,2025-07-14 20:43:00,2025-07-14 20:35:00,1636,3,2
2025261473,E171,7/15/25 1:13,25-3246,E-171,7/15/25 1:08,9/5/25 1:45,B,2025-07-15 01:13:00,2025-07-15 01:08:00,1637,1,1
2025261555,LDR175,7/15/25 5:53,25-3248,L-175,7/15/25 5:52,9/5/25 6:16,B,2025-07-15 05:53:00,2025-07-15 05:52:00,1638,1,1
2025261663,E171,7/15/25 8:33,25-3249,E-171,7/15/25 8:26,9/5/25 8:36,B,2025-07-15 08:33:00,2025-07-15 08:26:00,1639,1,1
2025261726,"BAT111, E171, LDR175",7/15/25 9:08,25-3250,L-175,7/15/25 9:06,9/5/25 9:32,B,2025-07-15 09:08:00,2025-07-15 09:06:00,1640,3,2
2025261780,E172,7/15/25 9:48,25-3251,E-172,7/15/25 9:45,9/5/25 10:00,B,2025-07-15 09:48:00,2025-07-15 09:45:00,1641,1,1
2025261837,E172,7/15/25 10:23,25-3252,E-172,7/15/25 10:17,9/5/25 10:39,B,2025-07-15 10:23:00,2025-07-15 10:17:00,1642,1,1
2025261949,"BAT111, E171, E172, LDR175",7/15/25 11:23,25-3253,E-171,7/15/25 11:19,9/5/25 11:43,B,2025-07-15 11:23:00,2025-07-15 11:19:00,1643,4,2
2025261997,E172,7/15/25 11:43,25-3254,E-172,7/15/25 11:42,9/5/25 11:53,B,2025-07-15 11:43:00,2025-07-15 11:42:00,1644,1,1
2025262002,LDR175,7/15/25 11:48,25-3255,L-175,7/15/25 11:45,9/5/25 11:57,B,2025-07-15 11:48:00,2025-07-15 11:45:00,1645,1,1
2025262194,LDR175,7/15/25 13:28,25-3256,L-175,7/15/25 13:26,9/5/25 13:35,B,2025-07-15 13:28:00,2025-07-15 13:26:00,1646,1,1
2025262201,E171,7/15/25 13:33,25-3257,E-171,7/15/25 13:29,9/5/25 13:57,B,2025-07-15 13:33:00,2025-07-15 13:29:00,1647,1,1
2025262315,"E171, LDR175",7/15/25 14:28,25-3258,L-175,7/15/25 14:25,9/5/25 14:33,B,2025-07-15 14:28:00,2025-07-15 14:25:00,1648,2,1
2025262311,E172,7/15/25 14:28,25-3259,nan,7/15/25 14:23,9/5/25 14:24,B,2025-07-15 14:28:00,2025-07-15 14:23:00,1649,1,1
2025262480,E171,7/15/25 16:33,25-3260,E-171,7/15/25 16:31,9/5/25 16:54,B,2025-07-15 16:33:00,2025-07-15 16:31:00,1650,1,1
2025262531,BAT111,7/15/25 17:03,25-3261,nan,7/15/25 16:59,9/5/25 17:01,B,2025-07-15 17:03:00,2025-07-15 16:59:00,1651,1,1
2025262658,BAT111,7/15/25 18:38,25-3262,nan,7/15/25 18:34,9/5/25 18:40,B,2025-07-15 18:38:00,2025-07-15 18:34:00,1652,1,1
2025262708,E172,7/15/25 19:23,25-3264,E-172,7/15/25 19:17,9/5/25 19:27,B,2025-07-15 19:23:00,2025-07-15 19:17:00,1653,1,1
2025262837,BAT111,7/15/25 21:18,25-3265,nan,7/15/25 21:16,9/4/25 21:20,B,2025-07-15 21:18:00,2025-07-15 21:16:00,1654,1,1
2025262873,"E171, E172",7/15/25 21:43,25-3266,E-172,7/15/25 21:42,9/4/25 22:14,B,2025-07-15 21:43:00,2025-07-15 21:42:00,1655,2,1
2025263169,LDR175,7/16/25 6:08,25-3269,L-175,7/16/25 6:04,9/5/25 6:20,B,2025-07-16 06:08:00,2025-07-16 06:04:00,1656,1,1
2025263219,LDR175,7/16/25 7:33,25-3270,L-175,7/16/25 7:31,9/5/25 7:51,C,2025-07-16 07:33:00,2025-07-16 07:31:00,1657,1,1
2025263309,"BAT111, C102, E171, E172, LDR175",7/16/25 8:38,25-3271,L-175,7/16/25 8:31,9/5/25 9:05,C,2025-07-16 08:38:00,2025-07-16 08:31:00,1658,5,2
2025263356,E172,7/16/25 8:48,25-3272,nan,7/16/25 8:44,9/5/25 8:54,C,2025-07-16 08:48:00,2025-07-16 08:44:00,1659,1,1
2025263501,LDR175,7/16/25 10:18,25-3274,nan,7/16/25 10:12,9/5/25 10:25,C,2025-07-16 10:18:00,2025-07-16 10:12:00,1660,1,1
2025263909,"E171, E172",7/16/25 14:33,25-3275,E-171,7/16/25 14:26,9/5/25 14:47,C,2025-07-16 14:33:00,2025-07-16 14:26:00,1661,2,1
2025264040,"E171, LDR175, M105",7/16/25 15:43,25-3277,M-105,7/16/25 15:40,9/5/25 15:59,C,2025-07-16 15:43:00,2025-07-16 15:40:00,1662,3,2
2025264278,LDR175,7/16/25 18:13,25-3278,L-175,7/16/25 18:11,9/5/25 18:27,C,2025-07-16 18:13:00,2025-07-16 18:11:00,1663,1,1
2025264309,E171,7/16/25 18:39,25-3279,E-171,7/16/25 18:34,9/5/25 18:40,C,2025-07-16 18:39:00,2025-07-16 18:34:00,1664,1,1
2025264637,"E171, LDR175",7/17/25 0:23,25-3282,L-175,7/17/25 0:21,9/5/25 0:53,C,2025-07-17 00:23:00,2025-07-17 00:21:00,1665,2,1
2025264668,E172,7/17/25 1:28,25-3283,E-172,7/17/25 1:26,9/5/25 1:38,C,2025-07-17 01:28:00,2025-07-17 01:26:00,1666,1,1
2025264750,E171,7/17/25 5:03,25-3284,E-171,7/17/25 5:01,9/5/25 5:16,C,2025-07-17 05:03:00,2025-07-17 05:01:00,1667,1,1
2025264801,E172,7/17/25 7:08,25-3285,nan,7/17/25 7:02,9/5/25 7:11,C,2025-07-17 07:08:00,2025-07-17 07:02:00,1668,1,1
2025265024,LDR175,7/17/25 9:43,25-3286,L-175,7/17/25 9:39,9/5/25 9:47,C,2025-07-17 09:43:00,2025-07-17 09:39:00,1669,1,1
2025265068,E172,7/17/25 10:13,25-3287,E-172,7/17/25 10:08,9/5/25 10:34,C,2025-07-17 10:13:00,2025-07-17 10:08:00,1670,1,1
2025265232,"E171, LDR175",7/17/25 11:58,25-3288,L-175,7/17/25 11:56,9/5/25 12:53,C,2025-07-17 11:58:00,2025-07-17 11:56:00,1671,2,1
2025265270,E172,7/17/25 12:28,25-3289,E-172,7/17/25 12:23,9/5/25 12:39,C,2025-07-17 12:28:00,2025-07-17 12:23:00,1672,1,1
2025265315,E171,7/17/25 13:03,25-3290,E-171,7/17/25 12:57,9/5/25 13:08,C,2025-07-17 13:03:00,2025-07-17 12:57:00,1673,1,1
2025265474,LDR175,7/17/25 15:03,25-3292,L-175,7/17/25 15:01,9/5/25 15:22,C,2025-07-17 15:03:00,2025-07-17 15:01:00,1674,1,1
2025265559,"E172, LDR175",7/17/25 16:03,25-3294,E-172,7/17/25 15:57,9/5/25 16:12,C,2025-07-17 16:03:00,2025-07-17 15:57:00,1675,2,1
2025265857,E172,7/17/25 20:08,25-3298,E-172,7/17/25 20:04,9/4/25 20:16,C,2025-07-17 20:08:00,2025-07-17 20:04:00,1676,1,1
2025266017,E172,7/17/25 22:28,25-3299,E-172,7/17/25 22:24,9/4/25 22:39,C,2025-07-17 22:28:00,2025-07-17 22:24:00,1677,1,1
2025266048,"E171, LDR175",7/17/25 22:58,25-3300,L-175,7/17/25 22:53,9/4/25 23:09,C,2025-07-17 22:58:00,2025-07-17 22:53:00,1678,2,1
2025266094,E171,7/17/25 23:58,25-3301,E-171,7/17/25 23:55,9/5/25 0:11,C,2025-07-17 23:58:00,2025-07-17 23:55:00,1679,1,1
2025266196,LDR175,7/18/25 4:08,25-3303,L-175,7/18/25 4:01,9/5/25 4:16,C,2025-07-18 04:08:00,2025-07-18 04:01:00,1680,1,1
2025266231,E172,7/18/25 6:03,25-3304,E-172,7/18/25 6:00,9/5/25 6:18,C,2025-07-18 06:03:00,2025-07-18 06:00:00,1681,1,1
2025266239,LDR175,7/18/25 6:28,25-3305,nan,7/18/25 6:27,9/5/25 6:32,C,2025-07-18 06:28:00,2025-07-18 06:27:00,1682,1,1
2025266456,"BAT111, E171, LDR175",7/18/25 9:43,25-3307,L-175,7/18/25 9:38,9/5/25 9:52,A,2025-07-18 09:43:00,2025-07-18 09:38:00,1683,3,2
2025266747,LDR175,7/18/25 12:53,25-3309,L-175,7/18/25 12:46,9/5/25 13:04,A,2025-07-18 12:53:00,2025-07-18 12:46:00,1684,1,1
2025266918,LDR175,7/18/25 14:43,25-3311,L-175,7/18/25 14:41,9/5/25 14:56,A,2025-07-18 14:43:00,2025-07-18 14:41:00,1685,1,1
2025267083,E171,7/18/25 16:23,25-3312,E-171,7/18/25 16:19,9/5/25 16:30,A,2025-07-18 16:23:00,2025-07-18 16:19:00,1686,1,1
2025267081,LDR175,7/18/25 16:23,25-3313,L-175,7/18/25 16:18,9/5/25 16:40,A,2025-07-18 16:23:00,2025-07-18 16:18:00,1687,1,1
2025267149,"BAT111, E171, E172, LDR175",7/18/25 17:03,25-3314,BC-111,7/18/25 16:57,9/5/25 19:23,A,2025-07-18 17:03:00,2025-07-18 16:57:00,1688,4,2
2025267162,"E171, LDR175",7/18/25 17:08,25-3315,L-175,7/18/25 17:05,9/5/25 17:26,A,2025-07-18 17:08:00,2025-07-18 17:05:00,1689,2,1
2025267318,"E172, LDR175",7/18/25 18:58,25-3316,L-175,7/18/25 18:54,9/5/25 19:23,nan,2025-07-18 18:58:00,2025-07-18 18:54:00,1690,2,1
2025267369,E172,7/18/25 19:38,25-3318,nan,7/18/25 19:35,9/5/25 19:35,A,2025-07-18 19:38:00,2025-07-18 19:35:00,1691,1,1
2025267364,E172,7/18/25 19:38,25-3319,nan,7/18/25 19:33,9/5/25 19:35,A,2025-07-18 19:38:00,2025-07-18 19:33:00,1692,1,1
2025267382,E171,7/18/25 19:58,25-3320,E-171,7/18/25 19:49,9/4/25 20:02,A,2025-07-18 19:58:00,2025-07-18 19:49:00,1693,1,1
2025267434,"BAT111, E171, E172, LDR175",7/18/25 20:38,25-3321,L-175,7/18/25 20:32,9/4/25 20:49,A,2025-07-18 20:38:00,2025-07-18 20:32:00,1694,4,2
2025267532,E171,7/18/25 22:18,25-3323,E-171,7/18/25 22:17,9/4/25 22:26,A,2025-07-18 22:18:00,2025-07-18 22:17:00,1695,1,1
2025267591,"E171, E172",7/18/25 23:13,25-3324,nan,7/18/25 23:08,9/4/25 23:19,A,2025-07-18 23:13:00,2025-07-18 23:08:00,1696,2,1
2025267678,E171,7/19/25 1:48,25-3325,E-171,7/19/25 1:45,9/5/25 1:55,A,2025-07-19 01:48:00,2025-07-19 01:45:00,1697,1,1
2025267720,"BAT111, E171, E172, LDR175",7/19/25 2:58,25-3326,BC-111,7/19/25 2:54,9/5/25 3:19,A,2025-07-19 02:58:00,2025-07-19 02:54:00,1698,4,2
2025267761,"BAT111, E171, LDR175",7/19/25 5:03,25-3329,BC-111,7/19/25 4:59,9/5/25 8:13,nan,2025-07-19 05:03:00,2025-07-19 04:59:00,1699,3,2
2025268080,E171,7/19/25 12:13,25-3334,E-171,7/19/25 12:09,9/5/25 12:29,A,2025-07-19 12:13:00,2025-07-19 12:09:00,1700,1,1
2025268156,E172,7/19/25 13:33,25-3335,E-172,7/19/25 13:25,9/5/25 13:36,A,2025-07-19 13:33:00,2025-07-19 13:25:00,1701,1,1
2025268234,LDR175,7/19/25 14:08,25-3336,L-175,7/19/25 14:07,9/5/25 14:35,A,2025-07-19 14:08:00,2025-07-19 14:07:00,1702,1,1
2025268258,"E171, E172",7/19/25 14:23,25-3337,E-171,7/19/25 14:22,9/5/25 14:33,A,2025-07-19 14:23:00,2025-07-19 14:22:00,1703,2,1
2025268592,E172,7/19/25 19:23,25-3339,E-172,7/19/25 19:17,9/5/25 19:44,A,2025-07-19 19:23:00,2025-07-19 19:17:00,1704,1,1
2025268997,"BAT111, E171",7/20/25 2:08,25-3341,BC-111,7/20/25 2:05,9/5/25 2:30,A,2025-07-20 02:08:00,2025-07-20 02:05:00,1705,2,1
2025269046,LDR175,7/20/25 3:33,25-3342,L-175,7/20/25 3:30,9/5/25 3:50,A,2025-07-20 03:33:00,2025-07-20 03:30:00,1706,1,1
2025269111,"BAT111, E171, LDR175",7/20/25 6:38,25-3343,L-175,7/20/25 6:32,9/5/25 6:52,A,2025-07-20 06:38:00,2025-07-20 06:32:00,1707,3,2
2025269185,LDR175,7/20/25 9:23,25-3344,L-175,7/20/25 9:20,9/5/25 9:37,B,2025-07-20 09:23:00,2025-07-20 09:20:00,1708,1,1
2025269363,LDR175,7/20/25 12:13,25-3345,L-175,7/20/25 12:09,9/5/25 12:18,B,2025-07-20 12:13:00,2025-07-20 12:09:00,1709,1,1
2025269400,E171,7/20/25 12:23,25-3346,E-171,7/20/25 12:20,9/5/25 12:55,B,2025-07-20 12:23:00,2025-07-20 12:20:00,1710,1,1
2025269419,LDR175,7/20/25 12:38,25-3348,L-175,7/20/25 12:36,9/5/25 13:15,B,2025-07-20 12:38:00,2025-07-20 12:36:00,1711,1,1
2025269513,E171,7/20/25 14:03,25-3349,E-171,7/20/25 13:58,9/5/25 14:24,B,2025-07-20 14:03:00,2025-07-20 13:58:00,1712,1,1
2025269721,LDR175,7/20/25 17:18,25-3350,L-175,7/20/25 17:11,9/5/25 17:27,B,2025-07-20 17:18:00,2025-07-20 17:11:00,1713,1,1
2025269777,BAT111,7/20/25 17:48,25-3352,nan,7/20/25 17:47,9/5/25 17:49,B,2025-07-20 17:48:00,2025-07-20 17:47:00,1714,1,1
2025269821,"BAT111, E172",7/20/25 18:18,25-3353,nan,7/20/25 18:14,9/5/25 18:21,B,2025-07-20 18:18:00,2025-07-20 18:14:00,1715,2,1
2025269983,E172,7/20/25 20:33,25-3354,nan,7/20/25 20:32,9/4/25 20:43,B,2025-07-20 20:33:00,2025-07-20 20:32:00,1716,1,1
2025270713,"BAT111, E171, E172, LDR175",7/21/25 11:43,25-3358,L-175,7/21/25 11:40,9/5/25 11:57,B,2025-07-21 11:43:00,2025-07-21 11:40:00,1717,4,2
2025271397,LDR175,7/21/25 18:48,25-3360,L-175,7/21/25 18:41,9/5/25 19:06,B,2025-07-21 18:48:00,2025-07-21 18:41:00,1718,1,1
2025271443,"E171, E172",7/21/25 19:18,25-3362,E-172,7/21/25 19:17,9/5/25 19:45,B,2025-07-21 19:18:00,2025-07-21 19:17:00,1719,2,1
2025271475,LDR175,7/21/25 19:48,25-3363,L-175,7/21/25 19:44,9/5/25 19:53,B,2025-07-21 19:48:00,2025-07-21 19:44:00,1720,1,1
2025271644,E171,7/21/25 23:03,25-3365,E-171,7/21/25 22:59,9/4/25 23:11,B,2025-07-21 23:03:00,2025-07-21 22:59:00,1721,1,1
2025271715,LDR175,7/22/25 0:38,25-3366,L-175,7/22/25 0:37,9/5/25 0:54,B,2025-07-22 00:38:00,2025-07-22 00:37:00,1722,1,1
2025271713,"E171, E172",7/22/25 0:38,25-3367,E-171,7/22/25 0:36,9/5/25 0:45,B,2025-07-22 00:38:00,2025-07-22 00:36:00,1723,2,1
2025271729,E172,7/22/25 1:23,25-3368,E-172,7/22/25 1:20,9/5/25 1:52,B,2025-07-22 01:23:00,2025-07-22 01:20:00,1724,1,1
2025272086,"BAT111, E171, E172, LDR175",7/22/25 10:08,25-3370,nan,7/22/25 10:00,9/5/25 10:07,C,2025-07-22 10:08:00,2025-07-22 10:00:00,1725,4,2
2025272408,LDR175,7/22/25 13:18,25-3371,L-175,7/22/25 13:10,9/5/25 13:23,C,2025-07-22 13:18:00,2025-07-22 13:10:00,1726,1,1
2025272460,"BAT111, E171, LDR175",7/22/25 13:48,25-3372,E-171,7/22/25 13:42,9/5/25 13:53,C,2025-07-22 13:48:00,2025-07-22 13:42:00,1727,3,2
2025272608,"E171, LDR175",7/22/25 15:03,25-3373,L-175,7/22/25 15:00,9/5/25 15:16,C,2025-07-22 15:03:00,2025-07-22 15:00:00,1728,2,1
2025272865,LDR175,7/22/25 17:38,25-3375,L-175,7/22/25 17:32,9/5/25 17:48,C,2025-07-22 17:38:00,2025-07-22 17:32:00,1729,1,1
2025272933,"BAT111, E171, LDR175",7/22/25 18:33,25-3376,nan,7/22/25 18:25,9/5/25 19:15,C,2025-07-22 18:33:00,2025-07-22 18:25:00,1730,3,2
2025272931,E172,7/22/25 18:33,25-3377,E-172,7/22/25 18:24,9/5/25 18:44,C,2025-07-22 18:33:00,2025-07-22 18:24:00,1731,1,1
2025272983,BAT111,7/22/25 19:03,25-3378,nan,7/22/25 19:01,9/5/25 19:06,C,2025-07-22 19:03:00,2025-07-22 19:01:00,1732,1,1
2025273206,E171,7/22/25 22:38,25-3380,E-171,7/22/25 22:33,9/4/25 22:47,C,2025-07-22 22:38:00,2025-07-22 22:33:00,1733,1,1
2025273222,LDR175,7/22/25 23:03,25-3381,L-175,7/22/25 22:58,9/4/25 23:08,C,2025-07-22 23:03:00,2025-07-22 22:58:00,1734,1,1
2025273310,LDR175,7/23/25 1:43,25-3382,L-175,7/23/25 1:40,9/5/25 1:51,C,2025-07-23 01:43:00,2025-07-23 01:40:00,1735,1,1
2025273385,LDR175,7/23/25 5:23,25-3384,L-175,7/23/25 5:20,9/5/25 5:35,C,2025-07-23 05:23:00,2025-07-23 05:20:00,1736,1,1
2025273710,LDR175,7/23/25 11:08,25-3388,L-175,7/23/25 11:06,9/5/25 11:19,C,2025-07-23 11:08:00,2025-07-23 11:06:00,1737,1,1
2025273724,E171,7/23/25 11:18,25-3389,E-171,7/23/25 11:15,9/5/25 11:35,C,2025-07-23 11:18:00,2025-07-23 11:15:00,1738,1,1
2025273859,"E171, LDR175",7/23/25 12:53,25-3391,L-175,7/23/25 12:50,9/5/25 12:59,C,2025-07-23 12:53:00,2025-07-23 12:50:00,1739,2,1
2025273923,LDR175,7/23/25 13:33,25-3393,nan,7/23/25 13:32,9/5/25 13:40,C,2025-07-23 13:33:00,2025-07-23 13:32:00,1740,1,1
2025273908,"E171, E172",7/23/25 13:33,25-3394,E-171,7/23/25 13:24,9/5/25 13:37,C,2025-07-23 13:33:00,2025-07-23 13:24:00,1741,2,1
2025274302,"E171, LDR175",7/23/25 17:14,25-3400,L-175,7/23/25 17:07,9/5/25 17:25,C,2025-07-23 17:14:00,2025-07-23 17:07:00,1742,2,1
2025274542,E172,7/23/25 20:08,25-3402,E-172,7/23/25 20:02,9/4/25 20:12,C,2025-07-23 20:08:00,2025-07-23 20:02:00,1743,1,1
2025274700,LDR175,7/23/25 23:08,25-3404,nan,7/23/25 23:05,9/4/25 23:15,C,2025-07-23 23:08:00,2025-07-23 23:05:00,1744,1,1
2025274740,BAT111,7/23/25 23:40,25-3405,nan,7/23/25 23:38,9/4/25 23:45,C,2025-07-23 23:40:00,2025-07-23 23:38:00,1745,1,1
2025274851,"BAT111, E171, LDR175",7/24/25 3:38,25-3406,L-175,7/24/25 3:34,9/5/25 4:39,C,2025-07-24 03:38:00,2025-07-24 03:34:00,1746,3,2
2025274892,LDR175,7/24/25 5:33,25-3407,L-175,7/24/25 5:27,9/5/25 5:50,C,2025-07-24 05:33:00,2025-07-24 05:27:00,1747,1,1
2025275145,LDR175,7/24/25 10:28,25-3409,L-175,7/24/25 10:23,9/5/25 10:38,A,2025-07-24 10:28:00,2025-07-24 10:23:00,1748,1,1
2025275227,E172,7/24/25 11:18,25-3411,nan,7/24/25 11:17,9/5/25 11:21,A,2025-07-24 11:18:00,2025-07-24 11:17:00,1749,1,1
2025275261,"BAT111, E171, E172, LDR175",7/24/25 11:38,25-3412,E-172,nan,nan,nan,2025-07-24 11:38:00,,1750,4,2
2025275266,"BAT111, E172, LDR175",7/24/25 11:38,25-3413,L-175,7/24/25 11:34,9/5/25 11:48,A,2025-07-24 11:38:00,2025-07-24 11:34:00,1751,3,2
2025275562,"E171, LDR175",7/24/25 15:08,25-3414,E-171,7/24/25 15:09,9/5/25 15:52,A,2025-07-24 15:08:00,2025-07-24 15:09:00,1752,2,1
2025275797,BAT111,7/24/25 17:33,25-3416,nan,7/24/25 17:29,9/5/25 17:37,A,2025-07-24 17:33:00,2025-07-24 17:29:00,1753,1,1
2025275887,"BAT111, E171, E172",7/24/25 18:58,25-3417,BC-111,7/24/25 18:56,9/5/25 19:40,A,2025-07-24 18:58:00,2025-07-24 18:56:00,1754,3,2
2025275898,LDR175,7/24/25 19:13,25-3418,nan,7/24/25 19:10,9/5/25 19:11,A,2025-07-24 19:13:00,2025-07-24 19:10:00,1755,1,1
2025275941,E171,7/24/25 20:13,25-3419,E-171,7/24/25 20:10,9/4/25 20:22,A,2025-07-24 20:13:00,2025-07-24 20:10:00,1756,1,1
2025276051,E171,7/24/25 22:08,25-3422,E-171,7/24/25 22:06,9/4/25 22:43,A,2025-07-24 22:08:00,2025-07-24 22:06:00,1757,1,1
2025276098,LDR175,7/24/25 23:08,25-3423,L-175,7/24/25 23:03,9/4/25 23:18,A,2025-07-24 23:08:00,2025-07-24 23:03:00,1758,1,1
2025276192,E172,7/25/25 2:48,25-3424,E-172,7/25/25 2:45,9/5/25 3:02,A,2025-07-25 02:48:00,2025-07-25 02:45:00,1759,1,1
2025276211,LDR175,7/25/25 3:13,25-3425,L-175,7/25/25 3:11,9/5/25 3:33,A,2025-07-25 03:13:00,2025-07-25 03:11:00,1760,1,1
2025276221,LDR175,7/25/25 3:43,25-3426,L-175,7/25/25 3:39,9/5/25 4:08,A,2025-07-25 03:43:00,2025-07-25 03:39:00,1761,1,1
2025276247,LDR175,7/25/25 6:13,25-3427,L-175,7/25/25 6:10,9/5/25 6:18,A,2025-07-25 06:13:00,2025-07-25 06:10:00,1762,1,1
2025276263,E172,7/25/25 6:38,25-3428,E-172,7/25/25 6:31,9/5/25 6:56,A,2025-07-25 06:38:00,2025-07-25 06:31:00,1763,1,1
2025276285,"E171, E172",7/25/25 7:08,25-3429,E-171,7/25/25 7:02,9/5/25 7:39,A,2025-07-25 07:08:00,2025-07-25 07:02:00,1764,2,1
2025276333,E172,7/25/25 8:04,25-3431,nan,7/25/25 7:59,9/5/25 8:02,A,2025-07-25 08:04:00,2025-07-25 07:59:00,1765,1,1
2025276576,LDR175,7/25/25 10:48,25-3433,L-175,7/25/25 10:45,9/5/25 10:53,A,2025-07-25 10:48:00,2025-07-25 10:45:00,1766,1,1
2025276632,LDR175,7/25/25 11:03,25-3434,L-175,7/25/25 11:02,9/5/25 11:28,A,2025-07-25 11:03:00,2025-07-25 11:02:00,1767,1,1
2025276613,"E171, LDR175",7/25/25 11:08,25-3435,L-175,7/25/25 11:06,9/5/25 11:14,A,2025-07-25 11:08:00,2025-07-25 11:06:00,1768,2,1
2025276658,"BAT111, E171, E172, LDR175",7/25/25 11:33,25-3436,BC-111,7/25/25 11:30,9/5/25 12:04,A,2025-07-25 11:33:00,2025-07-25 11:30:00,1769,4,2
2025276740,"BAT111, C102, LDR175",7/25/25 12:23,25-3438,L-175,7/25/25 12:21,9/5/25 12:33,A,2025-07-25 12:23:00,2025-07-25 12:21:00,1770,3,2
2025276753,LDR175,7/25/25 12:38,25-3439,L-175,7/25/25 12:34,9/5/25 12:47,A,2025-07-25 12:38:00,2025-07-25 12:34:00,1771,1,1
2025276817,LDR175,7/25/25 13:28,25-3440,L-175,7/25/25 13:25,9/5/25 13:37,A,2025-07-25 13:28:00,2025-07-25 13:25:00,1772,1,1
2025276907,LDR175,7/25/25 14:18,25-3441,L-175,7/25/25 14:17,9/5/25 14:25,A,2025-07-25 14:18:00,2025-07-25 14:17:00,1773,1,1
2025276946,E172,7/25/25 14:43,25-3442,E-172,7/25/25 14:37,9/5/25 15:18,A,2025-07-25 14:43:00,2025-07-25 14:37:00,1774,1,1
2025276959,"BAT111, E171, LDR175",7/25/25 14:48,25-3443,L-175,nan,nan,nan,2025-07-25 14:48:00,,1775,3,2
2025277070,"E171, E172",7/25/25 15:53,25-3444,E-171,7/25/25 15:49,9/5/25 15:55,A,2025-07-25 15:53:00,2025-07-25 15:49:00,1776,2,1
2025277098,LDR175,7/25/25 16:18,25-3445,L-175,7/25/25 16:11,9/5/25 16:25,A,2025-07-25 16:18:00,2025-07-25 16:11:00,1777,1,1
2025277211,E171,7/25/25 17:43,25-3448,E-171,7/25/25 17:39,9/5/25 17:48,A,2025-07-25 17:43:00,2025-07-25 17:39:00,1778,1,1
2025277338,E172,7/25/25 19:33,25-3450,E-172,7/25/25 19:26,9/5/25 19:41,A,2025-07-25 19:33:00,2025-07-25 19:26:00,1779,1,1
2025277768,E172,7/26/25 3:53,25-3452,E-172,7/26/25 3:52,9/5/25 4:17,A,2025-07-26 03:53:00,2025-07-26 03:52:00,1780,1,1
2025277778,BAT111,7/26/25 4:13,25-3453,nan,7/26/25 4:09,9/5/25 4:14,nan,2025-07-26 04:13:00,2025-07-26 04:09:00,1781,1,1
2025277798,LDR175,7/26/25 5:12,25-3454,L-175,7/26/25 5:08,9/5/25 5:21,A,2025-07-26 05:12:00,2025-07-26 05:08:00,1782,1,1
2025277978,E172,7/26/25 10:23,25-3455,E-172,7/26/25 10:18,9/5/25 11:06,B,2025-07-26 10:23:00,2025-07-26 10:18:00,1783,1,1
2025278019,"E171, LDR175",7/26/25 10:53,25-3456,L-175,7/26/25 10:51,9/5/25 11:09,B,2025-07-26 10:53:00,2025-07-26 10:51:00,1784,2,1
2025278051,"E172, LDR175",7/26/25 11:33,25-3457,E-172,7/26/25 11:29,9/5/25 12:10,B,2025-07-26 11:33:00,2025-07-26 11:29:00,1785,2,1
2025278061,LDR175,7/26/25 11:38,25-3458,L-175,7/26/25 11:35,9/5/25 12:14,B,2025-07-26 11:38:00,2025-07-26 11:35:00,1786,1,1
2025278152,LDR175,7/26/25 12:48,25-3459,nan,7/26/25 12:43,9/5/25 12:49,B,2025-07-26 12:48:00,2025-07-26 12:43:00,1787,1,1
2025278205,"E171, LDR175",7/26/25 13:33,25-3460,L-175,7/26/25 13:28,9/5/25 14:15,B,2025-07-26 13:33:00,2025-07-26 13:28:00,1788,2,1
2025278330,E172,7/26/25 15:17,25-3461,E-172,7/26/25 15:14,9/5/25 15:25,B,2025-07-26 15:17:00,2025-07-26 15:14:00,1789,1,1
2025278420,LDR175,7/26/25 16:23,25-3462,nan,7/26/25 16:17,9/5/25 16:25,B,2025-07-26 16:23:00,2025-07-26 16:17:00,1790,1,1
2025278600,LDR175,7/26/25 18:57,25-3464,L-175,7/26/25 18:54,9/5/25 18:54,B,2025-07-26 18:57:00,2025-07-26 18:54:00,1791,1,1
2025278645,BAT111,7/26/25 19:28,25-3467,BC-111,nan,nan,nan,2025-07-26 19:28:00,,1792,1,1
2025278694,E171,7/26/25 20:04,25-3468,E-171,7/26/25 19:58,9/4/25 20:27,B,2025-07-26 20:04:00,2025-07-26 19:58:00,1793,1,1
2025278797,LDR175,7/26/25 21:43,25-3470,L-175,7/26/25 21:38,9/4/25 21:51,B,2025-07-26 21:43:00,2025-07-26 21:38:00,1794,1,1
2025279090,"E171, LDR175",7/27/25 5:08,25-3471,L-175,7/27/25 5:03,9/5/25 5:18,B,2025-07-27 05:08:00,2025-07-27 05:03:00,1795,2,1
2025279345,LDR175,7/27/25 12:18,25-3473,L-175,7/27/25 12:13,9/5/25 12:30,B,2025-07-27 12:18:00,2025-07-27 12:13:00,1796,1,1
2025279548,"BAT111, E172",7/27/25 15:28,25-3474,E-172,7/27/25 15:20,9/5/25 16:00,B,2025-07-27 15:28:00,2025-07-27 15:20:00,1797,2,1
2025279614,LDR175,7/27/25 16:38,25-3475,L-175,7/27/25 16:36,9/5/25 17:19,B,2025-07-27 16:38:00,2025-07-27 16:36:00,1798,1,1
2025279712,LDR175,7/27/25 18:23,25-3476,L-175,7/27/25 18:21,9/5/25 19:00,B,2025-07-27 18:23:00,2025-07-27 18:21:00,1799,1,1
2025279983,E172,7/27/25 23:19,25-3479,nan,7/27/25 23:16,9/4/25 23:17,B,2025-07-27 23:19:00,2025-07-27 23:16:00,1800,1,1
2025280071,"E171, E172",7/28/25 2:23,25-3480,nan,7/28/25 2:22,9/5/25 2:24,B,2025-07-28 02:23:00,2025-07-28 02:22:00,1801,2,1
2025280095,E172,7/28/25 3:28,25-3482,E-172,7/28/25 3:21,9/5/25 3:44,B,2025-07-28 03:28:00,2025-07-28 03:21:00,1802,1,1
2025280157,LDR175,7/28/25 6:43,25-3483,L-175,7/28/25 6:42,9/5/25 6:48,B,2025-07-28 06:43:00,2025-07-28 06:42:00,1803,1,1
2025280165,LDR175,7/28/25 6:58,25-3484,L-175,7/28/25 6:53,9/5/25 7:12,B,2025-07-28 06:58:00,2025-07-28 06:53:00,1804,1,1
2025280171,E171,7/28/25 7:03,25-3485,E-171,nan,nan,nan,2025-07-28 07:03:00,,1805,1,1
2025280324,LDR175,7/28/25 9:18,25-3486,L-175,7/28/25 9:11,9/5/25 9:24,C,2025-07-28 09:18:00,2025-07-28 09:11:00,1806,1,1
2025280578,E172,7/28/25 11:38,25-3488,nan,7/28/25 11:37,9/5/25 11:44,C,2025-07-28 11:38:00,2025-07-28 11:37:00,1807,1,1
2025280691,"E171, E172",7/28/25 13:08,25-3489,E-171,7/28/25 13:04,9/5/25 13:11,C,2025-07-28 13:08:00,2025-07-28 13:04:00,1808,2,1
2025280820,E172,7/28/25 14:33,25-3490,E-172,7/28/25 14:26,9/5/25 15:19,C,2025-07-28 14:33:00,2025-07-28 14:26:00,1809,1,1
2025280846,E171,7/28/25 14:40,25-3491,E-171,7/28/25 14:37,9/5/25 14:58,C,2025-07-28 14:40:00,2025-07-28 14:37:00,1810,1,1
2025280996,"E171, LDR175",7/28/25 16:17,25-3494,nan,7/28/25 16:14,9/5/25 16:26,C,2025-07-28 16:17:00,2025-07-28 16:14:00,1811,2,1
2025281001,E172,7/28/25 16:18,25-3495,nan,7/28/25 16:17,9/5/25 16:18,C,2025-07-28 16:18:00,2025-07-28 16:17:00,1812,1,1
2025281003,E172,7/28/25 16:23,25-3496,E-172,7/28/25 16:17,9/5/25 16:42,C,2025-07-28 16:23:00,2025-07-28 16:17:00,1813,1,1
2025281087,"BAT111, E172",7/28/25 17:33,25-3497,nan,7/28/25 17:28,9/5/25 17:33,C,2025-07-28 17:33:00,2025-07-28 17:28:00,1814,2,1
2025281195,E172,7/28/25 19:08,25-3503,E-172,7/28/25 19:02,9/5/25 19:24,C,2025-07-28 19:08:00,2025-07-28 19:02:00,1815,1,1
2025281224,"E171, LDR175",7/28/25 19:43,25-3505,L-175,7/28/25 19:36,9/5/25 19:49,C,2025-07-28 19:43:00,2025-07-28 19:36:00,1816,2,1
2025281369,BAT111,7/28/25 23:23,25-3507,nan,7/28/25 23:19,9/4/25 23:30,C,2025-07-28 23:23:00,2025-07-28 23:19:00,1817,1,1
2025281376,"E171, LDR175",7/28/25 23:43,25-3508,L-175,7/28/25 23:33,9/4/25 23:46,C,2025-07-28 23:43:00,2025-07-28 23:33:00,1818,2,1
2025281393,"E171, LDR175",7/29/25 0:13,25-3509,L-175,7/29/25 0:10,9/5/25 0:55,C,2025-07-29 00:13:00,2025-07-29 00:10:00,1819,2,1
2025281525,"BAT111, LDR175",7/29/25 7:13,25-3511,nan,7/29/25 7:09,9/5/25 7:14,C,2025-07-29 07:13:00,2025-07-29 07:09:00,1820,2,1
2025281542,"BAT111, E171, LDR175",7/29/25 7:43,25-3512,E-171,7/29/25 7:39,9/5/25 7:57,C,2025-07-29 07:43:00,2025-07-29 07:39:00,1821,3,2
2025281616,E172,7/29/25 8:38,25-3513,nan,7/29/25 8:36,9/5/25 8:40,C,2025-07-29 08:38:00,2025-07-29 08:36:00,1822,1,1
2025281608,LDR175,7/29/25 8:38,25-3514,L-175,7/29/25 8:32,9/5/25 8:49,C,2025-07-29 08:38:00,2025-07-29 08:32:00,1823,1,1
2025282006,"E171, LDR175",7/29/25 12:53,25-3517,L-175,7/29/25 12:51,9/5/25 13:24,C,2025-07-29 12:53:00,2025-07-29 12:51:00,1824,2,1
2025282188,LDR175,7/29/25 14:38,25-3519,L-175,7/29/25 14:34,9/5/25 14:55,C,2025-07-29 14:38:00,2025-07-29 14:34:00,1825,1,1
2025282250,LDR175,7/29/25 15:24,25-3520,nan,7/29/25 15:22,9/5/25 15:34,C,2025-07-29 15:24:00,2025-07-29 15:22:00,1826,1,1
2025282379,LDR175,7/29/25 16:43,25-3521,L-175,7/29/25 16:34,9/5/25 17:05,C,2025-07-29 16:43:00,2025-07-29 16:34:00,1827,1,1
2025282373,E172,7/29/25 16:48,25-3522,E-172,7/29/25 16:31,9/5/25 16:44,C,2025-07-29 16:48:00,2025-07-29 16:31:00,1828,1,1
2025282427,LDR175,7/29/25 17:13,25-3523,L-175,7/29/25 17:06,9/5/25 17:24,C,2025-07-29 17:13:00,2025-07-29 17:06:00,1829,1,1
2025282494,LDR175,7/29/25 17:53,25-3524,L-175,7/29/25 17:48,9/5/25 18:06,C,2025-07-29 17:53:00,2025-07-29 17:48:00,1830,1,1
2025282954,E171,7/30/25 5:12,25-3525,E-171,7/30/25 3:49,9/5/25 4:03,C,2025-07-30 05:12:00,2025-07-30 03:49:00,1831,1,1
2025283062,BAT111,7/30/25 7:53,25-3526,nan,7/30/25 7:52,9/5/25 7:52,C,2025-07-30 07:53:00,2025-07-30 07:52:00,1832,1,1
2025283674,BAT111,7/30/25 14:33,25-3528,nan,7/30/25 14:29,9/5/25 14:36,A,2025-07-30 14:33:00,2025-07-30 14:29:00,1833,1,1
2025283700,"BAT111, E171, LDR175",7/30/25 14:48,25-3529,E-171,7/30/25 14:45,9/5/25 15:02,A,2025-07-30 14:48:00,2025-07-30 14:45:00,1834,3,2
2025283936,E171,7/30/25 18:03,25-3530,E-171,7/30/25 17:59,9/5/25 18:29,A,2025-07-30 18:03:00,2025-07-30 17:59:00,1835,1,1
2025284048,"BAT111, E172",7/30/25 19:32,25-3531,nan,7/30/25 19:31,9/5/25 19:43,A,2025-07-30 19:32:00,2025-07-30 19:31:00,1836,2,1
2025284374,LDR175,7/31/25 1:17,25-3532,L-175,7/31/25 1:14,9/5/25 1:34,A,2025-07-31 01:17:00,2025-07-31 01:14:00,1837,1,1
2025284389,E171,7/31/25 1:27,25-3533,nan,7/31/25 1:28,9/5/25 1:38,A,2025-07-31 01:27:00,2025-07-31 01:28:00,1838,1,1
2025284563,E171,7/31/25 7:22,25-3534,nan,7/31/25 7:20,9/5/25 7:22,A,2025-07-31 07:22:00,2025-07-31 07:20:00,1839,1,1
2025284620,LDR175,7/31/25 8:12,25-3535,L-175,7/31/25 8:10,9/5/25 8:27,A,2025-07-31 08:12:00,2025-07-31 08:10:00,1840,1,1
2025284822,E172,7/31/25 10:27,25-3537,E-172,7/31/25 10:24,9/5/25 10:49,A,2025-07-31 10:27:00,2025-07-31 10:24:00,1841,1,1
2025285210,E171,7/31/25 14:17,25-3539,nan,7/31/25 14:13,9/5/25 14:20,A,2025-07-31 14:17:00,2025-07-31 14:13:00,1842,1,1
2025285252,LDR175,7/31/25 14:42,25-3540,L-175,7/31/25 14:38,9/5/25 15:01,A,2025-07-31 14:42:00,2025-07-31 14:38:00,1843,1,1
2025285268,E172,7/31/25 14:53,25-3541,nan,7/31/25 14:48,9/5/25 14:52,A,2025-07-31 14:53:00,2025-07-31 14:48:00,1844,1,1
2025285327,LDR175,7/31/25 15:27,25-3542,L-175,7/31/25 15:23,9/5/25 15:42,A,2025-07-31 15:27:00,2025-07-31 15:23:00,1845,1,1
2025285382,LDR175,7/31/25 15:47,25-3543,L-175,7/31/25 15:47,9/5/25 16:06,A,2025-07-31 15:47:00,2025-07-31 15:47:00,1846,1,1
2025285483,"BAT111, LDR175",7/31/25 16:52,25-3544,L-175,7/31/25 16:51,9/5/25 17:06,A,2025-07-31 16:52:00,2025-07-31 16:51:00,1847,2,1
2025285651,LDR175,7/31/25 19:17,25-3546,L-175,7/31/25 19:10,9/5/25 19:28,A,2025-07-31 19:17:00,2025-07-31 19:10:00,1848,1,1
2025285680,E171,7/31/25 19:43,25-3547,E-171,nan,nan,nan,2025-07-31 19:43:00,,1849,1,1
2025286054,"E171, LDR175",8/1/25 6:57,25-3550,L-175,8/1/25 6:51,9/5/25 7:11,A,2025-08-01 06:57:00,2025-08-01 06:51:00,1850,2,1
2025286271,"BAT111, E171",8/1/25 10:07,25-3551,E-171,nan,nan,nan,2025-08-01 10:07:00,,1851,2,1
2025286716,LDR175,8/1/25 14:58,25-3553,L-175,8/1/25 14:55,9/5/25 15:04,B,2025-08-01 14:58:00,2025-08-01 14:55:00,1852,1,1
2025286970,BAT111,8/1/25 17:42,25-3554,BC-111,nan,nan,nan,2025-08-01 17:42:00,,1853,1,1
2025287141,LDR175,8/1/25 19:33,25-3556,L-175,8/1/25 19:29,9/5/25 19:48,nan,2025-08-01 19:33:00,2025-08-01 19:29:00,1854,1,1
2025287226,E171,8/1/25 20:38,25-3558,E-171,nan,nan,nan,2025-08-01 20:38:00,,1855,1,1
2025287289,LDR175,8/1/25 21:07,25-3560,L-175,8/1/25 21:05,9/4/25 21:07,B,2025-08-01 21:07:00,2025-08-01 21:05:00,1856,1,1
2025287281,E171,8/1/25 21:08,25-3561,E-171,nan,nan,nan,2025-08-01 21:08:00,,1857,1,1
2025287304,E172,8/1/25 21:23,25-3562,E-172,8/1/25 21:13,9/4/25 21:26,B,2025-08-01 21:23:00,2025-08-01 21:13:00,1858,1,1
2025287370,E172,8/1/25 22:17,25-3563,E-172,8/1/25 22:12,9/4/25 22:28,B,2025-08-01 22:17:00,2025-08-01 22:12:00,1859,1,1
2025287645,E172,8/2/25 4:37,25-3565,E-172,8/2/25 4:32,9/5/25 4:53,B,2025-08-02 04:37:00,2025-08-02 04:32:00,1860,1,1
2025287675,E172,8/2/25 6:47,25-3566,E-172,8/2/25 6:42,9/5/25 6:56,B,2025-08-02 06:47:00,2025-08-02 06:42:00,1861,1,1
2025287709,E172,8/2/25 8:02,25-3567,E-172,8/2/25 8:00,9/5/25 8:18,B,2025-08-02 08:02:00,2025-08-02 08:00:00,1862,1,1
2025287802,E171,8/2/25 10:23,25-3569,nan,8/2/25 10:20,9/5/25 10:29,B,2025-08-02 10:23:00,2025-08-02 10:20:00,1863,1,1
2025287795,E172,8/2/25 10:28,25-3570,E-172,8/2/25 10:16,9/5/25 10:33,B,2025-08-02 10:28:00,2025-08-02 10:16:00,1864,1,1
2025287983,"E171, LDR175",8/2/25 13:37,25-3571,L-175,8/2/25 13:36,9/5/25 14:18,B,2025-08-02 13:37:00,2025-08-02 13:36:00,1865,2,1
2025288056,"E171, E172",8/2/25 14:57,25-3572,E-172,8/2/25 14:52,9/5/25 15:23,B,2025-08-02 14:57:00,2025-08-02 14:52:00,1866,2,1
2025288342,LDR175,8/2/25 19:17,25-3575,L-175,8/2/25 19:13,9/5/25 19:22,B,2025-08-02 19:17:00,2025-08-02 19:13:00,1867,1,1
2025288355,E171,8/2/25 19:23,25-3576,E-171,8/2/25 19:22,9/5/25 19:46,B,2025-08-02 19:23:00,2025-08-02 19:22:00,1868,1,1
2025288467,E172,8/2/25 21:03,25-3577,nan,8/2/25 20:58,9/4/25 20:59,B,2025-08-02 21:03:00,2025-08-02 20:58:00,1869,1,1
2025288530,LDR175,8/2/25 22:08,25-3578,nan,8/2/25 22:05,9/4/25 22:07,B,2025-08-02 22:08:00,2025-08-02 22:05:00,1870,1,1
2025288733,"BAT111, E171, LDR175",8/3/25 1:47,25-3580,L-175,8/3/25 1:42,9/5/25 4:30,B,2025-08-03 01:47:00,2025-08-03 01:42:00,1871,3,2
2025288838,"E171, LDR175",8/3/25 6:12,25-3583,L-175,8/3/25 6:09,9/5/25 6:24,B,2025-08-03 06:12:00,2025-08-03 06:09:00,1872,2,1
2025288843,E172,8/3/25 6:32,25-3584,E-172,8/3/25 6:26,9/5/25 6:53,B,2025-08-03 06:32:00,2025-08-03 06:26:00,1873,1,1
2025288872,E172,8/3/25 8:03,25-3585,nan,8/3/25 7:58,9/5/25 7:59,C,2025-08-03 08:03:00,2025-08-03 07:58:00,1874,1,1
2025288893,"BAT111, E172, LDR175",8/3/25 8:33,25-3586,nan,8/3/25 8:30,9/5/25 8:37,C,2025-08-03 08:33:00,2025-08-03 08:30:00,1875,3,2
2025288903,E172,8/3/25 9:02,25-3587,nan,8/3/25 8:58,9/5/25 9:03,C,2025-08-03 09:02:00,2025-08-03 08:58:00,1876,1,1
2025288908,"E171, LDR175",8/3/25 9:07,25-3588,L-175,8/3/25 9:03,9/5/25 9:18,C,2025-08-03 09:07:00,2025-08-03 09:03:00,1877,2,1
2025288952,"BAT111, E171, LDR175",8/3/25 9:57,25-3589,L-175,8/3/25 9:49,9/5/25 10:02,C,2025-08-03 09:57:00,2025-08-03 09:49:00,1878,3,2
2025289095,LDR175,8/3/25 12:17,25-3591,L-175,8/3/25 12:13,9/5/25 12:35,C,2025-08-03 12:17:00,2025-08-03 12:13:00,1879,1,1
2025289144,"E171, LDR175",8/3/25 13:22,25-3592,L-175,8/3/25 13:16,9/5/25 13:34,C,2025-08-03 13:22:00,2025-08-03 13:16:00,1880,2,1
2025289164,LDR175,8/3/25 13:42,25-3593,L-175,8/3/25 13:40,9/5/25 13:55,C,2025-08-03 13:42:00,2025-08-03 13:40:00,1881,1,1
2025289343,LDR175,8/3/25 16:47,25-3594,L-175,8/3/25 16:46,9/5/25 16:58,C,2025-08-03 16:47:00,2025-08-03 16:46:00,1882,1,1
2025289367,"E171, LDR175",8/3/25 17:23,25-3595,L-175,8/3/25 17:21,9/5/25 17:45,C,2025-08-03 17:23:00,2025-08-03 17:21:00,1883,2,1
2025289481,"BAT111, E171, LDR175",8/3/25 19:27,25-3597,L-175,8/3/25 19:27,9/5/25 19:40,C,2025-08-03 19:27:00,2025-08-03 19:27:00,1884,3,2
2025289519,LDR175,8/3/25 20:02,25-3598,L-175,8/3/25 20:02,9/4/25 20:11,C,2025-08-03 20:02:00,2025-08-03 20:02:00,1885,1,1
2025289818,E171,8/4/25 5:17,25-3600,E-171,8/4/25 5:13,9/5/25 5:39,C,2025-08-04 05:17:00,2025-08-04 05:13:00,1886,1,1
2025290221,E171,8/4/25 11:57,25-3601,E-171,8/4/25 11:53,9/5/25 12:33,C,2025-08-04 11:57:00,2025-08-04 11:53:00,1887,1,1
2025290267,"E171, E172, LDR175",8/4/25 12:32,25-3602,L-175,8/4/25 12:30,9/5/25 12:46,C,2025-08-04 12:32:00,2025-08-04 12:30:00,1888,3,2
2025290322,"E171, E172",8/4/25 13:08,25-3603,E-171,8/4/25 13:04,9/5/25 13:36,C,2025-08-04 13:08:00,2025-08-04 13:04:00,1889,2,1
2025290428,"E171, LDR175",8/4/25 14:17,25-3604,E-171,8/4/25 14:12,9/5/25 14:34,C,2025-08-04 14:17:00,2025-08-04 14:12:00,1890,2,1
2025290901,LDR175,8/4/25 19:52,25-3606,L-175,8/4/25 19:48,9/4/25 20:04,C,2025-08-04 19:52:00,2025-08-04 19:48:00,1891,1,1
2025290963,"BAT111, LDR175",8/4/25 21:12,25-3607,L-175,8/4/25 21:08,9/4/25 21:39,C,2025-08-04 21:12:00,2025-08-04 21:08:00,1892,2,1
2025290992,"E171, E172",8/4/25 21:28,25-3608,nan,8/4/25 21:23,9/4/25 21:36,C,2025-08-04 21:28:00,2025-08-04 21:23:00,1893,2,1
2025291136,"BAT111, E172, LDR175",8/5/25 0:27,25-3610,nan,8/5/25 0:27,9/5/25 0:37,C,2025-08-05 00:27:00,2025-08-05 00:27:00,1894,3,2
2025291166,LDR175,8/5/25 1:17,25-3611,L-175,8/5/25 1:12,9/5/25 1:27,C,2025-08-05 01:17:00,2025-08-05 01:12:00,1895,1,1
2025291386,BAT111,8/5/25 9:17,25-3612,nan,8/5/25 9:16,9/5/25 9:19,A,2025-08-05 09:17:00,2025-08-05 09:16:00,1896,1,1
2025291472,BAT111,8/5/25 10:03,25-3614,nan,8/5/25 10:01,9/5/25 10:03,A,2025-08-05 10:03:00,2025-08-05 10:01:00,1897,1,1
2025291488,LDR175,8/5/25 10:18,25-3615,L-175,8/5/25 10:14,9/5/25 10:30,A,2025-08-05 10:18:00,2025-08-05 10:14:00,1898,1,1
2025291571,LDR175,8/5/25 11:07,25-3617,L-175,8/5/25 11:04,9/5/25 11:34,A,2025-08-05 11:07:00,2025-08-05 11:04:00,1899,1,1
2025291605,E172,8/5/25 11:38,25-3618,E-172,8/5/25 11:34,9/5/25 11:35,A,2025-08-05 11:38:00,2025-08-05 11:34:00,1900,1,1
2025291651,E171,8/5/25 12:17,25-3619,E-171,8/5/25 12:17,9/5/25 12:38,A,2025-08-05 12:17:00,2025-08-05 12:17:00,1901,1,1
2025291922,E171,8/5/25 15:17,25-3621,E-171,8/5/25 15:14,9/5/25 15:28,A,2025-08-05 15:17:00,2025-08-05 15:14:00,1902,1,1
2025291931,"BAT111, E171, E172",8/5/25 15:27,25-3622,BC-111,8/5/25 15:20,9/5/25 16:25,A,2025-08-05 15:27:00,2025-08-05 15:20:00,1903,3,2
2025292130,E171,8/5/25 18:03,25-3623,E-171,8/5/25 17:53,9/5/25 18:09,A,2025-08-05 18:03:00,2025-08-05 17:53:00,1904,1,1
2025292184,E172,8/5/25 18:47,25-3625,E-172,8/5/25 18:42,9/5/25 18:48,A,2025-08-05 18:47:00,2025-08-05 18:42:00,1905,1,1
2025292195,"BAT111, LDR175",8/5/25 19:02,25-3626,L-175,8/5/25 19:01,9/5/25 19:13,A,2025-08-05 19:02:00,2025-08-05 19:01:00,1906,2,1
2025292356,LDR175,8/5/25 23:22,25-3629,L-175,8/5/25 23:21,9/4/25 23:43,A,2025-08-05 23:22:00,2025-08-05 23:21:00,1907,1,1
2025292359,E171,8/5/25 23:32,25-3630,E-171,8/5/25 23:28,9/4/25 23:43,A,2025-08-05 23:32:00,2025-08-05 23:28:00,1908,1,1
2025292388,LDR175,8/6/25 0:42,25-3631,L-175,8/6/25 0:40,9/5/25 0:46,A,2025-08-06 00:42:00,2025-08-06 00:40:00,1909,1,1
2025292578,E172,8/6/25 8:02,25-3633,E-172,8/6/25 8:00,9/5/25 8:12,A,2025-08-06 08:02:00,2025-08-06 08:00:00,1910,1,1
2025292703,E172,8/6/25 9:37,25-3635,E-172,8/6/25 9:34,9/5/25 9:45,A,2025-08-06 09:37:00,2025-08-06 09:34:00,1911,1,1
2025293172,"BAT111, E171, E172, LDR175",8/6/25 14:47,25-3638,L-175,8/6/25 14:43,9/5/25 14:59,A,2025-08-06 14:47:00,2025-08-06 14:43:00,1912,4,2
2025293308,E172,8/6/25 16:12,25-3639,E-172,8/6/25 16:07,9/5/25 16:22,A,2025-08-06 16:12:00,2025-08-06 16:07:00,1913,1,1
2025293477,E172,8/6/25 18:42,25-3642,E-172,8/6/25 18:38,9/5/25 18:43,A,2025-08-06 18:42:00,2025-08-06 18:38:00,1914,1,1
2025293514,"E171, E172",8/6/25 19:07,25-3643,E-172,8/6/25 19:02,9/5/25 19:13,A,2025-08-06 19:07:00,2025-08-06 19:02:00,1915,2,1
2025293635,"E171, E172, LDR175",8/6/25 21:17,25-3646,E-171,8/6/25 21:12,9/4/25 21:34,A,2025-08-06 21:17:00,2025-08-06 21:12:00,1916,3,2
2025293661,"E171, LDR175",8/6/25 21:47,25-3647,E-171,8/6/25 21:44,9/4/25 22:01,A,2025-08-06 21:47:00,2025-08-06 21:44:00,1917,2,1
2025293690,E172,8/6/25 22:23,25-3648,E-172,8/6/25 22:22,9/4/25 22:35,A,2025-08-06 22:23:00,2025-08-06 22:22:00,1918,1,1
2025294037,"E172, LDR175",8/7/25 9:42,25-3650,E-172,8/7/25 9:42,9/5/25 9:46,B,2025-08-07 09:42:00,2025-08-07 09:42:00,1919,2,1
2025294153,"BAT111, E171, E172, LDR175",8/7/25 11:12,25-3651,E-172,8/7/25 11:11,9/5/25 11:11,B,2025-08-07 11:12:00,2025-08-07 11:11:00,1920,4,2
2025294839,LDR175,8/7/25 19:17,25-3656,L-175,8/7/25 19:16,9/5/25 19:33,B,2025-08-07 19:17:00,2025-08-07 19:16:00,1921,1,1
2025295294,LDR175,8/8/25 7:22,25-3659,L-175,8/8/25 7:20,9/5/25 7:42,B,2025-08-08 07:22:00,2025-08-08 07:20:00,1922,1,1
2025295737,E171,8/8/25 12:52,25-3660,E-171,8/8/25 12:48,9/5/25 12:57,B,2025-08-08 12:52:00,2025-08-08 12:48:00,1923,1,1
2025295943,LDR175,8/8/25 15:13,25-3661,L-175,8/8/25 15:10,9/5/25 15:24,B,2025-08-08 15:13:00,2025-08-08 15:10:00,1924,1,1
2025296102,E171,8/8/25 16:58,25-3663,E-171,8/8/25 16:52,9/5/25 17:15,B,2025-08-08 16:58:00,2025-08-08 16:52:00,1925,1,1
2025296158,LDR175,8/8/25 17:32,25-3665,L-175,8/8/25 17:31,9/5/25 17:48,B,2025-08-08 17:32:00,2025-08-08 17:31:00,1926,1,1
2025296217,BAT111,8/8/25 18:33,25-3667,BC-111,8/8/25 18:29,9/5/25 18:35,B,2025-08-08 18:33:00,2025-08-08 18:29:00,1927,1,1
2025296463,LDR175,8/8/25 21:58,25-3669,L-175,8/8/25 21:56,9/4/25 22:09,B,2025-08-08 21:58:00,2025-08-08 21:56:00,1928,1,1
2025296591,E172,8/9/25 0:12,25-3670,E-172,8/9/25 0:10,9/5/25 0:15,B,2025-08-09 00:12:00,2025-08-09 00:10:00,1929,1,1
2025296607,LDR175,8/9/25 0:37,25-3671,L-175,8/9/25 0:34,9/5/25 0:51,B,2025-08-09 00:37:00,2025-08-09 00:34:00,1930,1,1
2025297050,"E171, E172",8/9/25 13:02,25-3673,E-171,8/9/25 12:58,9/5/25 13:01,C,2025-08-09 13:02:00,2025-08-09 12:58:00,1931,2,1
2025297189,LDR175,8/9/25 16:07,25-3675,L-175,8/9/25 16:05,9/5/25 16:23,C,2025-08-09 16:07:00,2025-08-09 16:05:00,1932,1,1
2025297261,E172,8/9/25 17:13,25-3676,E-172,8/9/25 17:11,9/5/25 17:33,C,2025-08-09 17:13:00,2025-08-09 17:11:00,1933,1,1
2025297347,E172,8/9/25 18:47,25-3677,E-172,8/9/25 18:43,9/5/25 19:20,C,2025-08-09 18:47:00,2025-08-09 18:43:00,1934,1,1
2025297820,"BAT111, E172",8/10/25 4:28,25-3678,BC-111,8/10/25 4:24,9/5/25 4:34,C,2025-08-10 04:28:00,2025-08-10 04:24:00,1935,2,1
2025297873,LDR175,8/10/25 7:53,25-3679,L-175,8/10/25 7:51,9/5/25 8:07,C,2025-08-10 07:53:00,2025-08-10 07:51:00,1936,1,1
2025297907,LDR175,8/10/25 8:53,25-3680,L-175,8/10/25 8:51,9/5/25 9:17,C,2025-08-10 08:53:00,2025-08-10 08:51:00,1937,1,1
2025298109,"BAT111, E171, E172, LDR175",8/10/25 12:37,25-3683,E-172,8/10/25 12:33,9/5/25 13:05,C,2025-08-10 12:37:00,2025-08-10 12:33:00,1938,4,2
2025298156,E171,8/10/25 13:42,25-3684,E-171,8/10/25 13:40,9/5/25 15:48,C,2025-08-10 13:42:00,2025-08-10 13:40:00,1939,1,1
2025298184,E172,8/10/25 14:08,25-3685,E-172,8/10/25 14:03,9/5/25 14:14,C,2025-08-10 14:08:00,2025-08-10 14:03:00,1940,1,1
2025298329,LDR175,8/10/25 16:52,25-3689,L-175,8/10/25 16:49,9/5/25 16:57,C,2025-08-10 16:52:00,2025-08-10 16:49:00,1941,1,1
2025298334,"E171, E172",8/10/25 16:53,25-3690,E-171,8/10/25 16:52,9/5/25 18:10,C,2025-08-10 16:53:00,2025-08-10 16:52:00,1942,2,1
2025298351,LDR175,8/10/25 17:28,25-3691,L-175,8/10/25 17:23,9/5/25 17:30,C,2025-08-10 17:28:00,2025-08-10 17:23:00,1943,1,1
2025298437,LDR175,8/10/25 19:12,25-3692,L-175,8/10/25 19:11,9/5/25 19:48,C,2025-08-10 19:12:00,2025-08-10 19:11:00,1944,1,1
2025298560,"E171, E172",8/10/25 21:02,25-3693,E-171,8/10/25 20:59,9/4/25 23:22,C,2025-08-10 21:02:00,2025-08-10 20:59:00,1945,2,1
2025298610,"E172, LDR175",8/10/25 22:02,25-3694,L-175,8/10/25 21:57,9/4/25 22:15,C,2025-08-10 22:02:00,2025-08-10 21:57:00,1946,2,1
2025298651,E171,8/10/25 23:32,25-3697,E-171,8/10/25 23:26,9/4/25 23:37,C,2025-08-10 23:32:00,2025-08-10 23:26:00,1947,1,1
2025298837,E172,8/11/25 7:33,25-3700,E-172,8/11/25 7:32,9/5/25 8:02,C,2025-08-11 07:33:00,2025-08-11 07:32:00,1948,1,1
2025298844,"E171, LDR175",8/11/25 7:37,25-3701,E-171,8/11/25 7:37,9/5/25 7:43,A,2025-08-11 07:37:00,2025-08-11 07:37:00,1949,2,1
2025299096,E171,8/11/25 10:32,25-3702,E-171,8/11/25 10:30,9/5/25 10:45,A,2025-08-11 10:32:00,2025-08-11 10:30:00,1950,1,1
2025299265,"E171, LDR175",8/11/25 12:28,25-3703,L-175,8/11/25 12:24,9/5/25 12:38,A,2025-08-11 12:28:00,2025-08-11 12:24:00,1951,2,1
2025299549,LDR175,8/11/25 14:57,25-3704,L-175,8/11/25 14:51,9/5/25 15:04,A,2025-08-11 14:57:00,2025-08-11 14:51:00,1952,1,1
2025299621,E172,8/11/25 15:28,25-3706,E-172,8/11/25 15:25,9/5/25 15:49,A,2025-08-11 15:28:00,2025-08-11 15:25:00,1953,1,1
2025299736,E172,8/11/25 16:53,25-3707,E-172,8/11/25 16:48,9/5/25 16:57,A,2025-08-11 16:53:00,2025-08-11 16:48:00,1954,1,1
2025299747,"E171, E172",8/11/25 16:57,25-3708,E-172,8/11/25 16:54,9/5/25 17:20,A,2025-08-11 16:57:00,2025-08-11 16:54:00,1955,2,1
2025299785,"E171, E172",8/11/25 17:23,25-3709,E-172,8/11/25 17:20,9/5/25 17:43,A,2025-08-11 17:23:00,2025-08-11 17:20:00,1956,2,1
2025299821,BAT111,8/11/25 17:47,25-3710,BC-111,8/11/25 17:45,9/5/25 17:50,A,2025-08-11 17:47:00,2025-08-11 17:45:00,1957,1,1
2025299830,"BAT111, E171, LDR175",8/11/25 17:53,25-3711,L-175,8/11/25 17:48,9/5/25 18:10,B,2025-08-11 17:53:00,2025-08-11 17:48:00,1958,3,2
2025299929,"E171, E172",8/11/25 19:02,25-3715,E-171,8/11/25 19:00,9/5/25 19:07,A,2025-08-11 19:02:00,2025-08-11 19:00:00,1959,2,1
2025299976,"BAT111, E171, E172, LDR175",8/11/25 19:53,25-3716,E-172,8/11/25 19:48,9/4/25 20:20,A,2025-08-11 19:53:00,2025-08-11 19:48:00,1960,4,2
2025300013,LDR175,8/11/25 20:23,25-3718,L-175,8/11/25 20:16,9/4/25 20:49,A,2025-08-11 20:23:00,2025-08-11 20:16:00,1961,1,1
2025300050,E171,8/11/25 20:47,25-3719,E-171,8/11/25 20:45,9/4/25 21:08,A,2025-08-11 20:47:00,2025-08-11 20:45:00,1962,1,1
2025300089,LDR175,8/11/25 21:28,25-3720,L-175,8/11/25 21:22,9/4/25 21:43,A,2025-08-11 21:28:00,2025-08-11 21:22:00,1963,1,1
2025300124,E171,8/11/25 22:07,25-3721,E-171,8/11/25 22:04,9/4/25 22:16,A,2025-08-11 22:07:00,2025-08-11 22:04:00,1964,1,1
2025300215,BAT111,8/12/25 0:13,25-3722,BC-111,8/12/25 0:12,9/5/25 0:13,A,2025-08-12 00:13:00,2025-08-12 00:12:00,1965,1,1
2025300269,"E171, LDR175",8/12/25 2:23,25-3724,L-175,8/12/25 2:18,9/5/25 2:35,A,2025-08-12 02:23:00,2025-08-12 02:18:00,1966,2,1
2025300308,LDR175,8/12/25 3:47,25-3725,L-175,8/12/25 3:43,9/5/25 4:10,A,2025-08-12 03:47:00,2025-08-12 03:43:00,1967,1,1
2025300565,E171,8/12/25 8:57,25-3728,E-171,8/12/25 8:56,9/5/25 9:13,A,2025-08-12 08:57:00,2025-08-12 08:56:00,1968,1,1
2025300681,E172,8/12/25 10:33,25-3730,E-172,8/12/25 10:27,9/5/25 10:43,A,2025-08-12 10:33:00,2025-08-12 10:27:00,1969,1,1
2025300759,"C103, E171, LDR175",8/12/25 11:18,25-3731,L-175,8/12/25 11:14,9/5/25 12:01,B,2025-08-12 11:18:00,2025-08-12 11:14:00,1970,3,2
2025300953,"E171, LDR175",8/12/25 13:27,25-3732,L-175,8/12/25 13:25,9/5/25 13:39,A,2025-08-12 13:27:00,2025-08-12 13:25:00,1971,2,1
2025301006,"E171, LDR175",8/12/25 13:57,25-3733,L-175,8/12/25 13:57,9/5/25 14:32,A,2025-08-12 13:57:00,2025-08-12 13:57:00,1972,2,1
2025301026,E171,8/12/25 14:08,25-3735,E-171,8/12/25 14:06,9/5/25 14:22,A,2025-08-12 14:08:00,2025-08-12 14:06:00,1973,1,1
2025301049,E172,8/12/25 14:23,25-3736,E-172,8/12/25 14:19,9/5/25 14:23,A,2025-08-12 14:23:00,2025-08-12 14:19:00,1974,1,1
2025301054,"E171, E172",8/12/25 14:28,25-3737,E-172,8/12/25 14:21,9/5/25 14:39,A,2025-08-12 14:28:00,2025-08-12 14:21:00,1975,2,1
2025301170,E171,8/12/25 15:18,25-3738,E-171,8/12/25 15:12,9/5/25 15:23,A,2025-08-12 15:18:00,2025-08-12 15:12:00,1976,1,1
2025301691,E172,8/12/25 22:28,25-3741,E-172,8/12/25 22:25,9/4/25 22:43,A,2025-08-12 22:28:00,2025-08-12 22:25:00,1977,1,1
2025301727,E171,8/12/25 23:23,25-3742,E-171,8/12/25 23:18,9/4/25 23:59,A,2025-08-12 23:23:00,2025-08-12 23:18:00,1978,1,1
2025301769,"E171, LDR175",8/13/25 0:27,25-3743,E-171,8/13/25 0:22,9/5/25 0:39,A,2025-08-13 00:27:00,2025-08-13 00:22:00,1979,2,1
2025301819,LDR175,8/13/25 2:32,25-3745,L-175,8/13/25 2:28,9/5/25 2:43,A,2025-08-13 02:32:00,2025-08-13 02:28:00,1980,1,1
2025301874,LDR175,8/13/25 4:07,25-3746,L-175,8/13/25 4:06,9/5/25 4:38,A,2025-08-13 04:07:00,2025-08-13 04:06:00,1981,1,1
2025302104,LDR175,8/13/25 9:37,25-3749,L-175,8/13/25 9:34,9/5/25 9:37,B,2025-08-13 09:37:00,2025-08-13 09:34:00,1982,1,1
2025302334,E172,8/13/25 12:32,25-3750,E-172,8/13/25 12:30,9/5/25 12:32,B,2025-08-13 12:32:00,2025-08-13 12:30:00,1983,1,1
2025302385,LDR175,8/13/25 13:03,25-3751,L-175,8/13/25 12:59,9/5/25 13:32,B,2025-08-13 13:03:00,2025-08-13 12:59:00,1984,1,1
2025302470,E171,8/13/25 13:53,25-3753,E-171,8/13/25 13:47,9/5/25 14:11,B,2025-08-13 13:53:00,2025-08-13 13:47:00,1985,1,1
2025302526,BAT111,8/13/25 14:13,25-3754,BC-111,8/13/25 14:12,9/5/25 14:14,B,2025-08-13 14:13:00,2025-08-13 14:12:00,1986,1,1
2025302583,E172,8/13/25 14:48,25-3755,E-172,8/13/25 14:46,9/5/25 14:50,B,2025-08-13 14:48:00,2025-08-13 14:46:00,1987,1,1
2025302806,LDR175,8/13/25 17:23,25-3756,L-175,8/13/25 17:17,9/5/25 17:45,B,2025-08-13 17:23:00,2025-08-13 17:17:00,1988,1,1
2025302842,"E171, E172",8/13/25 17:57,25-3757,E-171,8/13/25 17:53,9/5/25 18:01,A,2025-08-13 17:57:00,2025-08-13 17:53:00,1989,2,1
2025302879,BAT111,8/13/25 18:33,25-3758,BC-111,8/13/25 18:29,9/5/25 18:36,B,2025-08-13 18:33:00,2025-08-13 18:29:00,1990,1,1
2025302972,E172,8/13/25 19:37,25-3759,E-172,8/13/25 19:36,9/5/25 19:46,B,2025-08-13 19:37:00,2025-08-13 19:36:00,1991,1,1
2025302982,LDR175,8/13/25 19:42,25-3760,L-175,8/13/25 19:40,9/5/25 19:50,B,2025-08-13 19:42:00,2025-08-13 19:40:00,1992,1,1
2025302997,"BAT111, E171, E172",8/13/25 19:53,25-3761,E-172,8/13/25 19:50,9/4/25 20:59,B,2025-08-13 19:53:00,2025-08-13 19:50:00,1993,3,2
2025303079,E172,8/13/25 21:03,25-3762,E-172,8/13/25 20:28,9/4/25 20:59,B,2025-08-13 21:03:00,2025-08-13 20:28:00,1994,1,1
2025303611,LDR175,8/14/25 9:53,25-3765,L-175,8/14/25 9:48,9/5/25 10:10,B,2025-08-14 09:53:00,2025-08-14 09:48:00,1995,1,1
2025303692,BAT111,8/14/25 10:48,25-3766,BC-111,8/14/25 10:46,9/5/25 11:00,B,2025-08-14 10:48:00,2025-08-14 10:46:00,1996,1,1
2025303737,"E171, LDR175",8/14/25 11:23,25-3767,E-171,8/14/25 11:18,9/5/25 11:27,B,2025-08-14 11:23:00,2025-08-14 11:18:00,1997,2,1
2025303819,LDR175,8/14/25 12:13,25-3769,L-175,8/14/25 12:12,9/5/25 12:21,B,2025-08-14 12:13:00,2025-08-14 12:12:00,1998,1,1
2025303918,E172,8/14/25 13:18,25-3770,E-172,8/14/25 13:17,9/5/25 13:27,B,2025-08-14 13:18:00,2025-08-14 13:17:00,1999,1,1
2025304212,E172,8/14/25 16:48,25-3773,E-172,8/14/25 16:45,9/5/25 17:00,B,2025-08-14 16:48:00,2025-08-14 16:45:00,2000,1,1
2025304330,E172,8/14/25 18:03,25-3775,E-172,8/14/25 18:01,9/5/25 18:14,B,2025-08-14 18:03:00,2025-08-14 18:01:00,2001,1,1
2025304637,LDR175,8/14/25 22:18,25-3779,L-175,8/14/25 22:14,9/4/25 22:23,B,2025-08-14 22:18:00,2025-08-14 22:14:00,2002,1,1
2025304798,LDR175,8/15/25 3:32,25-3780,L-175,8/15/25 3:23,9/5/25 3:43,A,2025-08-15 03:32:00,2025-08-15 03:23:00,2003,1,1
2025304967,LDR175,8/15/25 8:47,25-3782,L-175,8/15/25 8:44,9/5/25 8:54,C,2025-08-15 08:47:00,2025-08-15 08:44:00,2004,1,1
2025305215,"E171, E172",8/15/25 11:42,25-3783,E-172,8/15/25 11:40,9/5/25 11:51,C,2025-08-15 11:42:00,2025-08-15 11:40:00,2005,2,1
2025305389,LDR175,8/15/25 13:57,25-3784,L-175,8/15/25 13:55,9/5/25 14:03,C,2025-08-15 13:57:00,2025-08-15 13:55:00,2006,1,1
2025305434,E172,8/15/25 14:27,25-3786,E-172,8/15/25 14:25,9/5/25 14:45,C,2025-08-15 14:27:00,2025-08-15 14:25:00,2007,1,1
2025305604,E171,8/15/25 16:28,25-3787,E-171,8/15/25 16:21,9/5/25 16:41,C,2025-08-15 16:28:00,2025-08-15 16:21:00,2008,1,1
2025305670,"E171, LDR175",8/15/25 17:08,25-3788,L-175,8/15/25 17:03,9/5/25 17:29,C,2025-08-15 17:08:00,2025-08-15 17:03:00,2009,2,1
2025305759,"E171, LDR175",8/15/25 18:02,25-3789,E-171,8/15/25 18:01,9/5/25 18:58,C,2025-08-15 18:02:00,2025-08-15 18:01:00,2010,2,1
2025305871,E171,8/15/25 19:37,25-3790,E-171,8/15/25 19:36,9/5/25 19:56,C,2025-08-15 19:37:00,2025-08-15 19:36:00,2011,1,1
2025305943,"BAT111, E171, LDR175, RG170",8/15/25 21:02,25-3791,L-175,8/15/25 20:50,9/4/25 21:20,C,2025-08-15 21:02:00,2025-08-15 20:50:00,2012,4,2
2025305974,E172,8/15/25 21:28,25-3792,E-172,8/15/25 21:26,9/4/25 21:39,C,2025-08-15 21:28:00,2025-08-15 21:26:00,2013,1,1
2025306070,"E171, E172",8/15/25 23:47,25-3795,E-171,8/15/25 23:44,9/5/25 0:14,C,2025-08-15 23:47:00,2025-08-15 23:44:00,2014,2,1
2025306083,BAT111,8/15/25 23:57,25-3796,BC-111,8/15/25 23:55,9/4/25 23:58,C,2025-08-15 23:57:00,2025-08-15 23:55:00,2015,1,1
2025306111,"E171, LDR175",8/16/25 0:37,25-3800,L-175,8/16/25 0:32,9/5/25 0:47,C,2025-08-16 00:37:00,2025-08-16 00:32:00,2016,2,1
2025306317,"BAT111, E171, E172, LDR175",8/16/25 9:13,25-3803,BC-111,8/16/25 9:09,9/5/25 9:37,C,2025-08-16 09:13:00,2025-08-16 09:09:00,2017,4,2
2025306378,E172,8/16/25 10:22,25-3804,E-172,8/16/25 10:16,9/5/25 10:28,C,2025-08-16 10:22:00,2025-08-16 10:16:00,2018,1,1
2025306456,E171,8/16/25 11:28,25-3805,E-171,8/16/25 11:27,9/5/25 11:46,C,2025-08-16 11:28:00,2025-08-16 11:27:00,2019,1,1
2025306495,"BAT111, E172",8/16/25 12:13,25-3806,BC-111,8/16/25 12:10,9/5/25 12:12,C,2025-08-16 12:13:00,2025-08-16 12:10:00,2020,2,1
2025306514,"BAT111, E171, E172",8/16/25 12:23,25-3807,BC-111,8/16/25 12:21,9/5/25 12:49,C,2025-08-16 12:23:00,2025-08-16 12:21:00,2021,3,2
2025306594,"BAT111, LDR175",8/16/25 13:17,25-3808,BC-111,8/16/25 13:13,9/5/25 13:59,C,2025-08-16 13:17:00,2025-08-16 13:13:00,2022,2,1
2025306626,E171,8/16/25 13:47,25-3809,E-171,8/16/25 13:44,9/5/25 13:52,C,2025-08-16 13:47:00,2025-08-16 13:44:00,2023,1,1
2025306685,LDR175,8/16/25 14:47,25-3810,L-175,8/16/25 14:44,9/5/25 14:56,C,2025-08-16 14:47:00,2025-08-16 14:44:00,2024,1,1
2025307065,LDR175,8/16/25 21:52,25-3812,L-175,8/16/25 21:49,9/4/25 22:12,C,2025-08-16 21:52:00,2025-08-16 21:49:00,2025,1,1
2025307092,"E171, E172",8/16/25 22:08,25-3813,E-171,8/16/25 22:06,9/4/25 22:34,C,2025-08-16 22:08:00,2025-08-16 22:06:00,2026,2,1
2025307156,E171,8/16/25 23:23,25-3814,E-171,8/16/25 23:21,9/4/25 23:36,C,2025-08-16 23:23:00,2025-08-16 23:21:00,2027,1,1
2025307276,E171,8/17/25 2:53,25-3815,E-171,8/17/25 2:52,9/5/25 3:16,C,2025-08-17 02:53:00,2025-08-17 02:52:00,2028,1,1
2025307358,LDR175,8/17/25 6:03,25-3816,L-175,8/17/25 5:56,9/5/25 6:22,C,2025-08-17 06:03:00,2025-08-17 05:56:00,2029,1,1
2025307459,E172,8/17/25 9:43,25-3820,E-172,8/17/25 9:42,9/5/25 9:44,A,2025-08-17 09:43:00,2025-08-17 09:42:00,2030,1,1
2025307481,LDR175,8/17/25 10:12,25-3821,L-175,8/17/25 10:10,9/5/25 10:17,A,2025-08-17 10:12:00,2025-08-17 10:10:00,2031,1,1
2025307488,E171,8/17/25 10:18,25-3822,E-171,8/17/25 10:15,9/5/25 10:24,A,2025-08-17 10:18:00,2025-08-17 10:15:00,2032,1,1
2025307558,LDR175,8/17/25 11:23,25-3823,L-175,8/17/25 11:18,9/5/25 11:25,A,2025-08-17 11:23:00,2025-08-17 11:18:00,2033,1,1
2025307585,E171,8/17/25 11:52,25-3825,E-171,8/17/25 11:49,9/5/25 12:08,A,2025-08-17 11:52:00,2025-08-17 11:49:00,2034,1,1
2025307704,"E171, LDR175",8/17/25 13:48,25-3826,L-175,8/17/25 13:39,9/5/25 14:01,A,2025-08-17 13:48:00,2025-08-17 13:39:00,2035,2,1
2025307721,"E171, E172",8/17/25 13:58,25-3827,E-172,8/17/25 13:53,9/5/25 14:04,A,2025-08-17 13:58:00,2025-08-17 13:53:00,2036,2,1
2025307766,E172,8/17/25 14:28,25-3828,E-172,8/17/25 14:23,9/5/25 14:41,A,2025-08-17 14:28:00,2025-08-17 14:23:00,2037,1,1
2025308298,LDR175,8/18/25 2:37,25-3834,L-175,8/18/25 2:32,9/5/25 3:05,A,2025-08-18 02:37:00,2025-08-18 02:32:00,2038,1,1
2025308618,E172,8/18/25 10:13,25-3838,E-172,8/18/25 10:09,9/5/25 10:31,A,2025-08-18 10:13:00,2025-08-18 10:09:00,2039,1,1
2025308864,"E171, LDR175",8/18/25 12:38,25-3839,L-175,8/18/25 12:32,9/5/25 12:42,A,2025-08-18 12:38:00,2025-08-18 12:32:00,2040,2,1
2025309035,"BAT111, E171, E172, LDR175",8/18/25 14:08,25-3841,E-172,8/18/25 14:02,9/5/25 14:49,A,2025-08-18 14:08:00,2025-08-18 14:02:00,2041,4,2
2025309119,"E171, LDR175",8/18/25 14:58,25-3842,E-171,nan,nan,nan,2025-08-18 14:58:00,,2042,2,1
2025309263,"E171, LDR175",8/18/25 16:28,25-3843,E-171,nan,nan,nan,2025-08-18 16:28:00,,2043,2,1
2025309474,E171,8/18/25 18:38,25-3845,E-171,nan,nan,nan,2025-08-18 18:38:00,,2044,1,1
2025309531,E171,8/18/25 19:53,25-3846,E-171,nan,nan,nan,2025-08-18 19:53:00,,2045,1,1
2025309736,E171,8/18/25 23:33,25-3847,E-171,8/18/25 23:27,9/4/25 23:44,nan,2025-08-18 23:33:00,2025-08-18 23:27:00,2046,1,1
2025309747,"E171, E172",8/18/25 23:52,25-3848,E-171,nan,nan,nan,2025-08-18 23:52:00,,2047,2,1
2025310006,"BAT111, E171",8/19/25 9:08,25-3852,BC-111,8/19/25 9:03,9/5/25 9:27,B,2025-08-19 09:08:00,2025-08-19 09:03:00,2048,2,1
2025310025,"E172, LDR175",8/19/25 9:18,25-3853,L-175,8/19/25 9:15,9/5/25 9:35,B,2025-08-19 09:18:00,2025-08-19 09:15:00,2049,2,1
2025310044,E172,8/19/25 9:33,25-3855,E-172,8/19/25 9:26,9/5/25 10:02,B,2025-08-19 09:33:00,2025-08-19 09:26:00,2050,1,1
2025310508,LDR175,8/19/25 14:57,25-3856,L-175,8/19/25 14:54,9/5/25 15:17,B,2025-08-19 14:57:00,2025-08-19 14:54:00,2051,1,1
2025310646,E171,8/19/25 16:18,25-3857,E-171,8/19/25 16:15,9/5/25 16:31,B,2025-08-19 16:18:00,2025-08-19 16:15:00,2052,1,1
2025310691,LDR175,8/19/25 16:47,25-3858,L-175,8/19/25 16:44,9/5/25 16:57,B,2025-08-19 16:47:00,2025-08-19 16:44:00,2053,1,1
2025310762,E172,8/19/25 17:48,25-3859,E-172,8/19/25 17:45,9/5/25 18:18,B,2025-08-19 17:48:00,2025-08-19 17:45:00,2054,1,1
2025310974,LDR175,8/19/25 20:58,25-3860,L-175,8/19/25 20:55,9/4/25 21:06,B,2025-08-19 20:58:00,2025-08-19 20:55:00,2055,1,1
2025311011,LDR175,8/19/25 21:38,25-3861,L-175,8/19/25 21:35,9/4/25 21:35,B,2025-08-19 21:38:00,2025-08-19 21:35:00,2056,1,1
2025311034,E171,8/19/25 22:08,25-3862,E-171,8/19/25 22:06,9/4/25 22:10,B,2025-08-19 22:08:00,2025-08-19 22:06:00,2057,1,1
2025311039,LDR175,8/19/25 22:18,25-3863,L-175,8/19/25 22:14,9/4/25 22:41,B,2025-08-19 22:18:00,2025-08-19 22:14:00,2058,1,1
2025311066,E171,8/19/25 22:43,25-3864,E-171,8/19/25 22:39,9/4/25 22:55,B,2025-08-19 22:43:00,2025-08-19 22:39:00,2059,1,1
2025311167,E171,8/20/25 1:48,25-3866,E-171,8/20/25 1:43,9/5/25 2:01,B,2025-08-20 01:48:00,2025-08-20 01:43:00,2060,1,1
2025311202,E171,8/20/25 3:13,25-3867,E-171,8/20/25 3:11,9/5/25 3:29,B,2025-08-20 03:13:00,2025-08-20 03:11:00,2061,1,1
2025311206,"E171, LDR175",8/20/25 3:28,25-3868,L-175,8/20/25 3:26,9/5/25 3:47,B,2025-08-20 03:28:00,2025-08-20 03:26:00,2062,2,1
2025311500,"E171, E172",8/20/25 10:03,25-3869,E-172,8/20/25 9:59,9/5/25 10:02,B,2025-08-20 10:03:00,2025-08-20 09:59:00,2063,2,1
2025311534,E171,8/20/25 10:28,25-3870,E-171,8/20/25 10:22,9/5/25 10:29,B,2025-08-20 10:28:00,2025-08-20 10:22:00,2064,1,1
2025311762,E171,8/20/25 12:52,25-3872,E-171,8/20/25 12:50,9/5/25 13:12,B,2025-08-20 12:52:00,2025-08-20 12:50:00,2065,1,1
2025311945,E171,8/20/25 15:13,25-3873,E-171,8/20/25 15:09,9/5/25 15:30,B,2025-08-20 15:13:00,2025-08-20 15:09:00,2066,1,1
2025312117,BAT111,8/20/25 16:53,25-3874,BC-111,nan,nan,nan,2025-08-20 16:53:00,,2067,1,1
2025312214,"E171, LDR175",8/20/25 17:52,25-3875,L-175,8/20/25 17:50,9/5/25 18:09,B,2025-08-20 17:52:00,2025-08-20 17:50:00,2068,2,1
2025312428,LDR175,8/20/25 21:18,25-3877,L-175,8/20/25 21:16,9/4/25 21:23,B,2025-08-20 21:18:00,2025-08-20 21:16:00,2069,1,1
2025312490,E171,8/20/25 22:38,25-3878,E-171,8/20/25 22:35,9/4/25 22:50,B,2025-08-20 22:38:00,2025-08-20 22:35:00,2070,1,1
2025312685,"E171, LDR175",8/21/25 5:48,25-3880,L-175,8/21/25 5:45,9/5/25 5:56,B,2025-08-21 05:48:00,2025-08-21 05:45:00,2071,2,1
2025312742,E172,8/21/25 7:28,25-3881,E-172,8/21/25 7:27,9/5/25 7:48,B,2025-08-21 07:28:00,2025-08-21 07:27:00,2072,1,1
2025313199,LDR175,8/21/25 13:08,25-3884,L-175,8/21/25 13:01,9/5/25 13:19,C,2025-08-21 13:08:00,2025-08-21 13:01:00,2073,1,1
2025313213,E172,8/21/25 13:12,25-3885,E-172,8/21/25 13:09,9/5/25 13:35,C,2025-08-21 13:12:00,2025-08-21 13:09:00,2074,1,1
2025313277,E171,8/21/25 13:53,25-3886,E-171,8/21/25 13:48,9/5/25 14:12,C,2025-08-21 13:53:00,2025-08-21 13:48:00,2075,1,1
2025313348,E171,8/21/25 14:28,25-3887,E-171,8/21/25 14:20,9/5/25 14:40,C,2025-08-21 14:28:00,2025-08-21 14:20:00,2076,1,1
2025313464,E171,8/21/25 15:42,25-3888,E-171,8/21/25 15:35,9/5/25 15:41,C,2025-08-21 15:42:00,2025-08-21 15:35:00,2077,1,1
2025313577,"E171, LDR175",8/21/25 16:48,25-3889,L-175,8/21/25 16:45,9/5/25 16:55,C,2025-08-21 16:48:00,2025-08-21 16:45:00,2078,2,1
2025313690,E172,8/21/25 18:17,25-3891,E-172,8/21/25 18:13,9/5/25 18:32,C,2025-08-21 18:17:00,2025-08-21 18:13:00,2079,1,1
2025313830,E171,8/21/25 20:28,25-3893,E-171,8/21/25 20:25,9/4/25 20:48,C,2025-08-21 20:28:00,2025-08-21 20:25:00,2080,1,1
2025313866,LDR175,8/21/25 21:08,25-3894,L-175,8/21/25 21:07,9/4/25 21:28,C,2025-08-21 21:08:00,2025-08-21 21:07:00,2081,1,1
2025314109,LDR175,8/22/25 5:13,25-3895,L-175,8/22/25 5:09,9/5/25 5:27,C,2025-08-22 05:13:00,2025-08-22 05:09:00,2082,1,1
2025314419,"BAT111, E172, LDR175",8/22/25 10:38,25-3897,E-172,8/22/25 10:36,9/5/25 10:43,C,2025-08-22 10:38:00,2025-08-22 10:36:00,2083,3,1
2025314431,E171,8/22/25 10:43,25-3899,E-171,8/22/25 10:40,9/5/25 10:46,C,2025-08-22 10:43:00,2025-08-22 10:40:00,2084,1,1
2025315033,LDR175,8/22/25 17:38,25-3901,L-175,8/22/25 17:36,9/5/25 17:54,C,2025-08-22 17:38:00,2025-08-22 17:36:00,2085,1,1
2025315222,"BAT111, E171, LDR175",8/22/25 21:18,25-3902,L-175,8/22/25 21:16,9/4/25 21:46,C,2025-08-22 21:18:00,2025-08-22 21:16:00,2086,3,1
2025315228,E172,8/22/25 21:28,25-3903,E-172,8/22/25 21:23,9/4/25 21:40,C,2025-08-22 21:28:00,2025-08-22 21:23:00,2087,1,1
2025315296,E171,8/22/25 22:28,25-3904,E-171,8/22/25 22:24,9/4/25 22:32,C,2025-08-22 22:28:00,2025-08-22 22:24:00,2088,1,1
2025315365,"BAT111, E171, E172",8/23/25 0:18,25-3906,BC-111,8/23/25 0:17,9/5/25 1:00,C,2025-08-23 00:18:00,2025-08-23 00:17:00,2089,3,1
2025315363,LDR175,8/23/25 0:18,25-3907,L-175,8/23/25 0:15,9/5/25 0:29,C,2025-08-23 00:18:00,2025-08-23 00:15:00,2090,1,1
2025315372,"E171, LDR175",8/23/25 0:33,25-3908,E-171,8/23/25 0:26,9/5/25 0:45,C,2025-08-23 00:33:00,2025-08-23 00:26:00,2091,2,1
2025315495,E171,8/23/25 4:28,25-3909,E-171,8/23/25 4:26,9/5/25 4:41,C,2025-08-23 04:28:00,2025-08-23 04:26:00,2092,1,1
2025315492,E172,8/23/25 4:28,25-3910,E-172,8/23/25 4:24,9/5/25 4:42,C,2025-08-23 04:28:00,2025-08-23 04:24:00,2093,1,1
2025315640,E172,8/23/25 10:28,25-3912,E-172,8/23/25 10:23,9/5/25 10:42,A,2025-08-23 10:28:00,2025-08-23 10:23:00,2094,1,1
2025315797,LDR175,8/23/25 13:23,25-3914,L-175,8/23/25 13:20,9/5/25 13:53,A,2025-08-23 13:23:00,2025-08-23 13:20:00,2095,1,1
2025316021,"BAT111, E172",8/23/25 17:28,25-3917,E-172,8/23/25 17:23,9/5/25 17:27,A,2025-08-23 17:28:00,2025-08-23 17:23:00,2096,2,1
2025316099,"E171, LDR175",8/23/25 18:53,25-3918,E-171,8/23/25 18:52,9/5/25 19:00,A,2025-08-23 18:53:00,2025-08-23 18:52:00,2097,2,1
2025316132,LDR175,8/23/25 19:28,25-3919,L-175,8/23/25 19:26,9/5/25 19:38,A,2025-08-23 19:28:00,2025-08-23 19:26:00,2098,1,1
2025316273,LDR175,8/23/25 22:13,25-3922,L-175,8/23/25 22:10,9/4/25 22:36,A,2025-08-23 22:13:00,2025-08-23 22:10:00,2099,1,1
2025316343,LDR175,8/23/25 23:28,25-3923,L-175,8/23/25 23:22,9/4/25 23:40,A,2025-08-23 23:28:00,2025-08-23 23:22:00,2100,1,1
2025316517,E171,8/24/25 3:43,25-3925,E-171,8/24/25 3:40,9/5/25 3:58,A,2025-08-24 03:43:00,2025-08-24 03:40:00,2101,1,1
2025316512,E172,8/24/25 3:43,25-3926,E-172,8/24/25 3:37,9/5/25 3:56,A,2025-08-24 03:43:00,2025-08-24 03:37:00,2102,1,1
2025316742,"E171, LDR175",8/24/25 11:18,25-3928,E-171,nan,nan,nan,2025-08-24 11:18:00,,2103,2,1
2025316852,"E171, LDR175",8/24/25 13:18,25-3929,L-175,8/24/25 13:14,9/5/25 13:29,A,2025-08-24 13:18:00,2025-08-24 13:14:00,2104,2,1
2025317127,"E171, LDR175",8/24/25 17:53,25-3930,E-171,8/24/25 17:51,9/5/25 18:00,A,2025-08-24 17:53:00,2025-08-24 17:51:00,2105,2,1
2025317150,"E171, LDR175",8/24/25 18:38,25-3931,E-171,8/24/25 18:29,9/5/25 18:41,nan,2025-08-24 18:38:00,2025-08-24 18:29:00,2106,2,1
2025317485,"E171, E172",8/25/25 4:08,25-3932,E-171,8/25/25 4:01,9/5/25 4:21,A,2025-08-25 04:08:00,2025-08-25 04:01:00,2107,2,1
2025317503,LDR175,8/25/25 5:33,25-3933,L-175,8/25/25 5:31,9/5/25 5:45,A,2025-08-25 05:33:00,2025-08-25 05:31:00,2108,1,1
2025317513,"BAT111, E171, LDR175",8/25/25 5:53,25-3934,BC-111,8/25/25 5:48,9/5/25 6:09,A,2025-08-25 05:53:00,2025-08-25 05:48:00,2109,3,1
2025317621,"E171, E172",8/25/25 8:18,25-3936,E-171,8/25/25 8:12,9/5/25 8:26,B,2025-08-25 08:18:00,2025-08-25 08:12:00,2110,2,1
2025317659,"E171, LDR175",8/25/25 8:33,25-3937,E-171,8/25/25 8:32,9/5/25 8:42,B,2025-08-25 08:33:00,2025-08-25 08:32:00,2111,2,1
2025317886,"E171, LDR175",8/25/25 10:43,25-3939,E-171,8/25/25 10:36,9/5/25 11:14,B,2025-08-25 10:43:00,2025-08-25 10:36:00,2112,2,1
2025318142,"E171, E172",8/25/25 13:18,25-3940,E-171,8/25/25 13:12,9/5/25 13:28,B,2025-08-25 13:18:00,2025-08-25 13:12:00,2113,2,1
2025318464,"E172, LDR175",8/25/25 16:48,25-3941,E-172,8/25/25 16:47,9/5/25 17:09,B,2025-08-25 16:48:00,2025-08-25 16:47:00,2114,2,1
2025318547,E172,8/25/25 17:53,25-3942,E-172,8/25/25 17:48,9/5/25 18:33,B,2025-08-25 17:53:00,2025-08-25 17:48:00,2115,1,1
2025318586,"E171, LDR175",8/25/25 18:13,25-3943,L-175,8/25/25 18:10,9/5/25 18:17,B,2025-08-25 18:13:00,2025-08-25 18:10:00,2116,2,1
2025318615,"BAT111, E171",8/25/25 18:23,25-3944,BC-111,8/25/25 18:20,9/5/25 18:34,B,2025-08-25 18:23:00,2025-08-25 18:20:00,2117,2,1
2025318617,"BAT111, E171, LDR175",8/25/25 18:23,25-3945,L-175,8/25/25 18:21,9/5/25 19:17,B,2025-08-25 18:23:00,2025-08-25 18:21:00,2118,3,1
2025318770,E172,8/25/25 20:23,25-3947,E-172,8/25/25 20:15,9/4/25 21:17,B,2025-08-25 20:23:00,2025-08-25 20:15:00,2119,1,1
2025318939,LDR175,8/25/25 23:53,25-3949,L-175,8/25/25 23:52,9/5/25 0:14,B,2025-08-25 23:53:00,2025-08-25 23:52:00,2120,1,1
2025318987,LDR175,8/26/25 3:33,25-3951,L-175,8/26/25 3:28,9/5/25 3:46,B,2025-08-26 03:33:00,2025-08-26 03:28:00,2121,1,1
2025319038,"E171, LDR175",8/26/25 6:48,25-3952,E-171,8/26/25 6:45,9/5/25 7:31,B,2025-08-26 06:48:00,2025-08-26 06:45:00,2122,2,1
2025319047,E172,8/26/25 6:58,25-3953,E-172,8/26/25 6:50,9/5/25 7:53,B,2025-08-26 06:58:00,2025-08-26 06:50:00,2123,1,1
2025319124,LDR175,8/26/25 8:08,25-3954,L-175,8/26/25 8:00,9/5/25 8:12,B,2025-08-26 08:08:00,2025-08-26 08:00:00,2124,1,1
2025319322,"E171, E172",8/26/25 10:13,25-3955,E-171,8/26/25 10:09,9/5/25 10:11,B,2025-08-26 10:13:00,2025-08-26 10:09:00,2125,2,1
2025319810,LDR175,8/26/25 15:08,25-3959,L-175,8/26/25 15:03,9/5/25 15:16,B,2025-08-26 15:08:00,2025-08-26 15:03:00,2126,1,1
2025319838,"BAT111, LDR175",8/26/25 15:23,25-3960,L-175,8/26/25 15:21,9/5/25 15:55,B,2025-08-26 15:23:00,2025-08-26 15:21:00,2127,2,1
2025319906,E172,8/26/25 16:08,25-3961,E-172,8/26/25 16:06,9/5/25 16:21,B,2025-08-26 16:08:00,2025-08-26 16:06:00,2128,1,1
2025319920,"E171, LDR175",8/26/25 16:18,25-3962,L-175,8/26/25 16:14,9/5/25 16:18,B,2025-08-26 16:18:00,2025-08-26 16:14:00,2129,2,1
2025319956,E172,8/26/25 16:43,25-3963,E-172,8/26/25 16:39,9/5/25 16:41,B,2025-08-26 16:43:00,2025-08-26 16:39:00,2130,1,1
2025319987,"E171, E172",8/26/25 17:03,25-3964,E-171,8/26/25 16:57,9/5/25 17:04,B,2025-08-26 17:03:00,2025-08-26 16:57:00,2131,2,1
2025320058,LDR175,8/26/25 17:53,25-3966,L-175,8/26/25 17:50,9/5/25 18:03,B,2025-08-26 17:53:00,2025-08-26 17:50:00,2132,1,1
2025320080,E172,8/26/25 18:08,25-3967,E-172,8/26/25 18:04,9/5/25 18:49,B,2025-08-26 18:08:00,2025-08-26 18:04:00,2133,1,1
2025320200,LDR175,8/26/25 20:13,25-3970,L-175,8/26/25 20:07,9/4/25 20:26,B,2025-08-26 20:13:00,2025-08-26 20:07:00,2134,1,1
2025320271,LDR175,8/26/25 21:48,25-3972,L-175,8/26/25 21:43,9/4/25 21:54,B,2025-08-26 21:48:00,2025-08-26 21:43:00,2135,1,1
2025320483,"E171, LDR175",8/27/25 6:23,25-3974,L-175,8/27/25 6:17,9/5/25 6:28,B,2025-08-27 06:23:00,2025-08-27 06:17:00,2136,2,1
2025320516,LDR175,8/27/25 7:28,25-3975,L-175,8/27/25 7:20,9/5/25 7:42,B,2025-08-27 07:28:00,2025-08-27 07:20:00,2137,1,1
2025320971,BAT111,8/27/25 12:38,25-3976,BC-111,8/27/25 12:37,9/5/25 12:45,C,2025-08-27 12:38:00,2025-08-27 12:37:00,2138,1,1
2025321113,E172,8/27/25 13:58,25-3977,E-172,8/27/25 13:55,9/5/25 14:20,C,2025-08-27 13:58:00,2025-08-27 13:55:00,2139,1,1
2025321221,E171,8/27/25 15:03,25-3978,E-171,8/27/25 15:01,9/5/25 15:10,C,2025-08-27 15:03:00,2025-08-27 15:01:00,2140,1,1
2025321216,LDR175,8/27/25 15:03,25-3979,L-175,8/27/25 14:59,9/5/25 15:27,C,2025-08-27 15:03:00,2025-08-27 14:59:00,2141,1,1
2025321261,E171,8/27/25 15:33,25-3980,E-171,8/27/25 15:31,9/5/25 15:40,C,2025-08-27 15:33:00,2025-08-27 15:31:00,2142,1,1
2025321270,LDR175,8/27/25 15:38,25-3981,L-175,8/27/25 15:34,9/5/25 15:53,C,2025-08-27 15:38:00,2025-08-27 15:34:00,2143,1,1
2025321329,E171,8/27/25 16:13,25-3982,E-171,8/27/25 16:10,9/5/25 16:23,C,2025-08-27 16:13:00,2025-08-27 16:10:00,2144,1,1
2025321545,E172,8/27/25 18:53,25-3984,E-172,8/27/25 18:47,9/5/25 19:09,C,2025-08-27 18:53:00,2025-08-27 18:47:00,2145,1,1
2025321620,"BAT111, LDR175",8/27/25 19:53,25-3985,L-175,8/27/25 19:47,9/4/25 20:11,C,2025-08-27 19:53:00,2025-08-27 19:47:00,2146,2,1
2025321664,LDR175,8/27/25 20:43,25-3986,L-175,8/27/25 20:38,9/4/25 20:46,C,2025-08-27 20:43:00,2025-08-27 20:38:00,2147,1,1
2025321735,E172,8/27/25 22:43,25-3987,E-172,8/27/25 22:39,9/4/25 22:53,C,2025-08-27 22:43:00,2025-08-27 22:39:00,2148,1,1
2025321979,BAT111,8/28/25 7:28,25-3988,BC-111,8/28/25 7:26,9/5/25 7:33,C,2025-08-28 07:28:00,2025-08-28 07:26:00,2149,1,1
2025322217,E172,8/28/25 9:43,25-3990,E-172,8/28/25 9:42,9/5/25 9:44,C,2025-08-28 09:43:00,2025-08-28 09:42:00,2150,1,1
2025322391,"E171, E172",8/28/25 11:33,25-3991,E-171,8/28/25 11:30,9/5/25 11:57,C,2025-08-28 11:33:00,2025-08-28 11:30:00,2151,2,1
2025322399,LDR175,8/28/25 11:38,25-3992,L-175,8/28/25 11:34,9/5/25 11:37,C,2025-08-28 11:38:00,2025-08-28 11:34:00,2152,1,1
2025322513,E171,8/28/25 12:53,25-3993,E-171,8/28/25 12:47,9/5/25 13:00,C,2025-08-28 12:53:00,2025-08-28 12:47:00,2153,1,1
2025322765,BAT111,8/28/25 15:33,25-3994,BC-111,8/28/25 15:32,9/5/25 15:39,C,2025-08-28 15:33:00,2025-08-28 15:32:00,2154,1,1
2025322827,E172,8/28/25 16:18,25-3995,E-172,8/28/25 16:13,9/5/25 16:28,C,2025-08-28 16:18:00,2025-08-28 16:13:00,2155,1,1
2025322902,"BAT111, E171, LDR175",8/28/25 17:18,25-3996,L-175,8/28/25 17:13,9/5/25 18:36,C,2025-08-28 17:18:00,2025-08-28 17:13:00,2156,3,1
2025322979,E171,8/28/25 18:03,25-3997,E-171,8/28/25 18:01,9/5/25 18:12,C,2025-08-28 18:03:00,2025-08-28 18:01:00,2157,1,1
2025323011,E171,8/28/25 18:33,25-3998,E-171,8/28/25 18:30,9/5/25 18:46,C,2025-08-28 18:33:00,2025-08-28 18:30:00,2158,1,1
2025323027,"E172, LDR175",8/28/25 18:43,25-3999,L-175,8/28/25 18:41,9/5/25 19:04,C,2025-08-28 18:43:00,2025-08-28 18:41:00,2159,2,1
2025323204,LDR175,8/28/25 21:48,25-4003,L-175,8/28/25 21:42,9/4/25 22:03,C,2025-08-28 21:48:00,2025-08-28 21:42:00,2160,1,1
2025323223,LDR175,8/28/25 22:08,25-4004,L-175,8/28/25 22:01,9/4/25 22:14,C,2025-08-28 22:08:00,2025-08-28 22:01:00,2161,1,1
2025323318,E172,8/29/25 0:38,25-4005,E-172,8/29/25 0:35,9/5/25 0:48,C,2025-08-29 00:38:00,2025-08-29 00:35:00,2162,1,1
2025323393,E171,8/29/25 3:23,25-4006,E-171,8/29/25 3:20,9/5/25 3:44,C,2025-08-29 03:23:00,2025-08-29 03:20:00,2163,1,1
2025323402,E172,8/29/25 4:13,25-4007,E-172,8/29/25 4:11,9/5/25 4:26,C,2025-08-29 04:13:00,2025-08-29 04:11:00,2164,1,1
2025323411,E171,8/29/25 4:53,25-4008,E-171,8/29/25 4:47,9/5/25 5:00,C,2025-08-29 04:53:00,2025-08-29 04:47:00,2165,1,1
2025323769,BAT111,8/29/25 10:58,25-4009,E-172,8/29/25 10:53,9/5/25 10:54,A,2025-08-29 10:58:00,2025-08-29 10:53:00,2166,1,1
2025323757,"BAT111, E171, E172, LDR175",8/29/25 11:08,25-4011,L-175,8/29/25 11:03,9/5/25 11:32,A,2025-08-29 11:08:00,2025-08-29 11:03:00,2167,4,2
2025323831,"E171, E172",8/29/25 12:03,25-4013,E-172,8/29/25 11:57,9/5/25 12:09,A,2025-08-29 12:03:00,2025-08-29 11:57:00,2168,2,1
2025323996,E171,8/29/25 13:52,25-4014,E-171,8/29/25 13:50,9/5/25 14:09,A,2025-08-29 13:52:00,2025-08-29 13:50:00,2169,1,1
2025324109,"E171, E172, LDR175",8/29/25 14:58,25-4015,L-175,8/29/25 14:51,9/5/25 15:04,A,2025-08-29 14:58:00,2025-08-29 14:51:00,2170,3,1
2025324171,"BAT111, E171, E172",8/29/25 15:23,25-4016,E-172,8/29/25 15:20,9/5/25 16:03,A,2025-08-29 15:23:00,2025-08-29 15:20:00,2171,3,1
2025324296,"E171, E172",8/29/25 16:48,25-4018,E-171,8/29/25 16:45,9/5/25 17:00,A,2025-08-29 16:48:00,2025-08-29 16:45:00,2172,2,1
2025324371,"E171, E172",8/29/25 17:48,25-4019,E-172,8/29/25 17:45,9/5/25 18:03,A,2025-08-29 17:48:00,2025-08-29 17:45:00,2173,2,1
2025324547,LDR175,8/29/25 19:58,25-4021,L-175,8/29/25 19:56,9/4/25 20:13,A,2025-08-29 19:58:00,2025-08-29 19:56:00,2174,1,1
2025324693,E172,8/29/25 22:53,25-4023,E-172,8/29/25 22:47,9/4/25 23:12,A,2025-08-29 22:53:00,2025-08-29 22:47:00,2175,1,1
2025324717,E172,8/29/25 23:18,25-4024,E-172,8/29/25 23:12,9/4/25 23:24,A,2025-08-29 23:18:00,2025-08-29 23:12:00,2176,1,1
2025324804,E172,8/30/25 1:23,25-4025,E-172,8/30/25 1:16,9/5/25 1:34,A,2025-08-30 01:23:00,2025-08-30 01:16:00,2177,1,1
2025324900,E172,8/30/25 5:43,25-4026,E-172,8/30/25 5:36,9/5/25 5:56,A,2025-08-30 05:43:00,2025-08-30 05:36:00,2178,1,1
2025324945,LDR175,8/30/25 8:03,25-4027,L-175,8/30/25 7:56,9/5/25 8:06,nan,2025-08-30 08:03:00,2025-08-30 07:56:00,2179,1,1
2025325093,E172,8/30/25 10:48,25-4029,E-172,8/30/25 10:45,9/5/25 10:47,A,2025-08-30 10:48:00,2025-08-30 10:45:00,2180,1,1
2025325098,E172,8/30/25 10:53,25-4030,E-172,8/30/25 10:48,9/5/25 11:07,A,2025-08-30 10:53:00,2025-08-30 10:48:00,2181,1,1
2025325171,E172,8/30/25 12:13,25-4032,E-172,8/30/25 12:08,9/5/25 12:21,A,2025-08-30 12:13:00,2025-08-30 12:08:00,2182,1,1
2025325360,LDR175,8/30/25 15:23,25-4035,L-175,8/30/25 15:20,9/5/25 15:39,A,2025-08-30 15:23:00,2025-08-30 15:20:00,2183,1,1
2025325437,LDR175,8/30/25 16:48,25-4036,L-175,8/30/25 16:45,9/5/25 16:57,A,2025-08-30 16:48:00,2025-08-30 16:45:00,2184,1,1
2025325500,E172,8/30/25 18:03,25-4037,E-172,8/30/25 17:58,9/5/25 18:22,A,2025-08-30 18:03:00,2025-08-30 17:58:00,2185,1,1
2025325512,LDR175,8/30/25 18:13,25-4039,L-175,8/30/25 18:08,9/5/25 18:20,A,2025-08-30 18:13:00,2025-08-30 18:08:00,2186,1,1
2025325536,"E171, E172, LDR175",8/30/25 18:38,25-4040,E-171,8/30/25 18:33,9/5/25 18:39,A,2025-08-30 18:38:00,2025-08-30 18:33:00,2187,3,1
2025325596,LDR175,8/30/25 19:43,25-4041,L-175,8/30/25 19:42,9/4/25 20:00,A,2025-08-30 19:43:00,2025-08-30 19:42:00,2188,1,1
2025325661,E172,8/30/25 20:48,25-4044,E-172,8/30/25 20:43,9/4/25 21:02,A,2025-08-30 20:48:00,2025-08-30 20:43:00,2189,1,1
2025325821,LDR175,8/30/25 23:03,25-4045,L-175,8/30/25 23:00,9/4/25 23:27,A,2025-08-30 23:03:00,2025-08-30 23:00:00,2190,1,1
2025325839,E172,8/30/25 23:28,25-4046,E-172,8/30/25 23:21,9/5/25 0:30,A,2025-08-30 23:28:00,2025-08-30 23:21:00,2191,1,1
2025326021,E171,8/31/25 4:53,25-4047,E-171,8/31/25 4:49,9/5/25 5:10,A,2025-08-31 04:53:00,2025-08-31 04:49:00,2192,1,1
2025326046,E172,8/31/25 6:48,25-4048,E-172,8/31/25 6:42,9/5/25 7:07,A,2025-08-31 06:48:00,2025-08-31 06:42:00,2193,1,1
2025326092,E172,8/31/25 8:43,25-4049,E-172,8/31/25 8:39,9/5/25 9:00,B,2025-08-31 08:43:00,2025-08-31 08:39:00,2194,1,1
2025326198,E172,8/31/25 10:43,25-4051,E-172,8/31/25 10:41,9/5/25 11:01,B,2025-08-31 10:43:00,2025-08-31 10:41:00,2195,1,1
2025326268,LDR175,8/31/25 12:28,25-4052,L-175,8/31/25 12:24,9/5/25 12:48,B,2025-08-31 12:28:00,2025-08-31 12:24:00,2196,1,1
2025326380,LDR175,8/31/25 14:18,25-4053,L-175,8/31/25 14:15,9/5/25 14:31,B,2025-08-31 14:18:00,2025-08-31 14:15:00,2197,1,1
2025326497,"BAT111, E171, E172",8/31/25 15:53,25-4054,E-171,8/31/25 15:50,9/5/25 16:06,B,2025-08-31 15:53:00,2025-08-31 15:50:00,2198,3,1
2025326555,E171,8/31/25 16:48,25-4055,E-171,8/31/25 16:42,9/5/25 16:52,B,2025-08-31 16:48:00,2025-08-31 16:42:00,2199,1,1
2025326922,LDR175,8/31/25 23:03,25-4056,L-175,8/31/25 22:58,9/4/25 23:05,B,2025-08-31 23:03:00,2025-08-31 22:58:00,2200,1,1
